{
  "hw": "mi355x",
  "tp": 8,
  "conc": 4,
  "model": "amd/DeepSeek-R1-0528-MXFP4-Preview",
  "framework": "sglang",
  "precision": "fp4",
  "tput_per_gpu": 72.08449540760758,
  "mean_ttft": 0.33765810320619494,
  "median_ttft": 0.18794539850205183,
  "std_ttft": 0.30873297997640503,
  "p99_ttft": 1.3430481009883806,
  "mean_tpot": 0.013160120134053276,
  "mean_intvty": 75.98714827932221,
  "median_tpot": 0.013076638662410236,
  "median_intvty": 76.47225145668159,
  "std_tpot": 0.0004186014792775891,
  "std_intvty": 2388.90699030919,
  "p99_tpot": 0.014246265049990894,
  "p99_intvty": 70.19383652423616,
  "mean_itl": 0.013168131640347708,
  "median_itl": 0.012481936952099204,
  "std_itl": 0.015287519376772404,
  "p99_itl": 0.01280818753875792,
  "mean_e2el": 12.409213366702897,
  "median_e2el": 12.384077200549655,
  "std_e2el": 1.095797834023139,
  "p99_e2el": 15.276519088707865
}