{
  "hw": "mi355x",
  "tp": 8,
  "conc": 4,
  "model": "amd/DeepSeek-R1-0528-MXFP4-Preview",
  "framework": "sglang",
  "precision": "fp4",
  "tput_per_gpu": 42.3875101611562,
  "mean_ttft": 0.38601513591129333,
  "median_ttft": 0.19047403137665242,
  "std_ttft": 0.495454930749603,
  "p99_ttft": 1.9820275169750676,
  "mean_tpot": 0.013035448335171684,
  "mean_intvty": 76.71389385985623,
  "median_tpot": 0.01306312707355468,
  "median_intvty": 76.55134902763251,
  "std_tpot": 7.92339979708725e-05,
  "std_intvty": 12620.844910130794,
  "p99_tpot": 0.01316999305230161,
  "p99_intvty": 75.93018432346389,
  "mean_itl": 0.013036635881134385,
  "median_itl": 0.012983947992324829,
  "std_itl": 0.004536228817133068,
  "p99_itl": 0.013447998666670173,
  "mean_e2el": 95.04567988163326,
  "median_e2el": 94.04138942051213,
  "std_e2el": 6.169522459260437,
  "p99_e2el": 106.36995716572274
}