{
  "hw": "mi355x",
  "tp": 4,
  "conc": 4,
  "model": "amd/DeepSeek-R1-0528-MXFP4-Preview",
  "framework": "sglang",
  "precision": "fp4",
  "tput_per_gpu": 122.63191446094154,
  "mean_ttft": 0.46943240165128375,
  "median_ttft": 0.20184241642709821,
  "std_ttft": 0.7808594080684998,
  "p99_ttft": 2.9706603918690235,
  "mean_tpot": 0.015408661225763055,
  "mean_intvty": 64.89856486220975,
  "median_tpot": 0.015406732472104882,
  "median_intvty": 64.90668944960132,
  "std_tpot": 0.0003846635723140585,
  "std_intvty": 2599.6742919642784,
  "p99_tpot": 0.016423353032356168,
  "p99_intvty": 60.88890606137908,
  "mean_itl": 0.015412863868888167,
  "median_itl": 0.014912704937160015,
  "std_itl": 0.012907023479483876,
  "p99_itl": 0.015494821909815073,
  "mean_e2el": 14.598789773369209,
  "median_e2el": 14.598873995011672,
  "std_e2el": 1.3219681725083663,
  "p99_e2el": 18.388541516470724
}