{
  "hw": "mi300x",
  "tp": 1,
  "conc": 8,
  "model": "openai/gpt-oss-120b",
  "framework": "vllm",
  "precision": "fp4",
  "tput_per_gpu": 1391.5688281965956,
  "mean_ttft": 0.2704847352375509,
  "median_ttft": 0.09163661045022309,
  "std_ttft": 0.5635179675012734,
  "p99_ttft": 2.089121771187056,
  "mean_tpot": 0.010978756043389656,
  "mean_intvty": 91.08500052718662,
  "median_tpot": 0.011003996160210222,
  "median_intvty": 90.87607678526268,
  "std_tpot": 0.0005007496640290857,
  "std_intvty": 1997.005833122068,
  "p99_tpot": 0.012014372570518817,
  "p99_intvty": 83.23364321611155,
  "mean_itl": 0.011714217677818738,
  "median_itl": 0.010698163881897926,
  "std_itl": 0.010407676579896018,
  "p99_itl": 0.030862754909321666,
  "mean_e2el": 10.46200035349175,
  "median_e2el": 10.283557894057594,
  "std_e2el": 1.0805046999919319,
  "p99_e2el": 13.235396550090515
}