{
  "hw": "gb200",
  "tp": 72,
  "conc": 2048,
  "model": "deepseek-ai/DeepSeek-R1",
  "framework": "dynamo-sglang",
  "precision": "fp8",
  "tput_per_gpu": 1878.9113969683995,
  "mtp": "off",
  "mean_ttft": 65.52663213967206,
  "median_ttft": 64.69729946594452,
  "std_ttft": 26.91929235594399,
  "p99_ttft": 139.50845854691227,
  "mean_tpot": 0.03217294494846349,
  "mean_intvty": 31.082016321535335,
  "median_tpot": 0.03217353182495572,
  "median_intvty": 31.081449355346813,
  "std_tpot": 0.0005793550922508204,
  "std_intvty": 1726.0571510901118,
  "p99_tpot": 0.033367320342254245,
  "p99_intvty": 29.969442848356742,
  "mean_itl": 1.5228151386539157,
  "median_itl": 1.5577985490090214,
  "std_itl": 0.2034800963935463,
  "p99_itl": 1.6679383657209108,
  "mean_e2el": 94.31608432962135,
  "median_e2el": 93.35880101699149,
  "std_e2el": 26.969060097671466,
  "p99_e2el": 167.77124403791032
}