{
  "hw": "h100",
  "tp": 2,
  "conc": 32,
  "model": "openai/gpt-oss-120b",
  "framework": "vllm",
  "precision": "fp4",
  "tput_per_gpu": 7420.186884556081,
  "mean_ttft": 0.5553013099881354,
  "median_ttft": 0.23512865649536252,
  "std_ttft": 1.0448162800332277,
  "p99_ttft": 5.61080124848988,
  "mean_tpot": 0.018304296205747927,
  "mean_intvty": 54.63198304701709,
  "median_tpot": 0.018666774638233196,
  "median_intvty": 53.57111870584246,
  "std_tpot": 0.0017998646890309317,
  "std_intvty": 555.597321339979,
  "p99_tpot": 0.021457876547418167,
  "p99_intvty": 46.60293378937913,
  "mean_itl": 0.0183361572013504,
  "median_itl": 0.012470781337469816,
  "std_itl": 0.03277844293920609,
  "p99_itl": 0.20788903960958108,
  "mean_e2el": 17.50610440979508,
  "median_e2el": 17.45724055217579,
  "std_e2el": 2.3125668214689905,
  "p99_e2el": 23.41848909886554
}