{
  "hw": "gb200",
  "tp": 72,
  "conc": 4864,
  "model": "deepseek-ai/DeepSeek-R1",
  "framework": "dynamo-sglang",
  "precision": "fp8",
  "tput_per_gpu": 3335.695283028642,
  "mtp": "off",
  "mean_ttft": 5.326083586044007,
  "median_ttft": 1.3408600634720642,
  "std_ttft": 8.35402805725471,
  "p99_ttft": 35.648862798635385,
  "mean_tpot": 0.032103798889399675,
  "mean_intvty": 31.14896163675474,
  "median_tpot": 0.032696809710963864,
  "median_intvty": 30.584023604745788,
  "std_tpot": 0.0019914612107071014,
  "std_intvty": 502.1438502660734,
  "p99_tpot": 0.03494855588126811,
  "p99_intvty": 28.61348558713937,
  "mean_itl": 1.5194936863853004,
  "median_itl": 1.5636087090242654,
  "std_itl": 0.2935738762637451,
  "p99_itl": 2.2274561011116014,
  "mean_e2el": 34.06944330329338,
  "median_e2el": 31.61535925749922,
  "std_e2el": 8.250677480808996,
  "p99_e2el": 64.69894574219711
}