{
  "hw": "gb200",
  "tp": 72,
  "conc": 128,
  "model": "deepseek-ai/DeepSeek-R1",
  "framework": "dynamo-sglang",
  "precision": "fp8",
  "tput_per_gpu": 401.80313195607755,
  "mtp": "off",
  "mean_ttft": 4.106899409079713,
  "median_ttft": 0.8564693549997173,
  "std_ttft": 6.097128058322739,
  "p99_ttft": 23.120154006981757,
  "mean_tpot": 0.03257697482221765,
  "mean_intvty": 30.696527392653884,
  "median_tpot": 0.03257346279620833,
  "median_intvty": 30.69983705006652,
  "std_tpot": 0.0005632961137650697,
  "std_intvty": 1775.265221192461,
  "p99_tpot": 0.03361806162022164,
  "p99_intvty": 29.74591489827268,
  "mean_itl": 1.5420003823417567,
  "median_itl": 1.5729394645022694,
  "std_itl": 0.20764561177421068,
  "p99_itl": 1.674673883919604,
  "mean_e2el": 33.280017265390455,
  "median_e2el": 31.095368287002202,
  "std_e2el": 6.553613006993155,
  "p99_e2el": 53.4351935204398
}