{
  "hw": "b200",
  "tp": 1,
  "conc": 16,
  "model": "nvidia/Llama-3.3-70B-Instruct-FP8",
  "framework": "vllm",
  "precision": "fp8",
  "tput_per_gpu": 952.0413134107407,
  "mean_ttft": 0.2014766519117984,
  "median_ttft": 0.12808259500889108,
  "std_ttft": 0.23134104062435887,
  "p99_ttft": 1.062181101879105,
  "mean_tpot": 0.01833118799579743,
  "mean_intvty": 54.55183811487057,
  "median_tpot": 0.018351214909477994,
  "median_intvty": 54.49230500175344,
  "std_tpot": 0.00022599946064777218,
  "std_intvty": 4424.789320884857,
  "p99_tpot": 0.01870363852149845,
  "p99_intvty": 53.46553286145762,
  "mean_itl": 0.01833331920445061,
  "median_itl": 0.01831801951630041,
  "std_itl": 0.005670937227465046,
  "p99_itl": 0.01951073857373558,
  "mean_e2el": 135.44041362774078,
  "median_e2el": 136.4554039950599,
  "std_e2el": 9.24646780685353,
  "p99_e2el": 151.79479043033322
}