{
  "hw": "h200-trt",
  "tp": 4,
  "conc": 4,
  "model": "nvidia/Llama-3.3-70B-Instruct-FP8",
  "framework": "trt",
  "precision": "fp8",
  "tput_per_gpu": 136.58787615872893,
  "mean_ttft": 0.08425359932007268,
  "median_ttft": 0.06629777140915394,
  "std_ttft": 0.05576533340228909,
  "p99_ttft": 0.2706680517923087,
  "mean_tpot": 0.00810917917902683,
  "mean_intvty": 123.31704330647291,
  "median_tpot": 0.008109606016271156,
  "median_intvty": 123.31055269437192,
  "std_tpot": 2.2623457220026888e-05,
  "std_intvty": 44201.90911912319,
  "p99_tpot": 0.008156357404208578,
  "p99_intvty": 122.60374949778594,
  "mean_itl": 0.08103441229083494,
  "median_itl": 0.08105462160892785,
  "std_itl": 0.0031735565424792084,
  "p99_itl": 0.0830416073091328,
  "mean_e2el": 58.96790903878864,
  "median_e2el": 58.45334603288211,
  "std_e2el": 3.7270657203630555,
  "p99_e2el": 65.97752575222403
}