{
  "hw": "gb200",
  "tp": 72,
  "conc": 2048,
  "model": "deepseek-ai/DeepSeek-R1",
  "framework": "dynamo-sglang",
  "precision": "fp8",
  "tput_per_gpu": 1839.6521131278444,
  "mtp": "off",
  "mean_ttft": 2.6016978758197182,
  "median_ttft": 0.9104298625024967,
  "std_ttft": 3.2261285523695165,
  "p99_ttft": 12.826802825425984,
  "mean_tpot": 0.02523523488078918,
  "mean_intvty": 39.62713264703035,
  "median_tpot": 0.02524425248875234,
  "median_intvty": 39.61297726861009,
  "std_tpot": 0.0005844354144594575,
  "std_intvty": 1711.053052671178,
  "p99_tpot": 0.026427785531538392,
  "p99_intvty": 37.8389630416298,
  "mean_itl": 1.1944620988906143,
  "median_itl": 1.2177149090275634,
  "std_itl": 0.16396032786342749,
  "p99_itl": 1.3602502579783322,
  "mean_e2el": 25.183097061095374,
  "median_e2el": 24.47944148950046,
  "std_e2el": 3.4834020074029173,
  "p99_e2el": 35.63170247783774
}