{
  "hw": "mi325x",
  "tp": 4,
  "conc": 64,
  "model": "openai/gpt-oss-120b",
  "framework": "vllm",
  "precision": "fp4",
  "tput_per_gpu": 7358.532044882259,
  "mean_ttft": 0.8055742557447957,
  "median_ttft": 0.27651578292716295,
  "std_ttft": 1.6731325900919616,
  "p99_ttft": 8.379555839535316,
  "mean_tpot": 0.018389384764757717,
  "mean_intvty": 54.37919825988127,
  "median_tpot": 0.018697602405201207,
  "median_intvty": 53.48279305168159,
  "std_tpot": 0.0020715729472997437,
  "std_intvty": 482.72497538813735,
  "p99_tpot": 0.023074710566016718,
  "p99_intvty": 43.33748833550918,
  "mean_itl": 0.018445097932383844,
  "median_itl": 0.010793740162625909,
  "std_itl": 0.03143687746388099,
  "p99_itl": 0.13582946944516153,
  "mean_e2el": 17.772844814560813,
  "median_e2el": 17.6301198664587,
  "std_e2el": 3.1127000997183703,
  "p99_e2el": 28.00849099580199
}