{
  "hw": "b200-trt",
  "tp": 1,
  "conc": 4,
  "model": "nvidia/Llama-3.3-70B-Instruct-FP8",
  "framework": "trt",
  "precision": "fp8",
  "tput_per_gpu": 2043.3198061977766,
  "mean_ttft": 0.5886178669985384,
  "median_ttft": 0.5047864150255919,
  "std_ttft": 0.2930237493885501,
  "p99_ttft": 1.7171591898659242,
  "mean_tpot": 0.016549216697407273,
  "mean_intvty": 60.42582064664532,
  "median_tpot": 0.016658792607466444,
  "median_intvty": 60.02836001162542,
  "std_tpot": 0.00046872605537181465,
  "std_intvty": 2133.4423135636334,
  "p99_tpot": 0.01755618776479376,
  "p99_intvty": 56.9599740785039,
  "mean_itl": 0.16446180733480817,
  "median_itl": 0.15145180746912956,
  "std_itl": 0.07965042556054702,
  "p99_itl": 0.6107746819825842,
  "mean_e2el": 15.801334836735624,
  "median_e2el": 15.604472369072028,
  "std_e2el": 1.1655277397090318,
  "p99_e2el": 18.39813954021083
}