{
  "hw": "mi325x",
  "tp": 2,
  "conc": 64,
  "model": "openai/gpt-oss-120b",
  "framework": "vllm",
  "precision": "fp4",
  "tput_per_gpu": 9908.345789819507,
  "mean_ttft": 1.2685608746694925,
  "median_ttft": 0.4706936824368313,
  "std_ttft": 2.675595559856491,
  "p99_ttft": 13.719845492586032,
  "mean_tpot": 0.02736622828237738,
  "mean_intvty": 36.54138925107027,
  "median_tpot": 0.028112690636405896,
  "median_intvty": 35.571123836328965,
  "std_tpot": 0.0035992447650786716,
  "std_intvty": 277.83606430504653,
  "p99_tpot": 0.03510114037092411,
  "p99_intvty": 28.48910290186316,
  "mean_itl": 0.02745857985581495,
  "median_itl": 0.01377661107107997,
  "std_itl": 0.05357768738068296,
  "p99_itl": 0.2397986106574536,
  "mean_e2el": 26.524490340960256,
  "median_e2el": 26.524393165134825,
  "std_e2el": 4.906928227762948,
  "p99_e2el": 41.76062179191737
}