{
  "hw": "h100",
  "tp": 4,
  "conc": 32,
  "model": "openai/gpt-oss-120b",
  "framework": "vllm",
  "precision": "fp4",
  "tput_per_gpu": 5479.377946401626,
  "mean_ttft": 0.36496259870473297,
  "median_ttft": 0.15837623458355665,
  "std_ttft": 0.6535433192688994,
  "p99_ttft": 3.5134311029966923,
  "mean_tpot": 0.012367896524861102,
  "mean_intvty": 80.85449275791305,
  "median_tpot": 0.012609389106077576,
  "median_intvty": 79.30598315171446,
  "std_tpot": 0.0010732378520973522,
  "std_intvty": 931.759905826813,
  "p99_tpot": 0.014195920731643233,
  "p99_intvty": 70.44277147666534,
  "mean_itl": 0.012387637604303432,
  "median_itl": 0.008703920990228653,
  "std_itl": 0.020312848978195054,
  "p99_itl": 0.1299349701683968,
  "mean_e2el": 11.816675340288203,
  "median_e2el": 11.785637605935335,
  "std_e2el": 1.4496047150505729,
  "p99_e2el": 15.598751393677666
}