{
  "hw": "mi300x",
  "tp": 2,
  "conc": 16,
  "model": "openai/gpt-oss-120b",
  "framework": "vllm",
  "precision": "fp4",
  "tput_per_gpu": 1433.6926319632607,
  "mean_ttft": 0.2777765604376327,
  "median_ttft": 0.07822676748037338,
  "std_ttft": 0.6414617448652556,
  "p99_ttft": 3.0937183894310145,
  "mean_tpot": 0.010715231721570767,
  "mean_intvty": 93.32509328630815,
  "median_tpot": 0.010631724355888356,
  "median_intvty": 94.05811950402499,
  "std_tpot": 0.0007627594167142894,
  "std_intvty": 1311.0293732034972,
  "p99_tpot": 0.0135424839543738,
  "p99_intvty": 73.84169723731009,
  "mean_itl": 0.010714636133981707,
  "median_itl": 0.009912037290632725,
  "std_itl": 0.01894659003081487,
  "p99_itl": 0.04653354208916424,
  "mean_e2el": 10.080530049331719,
  "median_e2el": 9.91408608108759,
  "std_e2el": 1.2705908377378317,
  "p99_e2el": 14.687070796033368
}