{
  "hw": "h100",
  "tp": 8,
  "conc": 32,
  "model": "openai/gpt-oss-120b",
  "framework": "vllm",
  "precision": "fp4",
  "tput_per_gpu": 3528.82775418405,
  "mean_ttft": 0.26890231174911605,
  "median_ttft": 0.12191502237692475,
  "std_ttft": 0.4642616286123741,
  "p99_ttft": 2.501171200089157,
  "mean_tpot": 0.009594011156162435,
  "mean_intvty": 104.2316903454588,
  "median_tpot": 0.00978048047915681,
  "median_intvty": 102.24446560995656,
  "std_tpot": 0.000763317603072301,
  "std_intvty": 1310.0706651793023,
  "p99_tpot": 0.01089738747307113,
  "p99_intvty": 91.7651136541791,
  "mean_itl": 0.009611055058724852,
  "median_itl": 0.007018371485173702,
  "std_itl": 0.014298220729274247,
  "p99_itl": 0.09246404009871187,
  "mean_e2el": 9.15101878639689,
  "median_e2el": 9.112592558376491,
  "std_e2el": 1.0813718495528193,
  "p99_e2el": 11.971364634046331
}