{
  "hw": "gb200",
  "tp": 36,
  "conc": 32,
  "model": "/mnt/lustre01/models/deepseek-r1-0528-fp4-v2",
  "framework": "dynamo-trtllm",
  "precision": "fp4",
  "tput_per_gpu": 196.3767184033363,
  "mtp": "off",
  "mean_ttft": 0.24743218649973642,
  "median_ttft": 0.20894917196710594,
  "std_ttft": 0.12067792416898974,
  "p99_ttft": 0.6434252112259855,
  "mean_tpot": 0.008442131045675887,
  "mean_intvty": 118.45350357504888,
  "median_tpot": 0.008419437918669344,
  "median_intvty": 118.77277434192968,
  "std_tpot": 0.00012461489620039503,
  "std_intvty": 8024.722809959135,
  "p99_tpot": 0.008676558049150358,
  "p99_intvty": 115.25307550935176,
  "mean_itl": 0.16698476112142033,
  "median_itl": 0.16793744103051722,
  "std_itl": 0.01447866625602897,
  "p99_itl": 0.18773496877634896,
  "mean_e2el": 7.985479831872453,
  "median_e2el": 7.956352543493267,
  "std_e2el": 0.5274490554118042,
  "p99_e2el": 8.984691217989893
}