{
  "hw": "mi300x",
  "tp": 4,
  "conc": 32,
  "model": "openai/gpt-oss-120b",
  "framework": "vllm",
  "precision": "fp4",
  "tput_per_gpu": 1507.1488702820325,
  "mean_ttft": 0.21320767097495263,
  "median_ttft": 0.05884967907331884,
  "std_ttft": 0.4201490422968164,
  "p99_ttft": 2.430687637301165,
  "mean_tpot": 0.010148667764754643,
  "mean_intvty": 98.53510068315614,
  "median_tpot": 0.010009941113614031,
  "median_intvty": 99.90068759145335,
  "std_tpot": 0.001117947129330123,
  "std_intvty": 894.4966839345996,
  "p99_tpot": 0.014056564477436424,
  "p99_intvty": 71.14113847698692,
  "mean_itl": 0.010157963347763919,
  "median_itl": 0.008901469875127077,
  "std_itl": 0.02206133206299605,
  "p99_itl": 0.03179067093878985,
  "mean_e2el": 9.585865082085366,
  "median_e2el": 9.306119363056496,
  "std_e2el": 1.5518636013225953,
  "p99_e2el": 15.385904161059297
}