{
  "hw": "gb200",
  "tp": 36,
  "conc": 4,
  "model": "/mnt/lustre01/models/deepseek-r1-0528-fp4-v2",
  "framework": "dynamo-trtllm",
  "precision": "fp4",
  "tput_per_gpu": 32.79146673171979,
  "mtp": "off",
  "mean_ttft": 0.21112038399769517,
  "median_ttft": 0.13034723946475424,
  "std_ttft": 0.18566459820552378,
  "p99_ttft": 0.7602109487546841,
  "mean_tpot": 0.006337424657141894,
  "mean_intvty": 157.7928029287197,
  "median_tpot": 0.006238527346119684,
  "median_intvty": 160.29424005362299,
  "std_tpot": 0.00020700956603266255,
  "std_intvty": 4830.694634866377,
  "p99_tpot": 0.006949844757164102,
  "p99_intvty": 143.8881061291579,
  "mean_itl": 0.12501976672182902,
  "median_itl": 0.124411755008623,
  "std_itl": 0.02312503440220244,
  "p99_itl": 0.13495787657157052,
  "mean_e2el": 6.094862997342716,
  "median_e2el": 6.078776227979688,
  "std_e2el": 0.43634386997474084,
  "p99_e2el": 7.017250069460133
}