{
  "hw": "gb200",
  "tp": 72,
  "conc": 384,
  "model": "deepseek-ai/DeepSeek-R1",
  "framework": "dynamo-sglang",
  "precision": "fp8",
  "tput_per_gpu": 1158.3349357394823,
  "mtp": "off",
  "mean_ttft": 5.846661176155531,
  "median_ttft": 1.2644947305088863,
  "std_ttft": 7.842750518411117,
  "p99_ttft": 32.259258821648515,
  "mean_tpot": 0.032031184796520625,
  "mean_intvty": 31.219575746340315,
  "median_tpot": 0.032012736821650636,
  "median_intvty": 31.237566646400783,
  "std_tpot": 0.0005714625013430259,
  "std_intvty": 1749.8960958065388,
  "p99_tpot": 0.03332833975512904,
  "p99_intvty": 30.004494893751964,
  "mean_itl": 1.5160392206092501,
  "median_itl": 1.5500567750423215,
  "std_itl": 0.20367568266058877,
  "p99_itl": 1.6773677515331655,
  "mean_e2el": 34.49081592998246,
  "median_e2el": 31.442777568503516,
  "std_e2el": 8.077174403869334,
  "p99_e2el": 60.78131006214063
}