{
  "hw": "gb200",
  "tp": 36,
  "conc": 4,
  "model": "/mnt/lustre01/models/deepseek-r1-0528-fp4-v2",
  "framework": "dynamo-trtllm",
  "precision": "fp4",
  "tput_per_gpu": 53.13444284060942,
  "mtp": "on",
  "mean_ttft": 0.26962598312638875,
  "median_ttft": 0.18138635501964018,
  "std_ttft": 0.23201411241762432,
  "p99_ttft": 1.0281083088117884,
  "mean_tpot": 0.003742004255658141,
  "mean_intvty": 267.2364678602218,
  "median_tpot": 0.003724708290053491,
  "median_intvty": 268.47740067870893,
  "std_tpot": 0.0003049001624606413,
  "std_intvty": 3279.762109438322,
  "p99_tpot": 0.004328825297662601,
  "p99_intvty": 231.00955368653052,
  "mean_itl": 0.16948054118008102,
  "median_itl": 0.1665178284747526,
  "std_itl": 0.02422342568894283,
  "p99_itl": 0.21179313780157827,
  "mean_e2el": 3.7439769503162097,
  "median_e2el": 3.7552034690161236,
  "std_e2el": 0.4002247773452435,
  "p99_e2el": 4.595589939722559
}