{
  "hw": "b200-trt",
  "tp": 8,
  "conc": 4,
  "model": "nvidia/Llama-3.3-70B-Instruct-FP8",
  "framework": "trt",
  "precision": "fp8",
  "tput_per_gpu": 95.44420563850693,
  "mean_ttft": 0.05803374489187263,
  "median_ttft": 0.05052670498844236,
  "std_ttft": 0.02469470690192432,
  "p99_ttft": 0.14084271069732496,
  "mean_tpot": 0.005801706855613051,
  "mean_intvty": 172.36306915998648,
  "median_tpot": 0.005808215421070532,
  "median_intvty": 172.16992268783423,
  "std_tpot": 2.350442311055455e-05,
  "std_intvty": 42545.183742499714,
  "p99_tpot": 0.005840008203983396,
  "p99_intvty": 171.2326361661466,
  "mean_itl": 0.05797559435908685,
  "median_itl": 0.058029511012136936,
  "std_itl": 0.002274830251112135,
  "p99_itl": 0.05970909096649848,
  "mean_e2el": 42.18599921468122,
  "median_e2el": 41.645537636533845,
  "std_e2el": 2.6615189185877735,
  "p99_e2el": 47.21790516216774
}