{
  "hw": "gb200",
  "tp": 36,
  "conc": 16,
  "model": "/mnt/lustre01/models/deepseek-r1-0528-fp4-v2",
  "framework": "dynamo-trtllm",
  "precision": "fp4",
  "tput_per_gpu": 165.73290726888885,
  "mtp": "on",
  "mean_ttft": 0.3995465011385022,
  "median_ttft": 0.19949669850757346,
  "std_ttft": 0.5445900409607434,
  "p99_ttft": 1.9516269541607472,
  "mean_tpot": 0.004662816714379358,
  "mean_intvty": 214.4626437741301,
  "median_tpot": 0.00468699439352781,
  "median_intvty": 213.3563465279333,
  "std_tpot": 0.00038358048430489134,
  "std_intvty": 2607.0148011105375,
  "p99_tpot": 0.005356279152770385,
  "p99_intvty": 186.69676681858115,
  "mean_itl": 0.21083597185688224,
  "median_itl": 0.21559625800000504,
  "std_itl": 0.02749585341799018,
  "p99_itl": 0.24227117114351132,
  "mean_e2el": 4.67556344310924,
  "median_e2el": 4.519203598989407,
  "std_e2el": 0.7178797317703263,
  "p99_e2el": 6.619539796840982
}