{
  "hw": "mi300x",
  "tp": 2,
  "conc": 16,
  "model": "amd/Llama-3.3-70B-Instruct-FP8-KV",
  "framework": "vllm",
  "precision": "fp8",
  "tput_per_gpu": 399.8262036064399,
  "mean_ttft": 0.370936006779084,
  "median_ttft": 0.20790015906095505,
  "std_ttft": 0.5145950349193085,
  "p99_ttft": 2.0210492216423153,
  "mean_tpot": 0.021858051196545,
  "mean_intvty": 45.74973271899305,
  "median_tpot": 0.021942202288250372,
  "median_intvty": 45.57427676872165,
  "std_tpot": 0.00023900230812762252,
  "std_intvty": 4184.060011110938,
  "p99_tpot": 0.022105286477126257,
  "p99_intvty": 45.238047515681984,
  "mean_itl": 0.021859213802362557,
  "median_itl": 0.02171126054599881,
  "std_itl": 0.006238135603726341,
  "p99_itl": 0.02291622320190072,
  "mean_e2el": 161.62580958089092,
  "median_e2el": 162.58468290464953,
  "std_e2el": 10.935515853742963,
  "p99_e2el": 179.5492332003917
}