{
  "hw": "gb200",
  "tp": 36,
  "conc": 8,
  "model": "/mnt/lustre01/models/deepseek-r1-0528-fp4-v2",
  "framework": "dynamo-trtllm",
  "precision": "fp4",
  "tput_per_gpu": 61.09083128078347,
  "mtp": "off",
  "mean_ttft": 0.20837263340672507,
  "median_ttft": 0.13770384798408486,
  "std_ttft": 0.18004958339193916,
  "p99_ttft": 0.7597235230560182,
  "mean_tpot": 0.006682416914472936,
  "mean_intvty": 149.64645468829946,
  "median_tpot": 0.006685971922269089,
  "median_intvty": 149.56688595554547,
  "std_tpot": 6.810740984639044e-05,
  "std_intvty": 14682.690213229389,
  "p99_tpot": 0.006816003303326182,
  "p99_intvty": 146.713543919793,
  "mean_itl": 0.13205514177127614,
  "median_itl": 0.13349751202622429,
  "std_itl": 0.011783705420436011,
  "p99_itl": 0.14871824398869649,
  "mean_e2el": 6.400520646527184,
  "median_e2el": 6.3948795965116005,
  "std_e2el": 0.4213963521838675,
  "p99_e2el": 7.418699785644422
}