{
  "hw": "gb200",
  "tp": 20,
  "conc": 512,
  "model": "/mnt/lustre01/models/deepseek-r1-0528-fp4-v2",
  "framework": "dynamo-trtllm",
  "precision": "fp4",
  "tput_per_gpu": 3791.2874320593014,
  "mtp": "on",
  "mean_ttft": 1.134615954278004,
  "median_ttft": 0.3216092064685654,
  "std_ttft": 2.0888993959718687,
  "p99_ttft": 9.383826852004859,
  "mean_tpot": 0.011457678376988396,
  "mean_intvty": 87.27771605183126,
  "median_tpot": 0.011599783416115705,
  "median_intvty": 86.20850615285532,
  "std_tpot": 0.0010477885513639632,
  "std_intvty": 954.3910350024781,
  "p99_tpot": 0.013369825044794848,
  "p99_intvty": 74.7952943774175,
  "mean_itl": 0.5249491919664367,
  "median_itl": 0.5388311139540747,
  "std_itl": 0.07104602789072306,
  "p99_itl": 0.5592946249502708,
  "mean_e2el": 11.679097001133215,
  "median_e2el": 11.223614390997682,
  "std_e2el": 2.3869802204413517,
  "p99_e2el": 20.447672588686697
}