{
  "hw": "gb200",
  "tp": 24,
  "conc": 2048,
  "model": "/mnt/lustre01/models/deepseek-r1-0528-fp4-v2",
  "framework": "dynamo-trtllm",
  "precision": "fp4",
  "tput_per_gpu": 6161.075879887713,
  "mtp": "off",
  "mean_ttft": 1.5180803933278106,
  "median_ttft": 0.42828368945629336,
  "std_ttft": 3.078463597347155,
  "p99_ttft": 14.498897682195539,
  "mean_tpot": 0.024568066407538246,
  "mean_intvty": 40.703243935109555,
  "median_tpot": 0.02427941517391788,
  "median_intvty": 41.187153514070154,
  "std_tpot": 0.0008082550274894868,
  "std_intvty": 1237.2332568175793,
  "p99_tpot": 0.02625099796753692,
  "p99_intvty": 38.09378985273786,
  "mean_itl": 0.4857437733538635,
  "median_itl": 0.479488653014414,
  "std_itl": 0.168176270263073,
  "p99_itl": 1.0528304259933066,
  "mean_e2el": 24.15245343167117,
  "median_e2el": 23.510095582983922,
  "std_e2el": 3.3390103973778147,
  "p99_e2el": 37.09185786178743
}