{
  "hw": "gb200",
  "tp": 12,
  "conc": 2252,
  "model": "/mnt/lustre01/models/deepseek-r1-0528-fp4-v2",
  "framework": "dynamo-trtllm",
  "precision": "fp4",
  "tput_per_gpu": 9565.613210645517,
  "mtp": "on",
  "mean_ttft": 5.4498251438273195,
  "median_ttft": 3.109254480979871,
  "std_ttft": 6.558513501713442,
  "p99_ttft": 33.58646226667038,
  "mean_tpot": 0.03152181432619733,
  "mean_intvty": 31.72406225262593,
  "median_tpot": 0.03194035864393886,
  "median_intvty": 31.308352268291273,
  "std_tpot": 0.0020298018356720094,
  "std_intvty": 492.65892976637724,
  "p99_tpot": 0.034376975918206175,
  "p99_intvty": 29.08923700500358,
  "mean_itl": 1.091530504055392,
  "median_itl": 1.121339600009378,
  "std_itl": 0.20898792403210428,
  "p99_itl": 1.681073392815888,
  "mean_e2el": 34.48680238225247,
  "median_e2el": 32.897291411994956,
  "std_e2el": 6.865824591610562,
  "p99_e2el": 62.77833237177691
}