{
  "hw": "h200-trt",
  "tp": 8,
  "conc": 16,
  "model": "nvidia/Llama-3.3-70B-Instruct-FP8",
  "framework": "trt",
  "precision": "fp8",
  "tput_per_gpu": 283.23775446904176,
  "mean_ttft": 0.1049168115365319,
  "median_ttft": 0.05711927288211882,
  "std_ttft": 0.14488044987855747,
  "p99_ttft": 0.5535923155955971,
  "mean_tpot": 0.007716468514678468,
  "mean_intvty": 129.59296057487617,
  "median_tpot": 0.007727625022267577,
  "median_intvty": 129.40586494795554,
  "std_tpot": 5.3650239366610676e-05,
  "std_intvty": 18639.245822682235,
  "p99_tpot": 0.007766152383606899,
  "p99_intvty": 128.76389112719954,
  "mean_itl": 0.07711159323414613,
  "median_itl": 0.07658562017604709,
  "std_itl": 0.005120903234728469,
  "p99_itl": 0.11016462434083221,
  "mean_e2el": 57.031104522419625,
  "median_e2el": 57.16877565905452,
  "std_e2el": 3.825803182221636,
  "p99_e2el": 63.32141039291862
}