{
  "hw": "gb200",
  "tp": 72,
  "conc": 1024,
  "model": "deepseek-ai/DeepSeek-R1",
  "framework": "dynamo-sglang",
  "precision": "fp8",
  "tput_per_gpu": 1731.060559862599,
  "mtp": "off",
  "mean_ttft": 24.881790624191503,
  "median_ttft": 23.301185045973398,
  "std_ttft": 11.21589402979115,
  "p99_ttft": 60.505949981330204,
  "mean_tpot": 0.03225907863162592,
  "mean_intvty": 30.999025465644493,
  "median_tpot": 0.03224815556997782,
  "median_intvty": 31.009525423245396,
  "std_tpot": 0.0005738156133912968,
  "std_intvty": 1742.7200945089642,
  "p99_tpot": 0.03345508256201283,
  "p99_intvty": 29.89082445533905,
  "mean_itl": 1.5269726155817758,
  "median_itl": 1.5612139440490864,
  "std_itl": 0.2075293572299727,
  "p99_itl": 1.6817101032880601,
  "mean_e2el": 53.779723797900395,
  "median_e2el": 52.55375234596431,
  "std_e2el": 11.398877107179098,
  "p99_e2el": 89.88324123711098
}