{
  "hw": "mi300x",
  "tp": 8,
  "conc": 4,
  "model": "deepseek-ai/DeepSeek-R1-0528",
  "framework": "sglang",
  "precision": "fp8",
  "tput_per_gpu": 43.3702382503083,
  "mean_ttft": 0.23022381476475856,
  "median_ttft": 0.14571696694474667,
  "std_ttft": 0.2540276986182819,
  "p99_ttft": 0.9927208509808406,
  "mean_tpot": 0.02218354630539427,
  "mean_intvty": 45.07845527641514,
  "median_tpot": 0.02221878511220656,
  "median_intvty": 45.00696122447396,
  "std_tpot": 0.00012854191441274092,
  "std_intvty": 7779.56361213865,
  "p99_tpot": 0.022337779671774534,
  "p99_intvty": 44.76720670960755,
  "mean_itl": 0.022184875074665274,
  "median_itl": 0.02188916690647602,
  "std_itl": 0.005337098187068462,
  "p99_itl": 0.022404580041766167,
  "mean_e2el": 20.56765319367987,
  "median_e2el": 20.680027562892064,
  "std_e2el": 1.4310034976730057,
  "p99_e2el": 23.310473392438144
}