{
  "hw": "h100",
  "tp": 4,
  "conc": 64,
  "model": "nvidia/Llama-3.3-70B-Instruct-FP8",
  "framework": "vllm",
  "precision": "fp8",
  "tput_per_gpu": 752.3325247196148,
  "mean_ttft": 0.2582309339035419,
  "median_ttft": 0.09676824696362019,
  "std_ttft": 0.5459517410845272,
  "p99_ttft": 2.8656927903695033,
  "mean_tpot": 0.02320025690055775,
  "mean_intvty": 43.102970983737656,
  "median_tpot": 0.023416381192036855,
  "median_intvty": 42.7051469566983,
  "std_tpot": 0.0006523762728769262,
  "std_intvty": 1532.8577104591518,
  "p99_tpot": 0.023870733809131815,
  "p99_intvty": 41.892302431752114,
  "mean_itl": 0.023201367888183586,
  "median_itl": 0.02279081498272717,
  "std_itl": 0.005702161182436607,
  "p99_itl": 0.028109416551887992,
  "mean_e2el": 171.6041753963691,
  "median_e2el": 170.92083069263026,
  "std_e2el": 12.011993723552616,
  "p99_e2el": 193.9282359719882
}