{
  "hw": "mi300x",
  "tp": 2,
  "conc": 4,
  "model": "openai/gpt-oss-120b",
  "framework": "vllm",
  "precision": "fp4",
  "tput_per_gpu": 571.2018830365681,
  "mean_ttft": 0.18504687226377428,
  "median_ttft": 0.06374621554277837,
  "std_ttft": 0.4272027672921859,
  "p99_ttft": 1.6857011769851669,
  "mean_tpot": 0.006648677098375919,
  "mean_intvty": 150.40586047475088,
  "median_tpot": 0.00666627482696952,
  "median_intvty": 150.0088169114082,
  "std_tpot": 0.00034088419638558017,
  "std_intvty": 2933.547552520981,
  "p99_tpot": 0.00776824272052133,
  "p99_intvty": 128.72924237528068,
  "mean_itl": 0.006645385638671182,
  "median_itl": 0.006547602824866772,
  "std_itl": 0.008657907587636222,
  "p99_itl": 0.006926641184836626,
  "mean_e2el": 6.2770378242945295,
  "median_e2el": 6.209818769013509,
  "std_e2el": 0.6470804297402885,
  "p99_e2el": 8.257443904634565
}