{
  "hw": "mi300x",
  "tp": 4,
  "conc": 8,
  "model": "openai/gpt-oss-120b",
  "framework": "vllm",
  "precision": "fp4",
  "tput_per_gpu": 650.9212051439521,
  "mean_ttft": 0.2189785913855303,
  "median_ttft": 0.04330680600833148,
  "std_ttft": 0.5365347040723372,
  "p99_ttft": 1.9461933730007148,
  "mean_tpot": 0.0057668895161412295,
  "mean_intvty": 173.40370353915245,
  "median_tpot": 0.005740650147008673,
  "median_intvty": 174.19629735162977,
  "std_tpot": 0.00029713684396411657,
  "std_intvty": 3365.45272090446,
  "p99_tpot": 0.006468651464819415,
  "p99_intvty": 154.59172679786928,
  "mean_itl": 0.006452278298340653,
  "median_itl": 0.0055710229789838195,
  "std_itl": 0.009213584487108817,
  "p99_itl": 0.016843201767187566,
  "mean_e2el": 5.5724337033490885,
  "median_e2el": 5.460987928556278,
  "std_e2el": 0.7488260054367573,
  "p99_e2el": 7.7597285192064
}