{
  "hw": "mi300x",
  "tp": 8,
  "conc": 64,
  "model": "amd/Llama-3.3-70B-Instruct-FP8-KV",
  "framework": "vllm",
  "precision": "fp8",
  "tput_per_gpu": 538.2634956424304,
  "mean_ttft": 0.4017386007035384,
  "median_ttft": 0.1458605641964823,
  "std_ttft": 0.7784989752330105,
  "p99_ttft": 2.7810011087963358,
  "mean_tpot": 0.016163827181279768,
  "mean_intvty": 61.86653623457172,
  "median_tpot": 0.01627958355223819,
  "median_intvty": 61.42663273855771,
  "std_tpot": 0.0003669112919665037,
  "std_intvty": 2725.454413355293,
  "p99_tpot": 0.01648996967932358,
  "p99_intvty": 60.6429253325965,
  "mean_itl": 0.01616682899629453,
  "median_itl": 0.015543842688202858,
  "std_itl": 0.00755440299750604,
  "p99_itl": 0.017130647110752774,
  "mean_e2el": 119.79644823123235,
  "median_e2el": 119.48997890157625,
  "std_e2el": 8.421250175201951,
  "p99_e2el": 134.44190380831714
}