{
  "hw": "mi300x",
  "tp": 8,
  "conc": 16,
  "model": "openai/gpt-oss-120b",
  "framework": "vllm",
  "precision": "fp4",
  "tput_per_gpu": 548.997719240374,
  "mean_ttft": 0.3159185557742603,
  "median_ttft": 0.04671935876831412,
  "std_ttft": 0.7760448054691833,
  "p99_ttft": 3.4603354984149335,
  "mean_tpot": 0.006843992862662884,
  "mean_intvty": 146.1135363620056,
  "median_tpot": 0.006706623906261441,
  "median_intvty": 149.10631846619276,
  "std_tpot": 0.0005542068084499361,
  "std_intvty": 1804.380575541656,
  "p99_tpot": 0.008619568527622589,
  "p99_intvty": 116.01508785449793,
  "mean_itl": 0.006843585451984339,
  "median_itl": 0.006258129142224789,
  "std_itl": 0.015712021615101712,
  "p99_itl": 0.023943536449223757,
  "mean_e2el": 6.577071966778021,
  "median_e2el": 6.3061908897943795,
  "std_e2el": 1.1765084671403279,
  "p99_e2el": 10.808969848444685
}