{
  "hw": "gb200",
  "tp": 72,
  "conc": 4096,
  "model": "deepseek-ai/DeepSeek-R1",
  "framework": "dynamo-sglang",
  "precision": "fp8",
  "tput_per_gpu": 3033.5338533307945,
  "mtp": "off",
  "mean_ttft": 4.07162483398464,
  "median_ttft": 0.9485427059989888,
  "std_ttft": 6.563834773374866,
  "p99_ttft": 27.480018051943617,
  "mean_tpot": 0.030533554720824436,
  "mean_intvty": 32.750854237026715,
  "median_tpot": 0.03090637510718726,
  "median_intvty": 32.35578409088326,
  "std_tpot": 0.0015027198382914675,
  "std_intvty": 665.4600375389734,
  "p99_tpot": 0.03280574375106953,
  "p99_intvty": 30.482466960298627,
  "mean_itl": 1.4452589300736922,
  "median_itl": 1.4907191199599765,
  "std_itl": 0.22670796737546525,
  "p99_itl": 1.7767213970236482,
  "mean_e2el": 31.408400985836824,
  "median_e2el": 29.46425825796905,
  "std_e2el": 6.744009354208609,
  "p99_e2el": 54.892604212177076
}