{
  "hw": "gb200",
  "tp": 72,
  "conc": 4608,
  "model": "deepseek-ai/DeepSeek-R1",
  "framework": "dynamo-sglang",
  "precision": "fp8",
  "tput_per_gpu": 3260.8357202442357,
  "mtp": "off",
  "mean_ttft": 4.500931080728924,
  "median_ttft": 1.2562920810014475,
  "std_ttft": 5.782081337705532,
  "p99_ttft": 22.44934239314229,
  "mean_tpot": 0.031404853596809605,
  "mean_intvty": 31.842211807081604,
  "median_tpot": 0.03175657977704438,
  "median_intvty": 31.48953719263124,
  "std_tpot": 0.0016720563572617242,
  "std_intvty": 598.065965693686,
  "p99_tpot": 0.0340815965633521,
  "p99_intvty": 29.341348435398675,
  "mean_itl": 1.4864322677863824,
  "median_itl": 1.5256255725107621,
  "std_itl": 0.2518752396412758,
  "p99_itl": 2.0306896123045606,
  "mean_e2el": 32.6210811162366,
  "median_e2el": 31.018759342521662,
  "std_e2el": 5.896401012685428,
  "p99_e2el": 51.6238913297141
}