{
  "hw": "h200",
  "tp": 2,
  "conc": 16,
  "model": "openai/gpt-oss-120b",
  "framework": "vllm",
  "precision": "fp4",
  "tput_per_gpu": 1857.5374943758222,
  "mean_ttft": 0.09006339512998238,
  "median_ttft": 0.0632765949703753,
  "std_ttft": 0.08062364308455168,
  "p99_ttft": 0.41379621484316886,
  "mean_tpot": 0.008404260937752855,
  "mean_intvty": 118.98726222408104,
  "median_tpot": 0.008474134316414361,
  "median_intvty": 118.00615409918679,
  "std_tpot": 0.000316758871963863,
  "std_intvty": 3156.975505690283,
  "p99_tpot": 0.008759856282974975,
  "p99_intvty": 114.15712400938905,
  "mean_itl": 0.008408738348522246,
  "median_itl": 0.007984953932464123,
  "std_itl": 0.003969957415524355,
  "p99_itl": 0.03712654742412269,
  "mean_e2el": 7.783165429867222,
  "median_e2el": 7.801750482060015,
  "std_e2el": 0.6311776149506071,
  "p99_e2el": 8.914910810887813
}