{
  "hw": "h200-trt",
  "tp": 8,
  "conc": 4,
  "model": "nvidia/Llama-3.3-70B-Instruct-FP8",
  "framework": "trt",
  "precision": "fp8",
  "tput_per_gpu": 86.4114496536697,
  "mean_ttft": 0.08088864316232502,
  "median_ttft": 0.05993085843510926,
  "std_ttft": 0.06352774589304404,
  "p99_ttft": 0.27939845955464987,
  "mean_tpot": 0.006407708043032073,
  "mean_intvty": 156.0620417291685,
  "median_tpot": 0.006419514327251728,
  "median_intvty": 155.775024249866,
  "std_tpot": 2.6646187673419637e-05,
  "std_intvty": 37528.82071747658,
  "p99_tpot": 0.006446472913262412,
  "p99_intvty": 155.1235867202183,
  "mean_itl": 0.06403092675235347,
  "median_itl": 0.06411901162937284,
  "std_itl": 0.0026251040720645714,
  "p99_itl": 0.06495566328521818,
  "mean_e2el": 46.60896136033116,
  "median_e2el": 46.04716377099976,
  "std_e2el": 2.9426630065363986,
  "p99_e2el": 52.16274342849385
}