{
  "hw": "mi300x",
  "tp": 8,
  "conc": 8,
  "model": "deepseek-ai/DeepSeek-R1-0528",
  "framework": "sglang",
  "precision": "fp8",
  "tput_per_gpu": 79.30556136063802,
  "mean_ttft": 0.24878906530793757,
  "median_ttft": 0.14321066020056605,
  "std_ttft": 0.31659273987060005,
  "p99_ttft": 1.2917645583767443,
  "mean_tpot": 0.02429558220609388,
  "mean_intvty": 41.15974630767141,
  "median_tpot": 0.024296818026211864,
  "median_intvty": 41.157652780754304,
  "std_tpot": 0.00029909480164602167,
  "std_intvty": 3343.421532225421,
  "p99_tpot": 0.024944677514898237,
  "p99_intvty": 40.08871228753103,
  "mean_itl": 0.024297621353583758,
  "median_itl": 0.023599762935191393,
  "std_itl": 0.00774579010905842,
  "p99_itl": 0.02994934944435965,
  "mean_e2el": 22.798803813243286,
  "median_e2el": 22.830061039421707,
  "std_e2el": 1.507451293488651,
  "p99_e2el": 25.47221938815899
}