{
  "hw": "gb200",
  "tp": 36,
  "conc": 64,
  "model": "/mnt/lustre01/models/deepseek-r1-0528-fp4-v2",
  "framework": "dynamo-trtllm",
  "precision": "fp4",
  "tput_per_gpu": 490.4457768319153,
  "mtp": "on",
  "mean_ttft": 0.3069977624504645,
  "median_ttft": 0.25098490802338347,
  "std_ttft": 0.2058970820677872,
  "p99_ttft": 1.1451449415081876,
  "mean_tpot": 0.0065748029661025385,
  "mean_intvty": 152.0958126282509,
  "median_tpot": 0.006668163777043569,
  "median_intvty": 149.9663225793421,
  "std_tpot": 0.000605884236381974,
  "std_intvty": 1650.4803062239755,
  "p99_tpot": 0.007612642052093572,
  "p99_intvty": 131.36043874872422,
  "mean_itl": 0.3006067547417999,
  "median_itl": 0.30442957949708216,
  "std_itl": 0.039406523862427045,
  "p99_itl": 0.35691989748505876,
  "mean_e2el": 6.380193505466423,
  "median_e2el": 6.4107538315001875,
  "std_e2el": 0.6679049029638932,
  "p99_e2el": 7.713967628371901
}