{
  "hw": "gb200",
  "tp": 20,
  "conc": 1075,
  "model": "/mnt/lustre01/models/deepseek-r1-0528-fp4-v2",
  "framework": "dynamo-trtllm",
  "precision": "fp4",
  "tput_per_gpu": 4444.047338166326,
  "mtp": "off",
  "mean_ttft": 1.9722516495547309,
  "median_ttft": 0.9834379379753955,
  "std_ttft": 3.0211946034719093,
  "p99_ttft": 14.621352102738456,
  "mean_tpot": 0.0204849153464889,
  "mean_intvty": 48.81640871273599,
  "median_tpot": 0.020253137061112335,
  "median_intvty": 49.375067031965195,
  "std_tpot": 0.0005088694352239401,
  "std_intvty": 1965.1406250405394,
  "p99_tpot": 0.021869880077908115,
  "p99_intvty": 45.72498781143987,
  "mean_itl": 0.40501882754740864,
  "median_itl": 0.4023704379796982,
  "std_itl": 0.12109623594590929,
  "p99_itl": 0.7890165941743199,
  "mean_e2el": 20.836474392593914,
  "median_e2el": 20.169585070514586,
  "std_e2el": 3.2097471648031473,
  "p99_e2el": 33.69900181967824
}