{
  "hw": "gb200",
  "tp": 12,
  "conc": 4300,
  "model": "/mnt/lustre01/models/deepseek-r1-0528-fp4-v2",
  "framework": "dynamo-trtllm",
  "precision": "fp4",
  "tput_per_gpu": 10218.458818545134,
  "mtp": "off",
  "mean_ttft": 13.510692085056402,
  "median_ttft": 9.605310825485503,
  "std_ttft": 10.130148854974115,
  "p99_ttft": 58.09573756109751,
  "mean_tpot": 0.05248401576461862,
  "mean_intvty": 19.05342008288429,
  "median_tpot": 0.05400475956412314,
  "median_intvty": 18.516886438733962,
  "std_tpot": 0.0038408494704928096,
  "std_intvty": 260.35907100303325,
  "p99_tpot": 0.055066120842299074,
  "p99_intvty": 18.159986298360234,
  "mean_itl": 1.0377016898153977,
  "median_itl": 1.0730839939787984,
  "std_itl": 0.31674172559440356,
  "p99_itl": 1.8919697905774229,
  "mean_e2el": 61.81483083438694,
  "median_e2el": 60.09104401798686,
  "std_e2el": 10.12624233896702,
  "p99_e2el": 105.00690530157358
}