{
  "hw": "b200",
  "tp": 2,
  "conc": 8,
  "model": "nvidia/Llama-3.3-70B-Instruct-FP8",
  "framework": "vllm",
  "precision": "fp8",
  "tput_per_gpu": 406.1527922963098,
  "mean_ttft": 0.11309015637089033,
  "median_ttft": 0.086574129993096,
  "std_ttft": 0.0800091549877919,
  "p99_ttft": 0.3712752370687667,
  "mean_tpot": 0.010749291642796635,
  "mean_intvty": 93.02938586377685,
  "median_tpot": 0.010759722897916834,
  "median_intvty": 92.93919643540335,
  "std_tpot": 4.204882858852199e-05,
  "std_intvty": 23781.875347485155,
  "p99_tpot": 0.010796290581812282,
  "p99_intvty": 92.62440580143577,
  "mean_itl": 0.010750101590179537,
  "median_itl": 0.010723393061198294,
  "std_itl": 0.00157190428268305,
  "p99_itl": 0.011091135238530114,
  "mean_e2el": 79.20158737809106,
  "median_e2el": 79.35208656347822,
  "std_e2el": 4.993445349679145,
  "p99_e2el": 88.118332965367
}