{
  "hw": "gb200",
  "tp": 24,
  "conc": 2150,
  "model": "/mnt/lustre01/models/deepseek-r1-0528-fp4-v2",
  "framework": "dynamo-trtllm",
  "precision": "fp4",
  "tput_per_gpu": 7809.1239339026615,
  "mtp": "on",
  "mean_ttft": 2.226596307204055,
  "median_ttft": 0.9982690920296591,
  "std_ttft": 3.681671633098893,
  "p99_ttft": 17.493122466047055,
  "mean_tpot": 0.019343772911843932,
  "mean_intvty": 51.69622309760023,
  "median_tpot": 0.019408713825949428,
  "median_intvty": 51.52324924606808,
  "std_tpot": 0.0011457251797992371,
  "std_intvty": 872.8096559553904,
  "p99_tpot": 0.021982210698924427,
  "p99_intvty": 45.49132995294824,
  "mean_itl": 0.672056652921106,
  "median_itl": 0.6760787579696625,
  "std_itl": 0.19301702230544623,
  "p99_itl": 1.2284398762672213,
  "mean_e2el": 20.047311475233656,
  "median_e2el": 19.074303350498667,
  "std_e2el": 4.088542744308006,
  "p99_e2el": 37.136213296677454
}