{
  "hw": "mi300x",
  "tp": 8,
  "conc": 32,
  "model": "amd/Llama-3.3-70B-Instruct-FP8-KV",
  "framework": "vllm",
  "precision": "fp8",
  "tput_per_gpu": 352.0997876365483,
  "mean_ttft": 0.2903418940528354,
  "median_ttft": 0.14151411456987262,
  "std_ttft": 0.44736615503880334,
  "p99_ttft": 1.6559318762202748,
  "mean_tpot": 0.012404459154045299,
  "mean_intvty": 80.61617097379724,
  "median_tpot": 0.012471736858108665,
  "median_intvty": 80.18129402320069,
  "std_tpot": 0.00019675189925819555,
  "std_intvty": 5082.543059407574,
  "p99_tpot": 0.012609668276883706,
  "p99_intvty": 79.30422736284187,
  "mean_itl": 0.01240685828496911,
  "median_itl": 0.012093893950805068,
  "std_itl": 0.00579570326048887,
  "p99_itl": 0.01318122805096209,
  "mean_e2el": 92.28684699047517,
  "median_e2el": 92.74823352543171,
  "std_e2el": 6.070583113477337,
  "p99_e2el": 102.24267212111968
}