{
  "hw": "mi300x",
  "tp": 8,
  "conc": 16,
  "model": "deepseek-ai/DeepSeek-R1-0528",
  "framework": "sglang",
  "precision": "fp8",
  "tput_per_gpu": 140.52577338463107,
  "mean_ttft": 0.28413392121437936,
  "median_ttft": 0.14884960581548512,
  "std_ttft": 0.4041261493411062,
  "p99_ttft": 1.540366112710908,
  "mean_tpot": 0.027685363256408257,
  "mean_intvty": 36.12016901271948,
  "median_tpot": 0.02793421009520518,
  "median_intvty": 35.798399045178186,
  "std_tpot": 0.0007322378390313639,
  "std_intvty": 1365.6764874686667,
  "p99_tpot": 0.0285209587604069,
  "p99_intvty": 35.061934923036695,
  "mean_itl": 0.0276924180493927,
  "median_itl": 0.026311997789889574,
  "std_itl": 0.011783407538148155,
  "p99_itl": 0.1199260386545211,
  "mean_e2el": 25.619753951075836,
  "median_e2el": 25.55570306139998,
  "std_e2el": 1.909510111841742,
  "p99_e2el": 29.143663541893474
}