{
  "hw": "b200-trt",
  "tp": 1,
  "conc": 16,
  "model": "nvidia/Llama-3.3-70B-Instruct-FP8",
  "framework": "trt",
  "precision": "fp8",
  "tput_per_gpu": 5360.679647088889,
  "mean_ttft": 0.9613619424606441,
  "median_ttft": 0.5189434340572916,
  "std_ttft": 1.34714439335383,
  "p99_ttft": 7.250250295306323,
  "mean_tpot": 0.025134876293053932,
  "mean_intvty": 39.785355946882135,
  "median_tpot": 0.02545653013782578,
  "median_intvty": 39.28265142915542,
  "std_tpot": 0.001958702572847908,
  "std_intvty": 510.5420362755858,
  "p99_tpot": 0.02894553660489996,
  "p99_intvty": 34.54764075200174,
  "mean_itl": 0.25026511298908455,
  "median_itl": 0.1815450304420665,
  "std_itl": 0.22906310789337087,
  "p99_itl": 1.11027517520939,
  "mean_e2el": 23.97323891667911,
  "median_e2el": 23.95346539246384,
  "std_e2el": 2.730446574992351,
  "p99_e2el": 30.79058730819146
}