{
  "hw": "mi325x",
  "tp": 8,
  "conc": 16,
  "model": "deepseek-ai/DeepSeek-R1-0528",
  "framework": "sglang",
  "precision": "fp8",
  "tput_per_gpu": 527.9155844828604,
  "mean_ttft": 1.16448483990971,
  "median_ttft": 0.4950511174974963,
  "std_ttft": 1.9862011602478535,
  "p99_ttft": 7.336245450503193,
  "mean_tpot": 0.03180486707239279,
  "mean_intvty": 31.441728642469897,
  "median_tpot": 0.03231972466116095,
  "median_intvty": 30.940857649128223,
  "std_tpot": 0.001986183437707945,
  "std_intvty": 503.47816874054683,
  "p99_tpot": 0.03432565785568695,
  "p99_intvty": 29.13272643467556,
  "mean_itl": 0.03194815579966102,
  "median_itl": 0.025887925527058542,
  "std_itl": 0.041420985743395596,
  "p99_itl": 0.2700594726880081,
  "mean_e2el": 30.28403033603099,
  "median_e2el": 30.24603552208282,
  "std_e2el": 2.9337585486702724,
  "p99_e2el": 36.76467318609123
}