{
  "hw": "b200-trt",
  "tp": 4,
  "conc": 128,
  "model": "nvidia/Llama-3.3-70B-Instruct-FP8",
  "framework": "trt",
  "precision": "fp8",
  "tput_per_gpu": 6608.638599121265,
  "mean_ttft": 1.6902471249199151,
  "median_ttft": 0.44860453298315406,
  "std_ttft": 4.300628284525616,
  "p99_ttft": 22.370854437283718,
  "mean_tpot": 0.04137212861307488,
  "mean_intvty": 24.170861725591003,
  "median_tpot": 0.04273300727436809,
  "median_intvty": 23.401114589934686,
  "std_tpot": 0.0060590639348158,
  "std_intvty": 165.04199506031466,
  "p99_tpot": 0.051350897262102985,
  "p99_intvty": 19.473856413761265,
  "mean_itl": 0.41231658391915393,
  "median_itl": 0.17043232603464276,
  "std_itl": 0.40434995400453844,
  "p99_itl": 1.8407968834391795,
  "mean_e2el": 39.81149211507709,
  "median_e2el": 39.78464373899624,
  "std_e2el": 7.596814438903645,
  "p99_e2el": 62.16224770318019
}