{
  "hw": "gb200",
  "tp": 72,
  "conc": 4992,
  "model": "deepseek-ai/DeepSeek-R1",
  "framework": "dynamo-sglang",
  "precision": "fp8",
  "tput_per_gpu": 3497.566863012945,
  "mtp": "off",
  "mean_ttft": 3.7742002080568127,
  "median_ttft": 1.0805374384799507,
  "std_ttft": 5.860099358505745,
  "p99_ttft": 22.855403433183675,
  "mean_tpot": 0.03292365598547252,
  "mean_intvty": 30.37329755970137,
  "median_tpot": 0.0332730038592773,
  "median_intvty": 30.054394975257892,
  "std_tpot": 0.0016333731269590947,
  "std_intvty": 612.2299819280934,
  "p99_tpot": 0.03538343346057009,
  "p99_intvty": 28.261813572002865,
  "mean_itl": 1.5583014025207607,
  "median_itl": 1.5997178469842765,
  "std_itl": 0.2868329382067661,
  "p99_itl": 2.2881455834186637,
  "mean_e2el": 33.25394123865118,
  "median_e2el": 31.563758406991838,
  "std_e2el": 6.3541954664224125,
  "p99_e2el": 53.8930356432934
}