{
  "hw": "mi300x",
  "tp": 4,
  "conc": 16,
  "model": "openai/gpt-oss-120b",
  "framework": "vllm",
  "precision": "fp4",
  "tput_per_gpu": 979.0438139348096,
  "mean_ttft": 0.27815245745587164,
  "median_ttft": 0.05144467856734991,
  "std_ttft": 0.6142738499781614,
  "p99_ttft": 2.7945424272399397,
  "mean_tpot": 0.007754062018471406,
  "mean_intvty": 128.96466363279546,
  "median_tpot": 0.007574049404013018,
  "median_intvty": 132.02976989695398,
  "std_tpot": 0.0005202655585938181,
  "std_intvty": 1922.0953289754862,
  "p99_tpot": 0.009441624839795298,
  "p99_intvty": 105.91397317388865,
  "mean_itl": 0.007754797493183232,
  "median_itl": 0.007088109850883484,
  "std_itl": 0.013862494410563263,
  "p99_itl": 0.029594756737351395,
  "mean_e2el": 7.372968059720006,
  "median_e2el": 7.150457743089646,
  "std_e2el": 1.0612255033629214,
  "p99_e2el": 11.372543633952734
}