{
  "hw": "gb200",
  "tp": 36,
  "conc": 144,
  "model": "/mnt/lustre01/models/deepseek-r1-0528-fp4-v2",
  "framework": "dynamo-trtllm",
  "precision": "fp4",
  "tput_per_gpu": 866.4224092484893,
  "mtp": "on",
  "mean_ttft": 1.0319806279875996,
  "median_ttft": 0.7650395155069418,
  "std_ttft": 0.9660913022113321,
  "p99_ttft": 6.45300278425857,
  "mean_tpot": 0.0076869085802713545,
  "mean_intvty": 130.0913090818493,
  "median_tpot": 0.007764371499896398,
  "median_intvty": 128.79342520039688,
  "std_tpot": 0.0007055635323708164,
  "std_intvty": 1417.306810968285,
  "p99_tpot": 0.008982504854835809,
  "p99_intvty": 111.32752123831489,
  "mean_itl": 0.3505669032447489,
  "median_itl": 0.3606415269896388,
  "std_itl": 0.04527756117859245,
  "p99_itl": 0.36794515351881274,
  "mean_e2el": 8.085617888159454,
  "median_e2el": 7.978384690999519,
  "std_e2el": 1.23211733570884,
  "p99_e2el": 13.224214171287024
}