{
  "hw": "mi300x",
  "tp": 8,
  "conc": 64,
  "model": "deepseek-ai/DeepSeek-R1-0528",
  "framework": "sglang",
  "precision": "fp8",
  "tput_per_gpu": 367.1631059382107,
  "mean_ttft": 0.49817774384391666,
  "median_ttft": 0.1871546384645626,
  "std_ttft": 0.8745883485710177,
  "p99_ttft": 3.5879759642481805,
  "mean_tpot": 0.04185868155451753,
  "mean_intvty": 23.889906773522746,
  "median_tpot": 0.04284978625354497,
  "median_intvty": 23.33733928292979,
  "std_tpot": 0.002682381935330859,
  "std_intvty": 372.8029878327729,
  "p99_tpot": 0.04478004768402501,
  "p99_intvty": 22.33137416592666,
  "mean_itl": 0.04188872363919042,
  "median_itl": 0.03567399410530925,
  "std_itl": 0.02821394256949393,
  "p99_itl": 0.1544036527629942,
  "mean_e2el": 39.06990336413837,
  "median_e2el": 39.38932191289496,
  "std_e2el": 3.4808014841212644,
  "p99_e2el": 45.55384201682639
}