{
  "hw": "gb200",
  "tp": 72,
  "conc": 448,
  "model": "deepseek-ai/DeepSeek-R1",
  "framework": "dynamo-sglang",
  "precision": "fp8",
  "tput_per_gpu": 1322.1843678253354,
  "mtp": "off",
  "mean_ttft": 5.999614985918612,
  "median_ttft": 1.9079597190138884,
  "std_ttft": 7.44666848869844,
  "p99_ttft": 34.0548327934777,
  "mean_tpot": 0.03202808868979951,
  "mean_intvty": 31.222593695342354,
  "median_tpot": 0.03201519018354113,
  "median_intvty": 31.23517287472169,
  "std_tpot": 0.0005509326311509434,
  "std_intvty": 1815.103959100985,
  "p99_tpot": 0.03314245653166025,
  "p99_intvty": 30.172778503751594,
  "mean_itl": 1.516098126153317,
  "median_itl": 1.5516876159817912,
  "std_itl": 0.2037564585405905,
  "p99_itl": 1.66532013794058,
  "mean_e2el": 34.692219913155625,
  "median_e2el": 31.985297926003113,
  "std_e2el": 7.6626229823647085,
  "p99_e2el": 62.594164293889214
}