{
  "hw": "mi300x",
  "tp": 1,
  "conc": 16,
  "model": "openai/gpt-oss-120b",
  "framework": "vllm",
  "precision": "fp4",
  "tput_per_gpu": 2052.9724224634024,
  "mean_ttft": 0.40176197988621426,
  "median_ttft": 0.10122242651414126,
  "std_ttft": 0.8896540498168544,
  "p99_ttft": 3.881738036579918,
  "mean_tpot": 0.014973364151819346,
  "mean_intvty": 66.78525880094183,
  "median_tpot": 0.015078587175036323,
  "median_intvty": 66.31921070533527,
  "std_tpot": 0.0007185240317652489,
  "std_intvty": 1391.7418983791388,
  "p99_tpot": 0.01605576613898404,
  "p99_intvty": 62.282920126244264,
  "mean_itl": 0.014981380007532047,
  "median_itl": 0.014012915082275867,
  "std_itl": 0.013817990164504005,
  "p99_itl": 0.07043229559436438,
  "mean_e2el": 14.10813275204855,
  "median_e2el": 14.163057114346884,
  "std_e2el": 1.4977947748577034,
  "p99_e2el": 18.74767904432723
}