{
  "hw": "mi300x",
  "tp": 8,
  "conc": 32,
  "model": "deepseek-ai/DeepSeek-R1-0528",
  "framework": "sglang",
  "precision": "fp8",
  "tput_per_gpu": 225.67158598020447,
  "mean_ttft": 0.33963667528878433,
  "median_ttft": 0.15906976209953427,
  "std_ttft": 0.5041052213904352,
  "p99_ttft": 1.8529184754565358,
  "mean_tpot": 0.034145904137824305,
  "mean_intvty": 29.286089364149362,
  "median_tpot": 0.0341742480999889,
  "median_intvty": 29.261799618067524,
  "std_tpot": 0.0012679408477351349,
  "std_intvty": 788.6803251005397,
  "p99_tpot": 0.036538753720076894,
  "p99_intvty": 27.36820220144869,
  "mean_itl": 0.03416348244511789,
  "median_itl": 0.031121976673603058,
  "std_itl": 0.017815303466411875,
  "p99_itl": 0.1222791906446219,
  "mean_e2el": 31.861961465282366,
  "median_e2el": 31.88094039540738,
  "std_e2el": 2.5372668335014534,
  "p99_e2el": 36.80365486520343
}