{
  "hw": "h100",
  "tp": 2,
  "conc": 4,
  "model": "openai/gpt-oss-120b",
  "framework": "vllm",
  "precision": "fp4",
  "tput_per_gpu": 2477.743306537563,
  "mean_ttft": 0.2385061231791042,
  "median_ttft": 0.22070765751414,
  "std_ttft": 0.07394847907656502,
  "p99_ttft": 0.5638734835619106,
  "mean_tpot": 0.006847548925663693,
  "mean_intvty": 146.0376568106194,
  "median_tpot": 0.006898243850734013,
  "median_intvty": 144.96443176528098,
  "std_tpot": 0.00023265279799958592,
  "std_intvty": 4298.25047709841,
  "p99_tpot": 0.007143876922868645,
  "p99_intvty": 139.9800151649935,
  "mean_itl": 0.00684744089404363,
  "median_itl": 0.006287974771112204,
  "std_itl": 0.01044669749151877,
  "p99_itl": 0.006637990642338992,
  "mean_e2el": 6.5321600888157265,
  "median_e2el": 6.485256626969203,
  "std_e2el": 0.4828432001975729,
  "p99_e2el": 7.4586773178214205
}