{
  "hw": "mi300x",
  "tp": 1,
  "conc": 32,
  "model": "openai/gpt-oss-120b",
  "framework": "vllm",
  "precision": "fp4",
  "tput_per_gpu": 2926.9902503271,
  "mean_ttft": 0.3187007581240323,
  "median_ttft": 0.11600264545995742,
  "std_ttft": 0.6059149568363627,
  "p99_ttft": 3.795937190889381,
  "mean_tpot": 0.02109129800779052,
  "mean_intvty": 47.41291880806144,
  "median_tpot": 0.02103773017013795,
  "median_intvty": 47.53364511821014,
  "std_tpot": 0.0011172200621871746,
  "std_intvty": 895.0788066249959,
  "p99_tpot": 0.023467766616151842,
  "p99_intvty": 42.61163903478329,
  "mean_itl": 0.021332980755407672,
  "median_itl": 0.019168112543411553,
  "std_itl": 0.02611456398975126,
  "p99_itl": 0.07718920764978975,
  "mean_e2el": 19.78597883247203,
  "median_e2el": 19.755079132970423,
  "std_e2el": 1.8624671311519614,
  "p99_e2el": 25.283719856790267
}