{
  "hw": "mi355x",
  "tp": 1,
  "conc": 64,
  "model": "openai/gpt-oss-120b",
  "framework": "vllm",
  "precision": "fp4",
  "tput_per_gpu": 6079.2969391621045,
  "mean_ttft": 0.16611239513513282,
  "median_ttft": 0.06381115049589425,
  "std_ttft": 0.3295018568903898,
  "p99_ttft": 1.7671715059061535,
  "mean_tpot": 0.011546239288361512,
  "mean_intvty": 86.60828647540585,
  "median_tpot": 0.01166201023482977,
  "median_intvty": 85.74850989355156,
  "std_tpot": 0.00047841148511332336,
  "std_intvty": 2090.250821974154,
  "p99_tpot": 0.012148681513291766,
  "p99_intvty": 82.31345919356835,
  "mean_itl": 0.011557503961542807,
  "median_itl": 0.01137161091901362,
  "std_itl": 0.003992206957643272,
  "p99_itl": 0.02035230604466051,
  "mean_e2el": 85.43634716336128,
  "median_e2el": 85.18499655649066,
  "std_e2el": 6.530676317491893,
  "p99_e2el": 98.3182689389307
}