{
  "hw": "mi325x",
  "tp": 8,
  "conc": 16,
  "model": "amd/Llama-3.3-70B-Instruct-FP8-KV",
  "framework": "vllm",
  "precision": "fp8",
  "tput_per_gpu": 228.4436345871568,
  "mean_ttft": 0.1768202323029982,
  "median_ttft": 0.09156985708978027,
  "std_ttft": 0.2595034705472891,
  "p99_ttft": 1.0271660193777643,
  "mean_tpot": 0.009562066815814601,
  "mean_intvty": 104.57990090030647,
  "median_tpot": 0.009572547124430269,
  "median_intvty": 104.46540372184558,
  "std_tpot": 8.01963519019313e-05,
  "std_intvty": 12469.395131874044,
  "p99_tpot": 0.009655695188258708,
  "p99_intvty": 103.56582105201463,
  "mean_itl": 0.00956246708494381,
  "median_itl": 0.009477448998950422,
  "std_itl": 0.002396580509411296,
  "p99_itl": 0.010753060644492506,
  "mean_e2el": 70.71890052070376,
  "median_e2el": 71.0024142744951,
  "std_e2el": 4.753290311655311,
  "p99_e2el": 78.47411107620225
}