{
  "hw": "mi325x",
  "tp": 8,
  "conc": 64,
  "model": "deepseek-ai/DeepSeek-R1-0528",
  "framework": "sglang",
  "precision": "fp8",
  "tput_per_gpu": 1011.4352066730901,
  "mean_ttft": 2.675025517948234,
  "median_ttft": 0.7121152619365603,
  "std_ttft": 5.9208833516587696,
  "p99_ttft": 26.173151998263783,
  "mean_tpot": 0.067216832624728,
  "mean_intvty": 14.877225851789332,
  "median_tpot": 0.06936431580293076,
  "median_intvty": 14.416634669057721,
  "std_tpot": 0.007389270967221578,
  "std_intvty": 135.33134790102406,
  "p99_tpot": 0.07866770897760664,
  "p99_intvty": 12.71169598042645,
  "mean_itl": 0.06732516157654794,
  "median_itl": 0.041562967002391815,
  "std_itl": 0.1440074771454146,
  "p99_itl": 0.6272397547122093,
  "mean_e2el": 64.6654038805329,
  "median_e2el": 65.11540362192318,
  "std_e2el": 9.42257331501005,
  "p99_e2el": 90.90273879559943
}