{
  "hw": "gb200",
  "tp": 72,
  "conc": 4096,
  "model": "deepseek-ai/DeepSeek-R1",
  "framework": "dynamo-sglang",
  "precision": "fp8",
  "tput_per_gpu": 2077.336336600431,
  "mtp": "off",
  "mean_ttft": 149.89853009486723,
  "median_ttft": 155.22391672851518,
  "std_ttft": 46.83175882664407,
  "p99_ttft": 246.27852081953307,
  "mean_tpot": 0.03221231196262097,
  "mean_intvty": 31.044030653881524,
  "median_tpot": 0.03220333029458594,
  "median_intvty": 31.052688987515094,
  "std_tpot": 0.0006271416478703718,
  "std_intvty": 1594.5361042370077,
  "p99_tpot": 0.033476175016869496,
  "p99_intvty": 29.871991035298223,
  "mean_itl": 1.5247582810852958,
  "median_itl": 1.5578339850180782,
  "std_itl": 0.2123871294006333,
  "p99_itl": 1.7071753893804271,
  "mean_e2el": 178.74400207662697,
  "median_e2el": 183.7968838204979,
  "std_e2el": 46.94031692452419,
  "p99_e2el": 275.091046557709
}