{
  "hw": "mi325x",
  "tp": 8,
  "conc": 4,
  "model": "amd/Llama-3.3-70B-Instruct-FP8-KV",
  "framework": "vllm",
  "precision": "fp8",
  "tput_per_gpu": 67.9912670224203,
  "mean_ttft": 0.1260833276901394,
  "median_ttft": 0.08132208755705506,
  "std_ttft": 0.1302040139068671,
  "p99_ttft": 0.5591076760529541,
  "mean_tpot": 0.00814359539176956,
  "mean_intvty": 122.7958846053015,
  "median_tpot": 0.008147127870683585,
  "median_intvty": 122.74264205406352,
  "std_tpot": 2.5247412965195888e-05,
  "std_intvty": 39608.018507817884,
  "p99_tpot": 0.00817616531263367,
  "p99_intvty": 122.30672470073682,
  "mean_itl": 0.0081438268018878,
  "median_itl": 0.0081080780364573,
  "std_itl": 0.0010105648226007588,
  "p99_itl": 0.008835386263672265,
  "mean_e2el": 59.2588165292691,
  "median_e2el": 58.811856271116994,
  "std_e2el": 3.7448401329027408,
  "p99_e2el": 66.18266145950183
}