{
  "hw": "mi300x",
  "tp": 1,
  "conc": 64,
  "model": "openai/gpt-oss-120b",
  "framework": "vllm",
  "precision": "fp4",
  "tput_per_gpu": 4286.535834779499,
  "mean_ttft": 0.3740323766523943,
  "median_ttft": 0.1351442749146372,
  "std_ttft": 0.683138771729335,
  "p99_ttft": 3.039145764412824,
  "mean_tpot": 0.028913474227535062,
  "mean_intvty": 34.58595090062452,
  "median_tpot": 0.028981989880209967,
  "median_intvty": 34.50418705317536,
  "std_tpot": 0.0017861303483405306,
  "std_intvty": 559.8695531538817,
  "p99_tpot": 0.03329817081134156,
  "p99_intvty": 30.0316796879243,
  "mean_itl": 0.02901510090708305,
  "median_itl": 0.02543925354257226,
  "std_itl": 0.03056981290231902,
  "p99_itl": 0.08286985302343962,
  "mean_e2el": 27.01941541844426,
  "median_e2el": 26.93815891200211,
  "std_e2el": 2.8549554327445485,
  "p99_e2el": 35.1661976114125
}