{
  "hw": "h200-trt",
  "tp": 1,
  "conc": 8,
  "model": "nvidia/Llama-3.3-70B-Instruct-FP8",
  "framework": "trt",
  "precision": "fp8",
  "tput_per_gpu": 400.78983762499223,
  "mean_ttft": 0.2216887876682449,
  "median_ttft": 0.15494975238107145,
  "std_ttft": 0.21150985234171482,
  "p99_ttft": 0.9022633204748854,
  "mean_tpot": 0.02181839308850949,
  "mean_intvty": 45.83288952322723,
  "median_tpot": 0.021831433221417392,
  "median_intvty": 45.805513080971956,
  "std_tpot": 8.56531397581157e-05,
  "std_intvty": 11674.995252059622,
  "p99_tpot": 0.021958150671553742,
  "p99_intvty": 45.54117580108766,
  "mean_itl": 0.21802683794560812,
  "median_itl": 0.21754867490381002,
  "std_itl": 0.010677370146493361,
  "p99_itl": 0.2278602602891624,
  "mean_e2el": 160.74667338812142,
  "median_e2el": 161.0645049926825,
  "std_e2el": 10.061778185484203,
  "p99_e2el": 179.1899800108839
}