{
  "hw": "mi325x",
  "tp": 2,
  "conc": 4,
  "model": "amd/Llama-3.3-70B-Instruct-FP8-KV",
  "framework": "vllm",
  "precision": "fp8",
  "tput_per_gpu": 149.38355068027678,
  "mean_ttft": 0.23669060731772334,
  "median_ttft": 0.17867818393278867,
  "std_ttft": 0.1809943536464131,
  "p99_ttft": 0.8989994471124373,
  "mean_tpot": 0.014827259802645256,
  "mean_intvty": 67.44334511637781,
  "median_tpot": 0.01484227542506604,
  "median_intvty": 67.3751140819805,
  "std_tpot": 5.57052522342497e-05,
  "std_intvty": 17951.62861474599,
  "p99_tpot": 0.014903538103554399,
  "p99_intvty": 67.09816105757507,
  "mean_itl": 0.01482783850321352,
  "median_itl": 0.014776250463910401,
  "std_itl": 0.002425839350732619,
  "p99_itl": 0.015656219003722074,
  "mean_e2el": 107.90236698358785,
  "median_e2el": 106.8895630891202,
  "std_e2el": 6.824669680257174,
  "p99_e2el": 120.66718977675541
}