{
  "hw": "b200-trt",
  "tp": 4,
  "conc": 16,
  "model": "nvidia/Llama-3.3-70B-Instruct-FP8",
  "framework": "trt",
  "precision": "fp8",
  "tput_per_gpu": 581.8960967394773,
  "mean_ttft": 0.09143114699108992,
  "median_ttft": 0.05711293441709131,
  "std_ttft": 0.105903859626652,
  "p99_ttft": 0.42089881740743296,
  "mean_tpot": 0.007493462128695056,
  "mean_intvty": 133.4496635634755,
  "median_tpot": 0.00750451969103416,
  "median_intvty": 133.25303166233616,
  "std_tpot": 3.852896344114458e-05,
  "std_intvty": 25954.500476701458,
  "p99_tpot": 0.007540985941836517,
  "p99_intvty": 132.60865458614845,
  "mean_itl": 0.07488532841478772,
  "median_itl": 0.07448685681447387,
  "std_itl": 0.0047737242226967794,
  "p99_itl": 0.10290851909667252,
  "mean_e2el": 55.37412056317844,
  "median_e2el": 55.54440632055048,
  "std_e2el": 3.7273692772658316,
  "p99_e2el": 61.35295185659545
}