{
  "hw": "mi300x",
  "tp": 4,
  "conc": 4,
  "model": "openai/gpt-oss-120b",
  "framework": "vllm",
  "precision": "fp4",
  "tput_per_gpu": 349.45924435590433,
  "mean_ttft": 0.273651797673665,
  "median_ttft": 0.044095765333622694,
  "std_ttft": 0.6865798060407841,
  "p99_ttft": 2.7656712358351796,
  "mean_tpot": 0.005285691945378419,
  "mean_intvty": 189.18998881014184,
  "median_tpot": 0.005233590172020011,
  "median_intvty": 191.07342515014497,
  "std_tpot": 0.0002405762270367677,
  "std_intvty": 4156.686686449564,
  "p99_tpot": 0.0063156972324315466,
  "p99_intvty": 158.33564580406582,
  "mean_itl": 0.005286288896614734,
  "median_itl": 0.005149222910404205,
  "std_itl": 0.007644882966511316,
  "p99_itl": 0.0055427861586213115,
  "mean_e2el": 5.119724812195637,
  "median_e2el": 4.942492581438273,
  "std_e2el": 0.9198138036295099,
  "p99_e2el": 8.195205086488278
}