{
  "hw": "gb200",
  "tp": 24,
  "conc": 4300,
  "model": "/mnt/lustre01/models/deepseek-r1-0528-fp4-v2",
  "framework": "dynamo-trtllm",
  "precision": "fp4",
  "tput_per_gpu": 8775.15161730528,
  "mtp": "off",
  "mean_ttft": 4.630869963829715,
  "median_ttft": 2.9231886444904376,
  "std_ttft": 5.825033739896291,
  "p99_ttft": 29.92973807865463,
  "mean_tpot": 0.03342390593025717,
  "mean_intvty": 29.918705554240592,
  "median_tpot": 0.033516768787219695,
  "median_intvty": 29.83581163054449,
  "std_tpot": 0.0013610594842519994,
  "std_intvty": 734.721745500765,
  "p99_tpot": 0.035933863111870454,
  "p99_intvty": 27.828903251697934,
  "mean_itl": 0.6608306859292444,
  "median_itl": 0.5426044829655439,
  "std_itl": 0.34886385165331485,
  "p99_itl": 1.732260535482783,
  "mean_e2el": 35.39198119866276,
  "median_e2el": 34.07039766348316,
  "std_e2el": 6.0773963228815076,
  "p99_e2el": 60.40893610914941
}