{
  "hw": "gb200",
  "tp": 72,
  "conc": 576,
  "model": "deepseek-ai/DeepSeek-R1",
  "framework": "dynamo-sglang",
  "precision": "fp8",
  "tput_per_gpu": 1304.2791285254646,
  "mtp": "off",
  "mean_ttft": 12.127036637455367,
  "median_ttft": 11.724220721516758,
  "std_ttft": 10.633092499839334,
  "p99_ttft": 43.78832494417506,
  "mean_tpot": 0.032094670245979284,
  "mean_intvty": 31.157821293561245,
  "median_tpot": 0.03208126790937968,
  "median_intvty": 31.170837849199458,
  "std_tpot": 0.0005711862820394715,
  "std_intvty": 1750.7423260051185,
  "p99_tpot": 0.03337952650884472,
  "p99_intvty": 29.958483675166143,
  "mean_itl": 1.5191309547904304,
  "median_itl": 1.5545100219896995,
  "std_itl": 0.20665741343929045,
  "p99_itl": 1.6673063141992315,
  "mean_e2el": 40.84571343172709,
  "median_e2el": 40.09543670050334,
  "std_e2el": 10.804712385498098,
  "p99_e2el": 73.06745168178635
}