{
  "hw": "b200",
  "tp": 1,
  "conc": 8,
  "model": "nvidia/Llama-3.3-70B-Instruct-FP8",
  "framework": "vllm",
  "precision": "fp8",
  "tput_per_gpu": 527.2024998495941,
  "mean_ttft": 0.14890969129046425,
  "median_ttft": 0.10633087198948488,
  "std_ttft": 0.13822212727675023,
  "p99_ttft": 0.596033541864017,
  "mean_tpot": 0.01656597873798471,
  "mean_intvty": 60.36467967371376,
  "median_tpot": 0.01658030372940349,
  "median_intvty": 60.31252601401995,
  "std_tpot": 8.002830349182823e-05,
  "std_intvty": 12495.579143472796,
  "p99_tpot": 0.016673639459181634,
  "p99_intvty": 59.97490844443877,
  "mean_itl": 0.016567224635233174,
  "median_itl": 0.016568125982303172,
  "std_itl": 0.0018046011416542607,
  "p99_itl": 0.017078276473330337,
  "mean_e2el": 122.03398119777849,
  "median_e2el": 122.39198463654611,
  "std_e2el": 7.698109463337753,
  "p99_e2el": 135.77377791224745
}