{
  "hw": "mi325x",
  "tp": 8,
  "conc": 32,
  "model": "deepseek-ai/DeepSeek-R1-0528",
  "framework": "sglang",
  "precision": "fp8",
  "tput_per_gpu": 770.3350159647492,
  "mean_ttft": 1.7119070838591142,
  "median_ttft": 0.5259951810585335,
  "std_ttft": 3.40169876669919,
  "p99_ttft": 13.50911047005793,
  "mean_tpot": 0.043389466010836306,
  "mean_intvty": 23.04706860762598,
  "median_tpot": 0.044453917878686494,
  "median_intvty": 22.495205095959644,
  "std_tpot": 0.0036181439190896675,
  "std_intvty": 276.38480457449634,
  "p99_tpot": 0.04946061440350584,
  "p99_intvty": 20.21810711532768,
  "mean_itl": 0.043467430763308224,
  "median_itl": 0.031252439017407596,
  "std_itl": 0.06984057782737611,
  "p99_itl": 0.30737797206966205,
  "mean_e2el": 41.87880103945645,
  "median_e2el": 41.7646757295588,
  "std_e2el": 5.14450451296486,
  "p99_e2el": 56.574291305099614
}