{
  "hw": "mi300x",
  "tp": 8,
  "conc": 64,
  "model": "openai/gpt-oss-120b",
  "framework": "vllm",
  "precision": "fp4",
  "tput_per_gpu": 1338.525793186505,
  "mean_ttft": 0.31436668273745455,
  "median_ttft": 0.1037409333512187,
  "std_ttft": 0.6745660212319251,
  "p99_ttft": 3.344017472756095,
  "mean_tpot": 0.01132276696480344,
  "mean_intvty": 88.31763500109795,
  "median_tpot": 0.01121299306453274,
  "median_intvty": 89.18225439406096,
  "std_tpot": 0.0010765334972176824,
  "std_intvty": 928.9074632461653,
  "p99_tpot": 0.01521323195222209,
  "p99_intvty": 65.73225223545856,
  "mean_itl": 0.011342760303573745,
  "median_itl": 0.00904055405408144,
  "std_itl": 0.018702625376159975,
  "p99_itl": 0.07696609199047089,
  "mean_e2el": 10.75893974112987,
  "median_e2el": 10.499356721062213,
  "std_e2el": 1.761736015742139,
  "p99_e2el": 17.000752228600906
}