{
  "hw": "gb200",
  "tp": 36,
  "conc": 64,
  "model": "/mnt/lustre01/models/deepseek-r1-0528-fp4-v2",
  "framework": "dynamo-trtllm",
  "precision": "fp4",
  "tput_per_gpu": 333.63243044553207,
  "mtp": "off",
  "mean_ttft": 0.2622404200573101,
  "median_ttft": 0.20269899000413716,
  "std_ttft": 0.19942142706360516,
  "p99_ttft": 1.0643673410947667,
  "mean_tpot": 0.010008570028485281,
  "mean_intvty": 99.9143730976464,
  "median_tpot": 0.010019787403177313,
  "median_intvty": 99.80251673632279,
  "std_tpot": 0.00014028036529858465,
  "std_intvty": 7128.581379664324,
  "p99_tpot": 0.010215031230536664,
  "p99_intvty": 97.89495278395378,
  "mean_itl": 0.19796718093169882,
  "median_itl": 0.19981546900817193,
  "std_itl": 0.017124564124543117,
  "p99_itl": 0.21744224493100778,
  "mean_e2el": 9.511792869824491,
  "median_e2el": 9.53079762449488,
  "std_e2el": 0.59798424292072,
  "p99_e2el": 10.933187657099332
}