{
  "hw": "gb200",
  "tp": 72,
  "conc": 5120,
  "model": "deepseek-ai/DeepSeek-R1",
  "framework": "dynamo-sglang",
  "precision": "fp8",
  "tput_per_gpu": 3410.8838674283966,
  "mtp": "off",
  "mean_ttft": 5.127041120033355,
  "median_ttft": 1.0707128049689345,
  "std_ttft": 8.28723377442529,
  "p99_ttft": 34.22266876633337,
  "mean_tpot": 0.03316842620805403,
  "mean_intvty": 30.14915431101092,
  "median_tpot": 0.033923737181589544,
  "median_intvty": 29.47788430994865,
  "std_tpot": 0.002346871421730799,
  "std_intvty": 426.0991849576949,
  "p99_tpot": 0.03606842895052725,
  "p99_intvty": 27.725077833903878,
  "mean_itl": 1.569935337422038,
  "median_itl": 1.627668621018529,
  "std_itl": 0.3225864934574674,
  "p99_itl": 2.4169839242752653,
  "mean_e2el": 34.8212027203504,
  "median_e2el": 32.48737416500808,
  "std_e2el": 8.435216099498318,
  "p99_e2el": 65.04761039906465
}