{
  "hw": "mi300x",
  "tp": 2,
  "conc": 32,
  "model": "openai/gpt-oss-120b",
  "framework": "vllm",
  "precision": "fp4",
  "tput_per_gpu": 2244.850308529567,
  "mean_ttft": 0.26689092599626746,
  "median_ttft": 0.07754325249698013,
  "std_ttft": 0.5441852917313418,
  "p99_ttft": 3.410186609828379,
  "mean_tpot": 0.013664759214475084,
  "mean_intvty": 73.18094554792445,
  "median_tpot": 0.013636595111145625,
  "median_intvty": 73.33208853452487,
  "std_tpot": 0.0008311821425532106,
  "std_intvty": 1203.1057319496995,
  "p99_tpot": 0.015852584282545122,
  "p99_intvty": 63.081197499203626,
  "mean_itl": 0.01430395275468632,
  "median_itl": 0.01216374197974801,
  "std_itl": 0.0248138963961902,
  "p99_itl": 0.047895795898512006,
  "mean_e2el": 12.881233766375953,
  "median_e2el": 12.788981173885986,
  "std_e2el": 1.420853079211655,
  "p99_e2el": 17.41927464506589
}