{
  "hw": "mi300x",
  "tp": 8,
  "conc": 8,
  "model": "openai/gpt-oss-120b",
  "framework": "vllm",
  "precision": "fp4",
  "tput_per_gpu": 340.5802281380591,
  "mean_ttft": 0.20413643752690405,
  "median_ttft": 0.044232665095478296,
  "std_ttft": 0.4198637500801091,
  "p99_ttft": 1.597166173355654,
  "mean_tpot": 0.005508560949212612,
  "mean_intvty": 181.5356150580378,
  "median_tpot": 0.0054108388862021475,
  "median_intvty": 184.81422585877385,
  "std_tpot": 0.00025970843091524277,
  "std_intvty": 3850.4718405786193,
  "p99_tpot": 0.0062048264380643635,
  "p99_intvty": 161.16486254399675,
  "mean_itl": 0.005510357110871867,
  "median_itl": 0.005242412444204092,
  "std_itl": 0.008445562978417701,
  "p99_itl": 0.0058080592658370745,
  "mean_e2el": 5.318160953011829,
  "median_e2el": 5.218558878172189,
  "std_e2el": 0.6715512725020143,
  "p99_e2el": 7.1468287151399945
}