{
  "hw": "h100",
  "tp": 8,
  "conc": 32,
  "model": "nvidia/Llama-3.3-70B-Instruct-FP8",
  "framework": "vllm",
  "precision": "fp8",
  "tput_per_gpu": 340.01715703012286,
  "mean_ttft": 0.11999300367606339,
  "median_ttft": 0.062368026934564114,
  "std_ttft": 0.18746746964084435,
  "p99_ttft": 0.9468479087436574,
  "mean_tpot": 0.012868067769367839,
  "mean_intvty": 77.7117449117325,
  "median_tpot": 0.012914221324046512,
  "median_intvty": 77.43401440224523,
  "std_tpot": 0.00015167810736764115,
  "std_intvty": 6592.9092692076865,
  "p99_tpot": 0.013014812915675028,
  "p99_intvty": 76.83552629447335,
  "mean_itl": 0.012869546486791688,
  "median_itl": 0.012694132048636675,
  "std_itl": 0.0025788881739502367,
  "p99_itl": 0.014383556321263315,
  "mean_e2el": 95.54731812810932,
  "median_e2el": 95.7677653990686,
  "std_e2el": 6.155396525826726,
  "p99_e2el": 105.61904518334195
}