{
  "hw": "gb200",
  "tp": 72,
  "conc": 5376,
  "model": "deepseek-ai/DeepSeek-R1",
  "framework": "dynamo-sglang",
  "precision": "fp8",
  "tput_per_gpu": 3514.053099637934,
  "mtp": "off",
  "mean_ttft": 4.467996988779079,
  "median_ttft": 1.2197429114894476,
  "std_ttft": 6.398857674824658,
  "p99_ttft": 24.67232042303367,
  "mean_tpot": 0.03419872310284844,
  "mean_intvty": 29.240857823627607,
  "median_tpot": 0.034963908985887165,
  "median_intvty": 28.600921035563847,
  "std_tpot": 0.002618093656313925,
  "std_intvty": 381.9573060682341,
  "p99_tpot": 0.03760269666787182,
  "p99_intvty": 26.59383737375441,
  "mean_itl": 1.6186536972100807,
  "median_itl": 1.6691124700009823,
  "std_itl": 0.33204402691225193,
  "p99_itl": 2.5002014082297683,
  "mean_e2el": 35.077472928790684,
  "median_e2el": 33.52067655950668,
  "std_e2el": 6.510446758305183,
  "p99_e2el": 56.11814779744425
}