{
  "hw": "gb200",
  "tp": 20,
  "conc": 1075,
  "model": "/mnt/lustre01/models/deepseek-r1-0528-fp4-v2",
  "framework": "dynamo-trtllm",
  "precision": "fp4",
  "tput_per_gpu": 5646.142224595182,
  "mtp": "on",
  "mean_ttft": 2.820939878849272,
  "median_ttft": 1.9063185109989718,
  "std_ttft": 2.8069397427860068,
  "p99_ttft": 15.280671182468067,
  "mean_tpot": 0.014927084927214979,
  "mean_intvty": 66.99231664293713,
  "median_tpot": 0.015177771822626192,
  "median_intvty": 65.88582380117579,
  "std_tpot": 0.0015186485747705246,
  "std_intvty": 658.4801886447659,
  "p99_tpot": 0.017637273035386952,
  "p99_intvty": 56.69810735444345,
  "mean_itl": 0.6880926163508125,
  "median_itl": 0.7094970759935677,
  "std_itl": 0.10909507056858965,
  "p99_itl": 0.9509576464048586,
  "mean_e2el": 16.561749278749517,
  "median_e2el": 16.017579100007424,
  "std_e2el": 3.25033775694722,
  "p99_e2el": 29.446483353830416
}