{
  "hw": "gb200",
  "tp": 36,
  "conc": 8,
  "model": "/mnt/lustre01/models/deepseek-r1-0528-fp4-v2",
  "framework": "dynamo-trtllm",
  "precision": "fp4",
  "tput_per_gpu": 94.52159030209285,
  "mtp": "on",
  "mean_ttft": 0.5866733134080278,
  "median_ttft": 0.16006292903330177,
  "std_ttft": 1.163299662787071,
  "p99_ttft": 3.964190359606873,
  "mean_tpot": 0.0038944069105571336,
  "mean_intvty": 256.77850901742056,
  "median_tpot": 0.003938097407925261,
  "median_intvty": 253.92972707773572,
  "std_tpot": 0.0003660080431311018,
  "std_intvty": 2732.1803953958633,
  "p99_tpot": 0.004622597223564543,
  "p99_intvty": 216.32860308536408,
  "mean_itl": 0.17900453609206818,
  "median_itl": 0.18294411001261324,
  "std_itl": 0.023941971598252013,
  "p99_itl": 0.21413840208551846,
  "mean_e2el": 4.197530324388026,
  "median_e2el": 3.9266451795119792,
  "std_e2el": 1.1975978246453245,
  "p99_e2el": 7.977869269918299
}