{
  "hw": "mi325x",
  "tp": 8,
  "conc": 4,
  "model": "deepseek-ai/DeepSeek-R1-0528",
  "framework": "sglang",
  "precision": "fp8",
  "tput_per_gpu": 181.9807885314579,
  "mean_ttft": 0.6248228536511305,
  "median_ttft": 0.49000734149012715,
  "std_ttft": 0.4906507879097384,
  "p99_ttft": 2.3462750574434175,
  "mean_tpot": 0.023415365829038515,
  "mean_intvty": 42.70699878452688,
  "median_tpot": 0.023502693373539135,
  "median_intvty": 42.548314957206784,
  "std_tpot": 0.0005058116797916683,
  "std_intvty": 1977.0203812056614,
  "p99_tpot": 0.02475081895742862,
  "p99_intvty": 40.40270351134639,
  "mean_itl": 0.02347741713362664,
  "median_itl": 0.02219041110947728,
  "std_itl": 0.017811304665896352,
  "p99_itl": 0.023478375314734883,
  "mean_e2el": 22.150679218803997,
  "median_e2el": 21.881826014025137,
  "std_e2el": 1.602509940720249,
  "p99_e2el": 25.773071427782998
}