{
  "hw": "gb200",
  "tp": 72,
  "conc": 8192,
  "model": "deepseek-ai/DeepSeek-R1",
  "framework": "dynamo-sglang",
  "precision": "fp8",
  "tput_per_gpu": 4012.352160561176,
  "mtp": "off",
  "mean_ttft": 11.409799932656533,
  "median_ttft": 9.007011336507276,
  "std_ttft": 9.457157335451388,
  "p99_ttft": 38.55014420172374,
  "mean_tpot": 0.03914376779019207,
  "mean_intvty": 25.54685091532149,
  "median_tpot": 0.03997229290827705,
  "median_intvty": 25.017328935687107,
  "std_tpot": 0.004156243540110012,
  "std_intvty": 240.60187771709138,
  "p99_tpot": 0.04593993808233713,
  "p99_intvty": 21.767552194078327,
  "mean_itl": 1.8525073425024696,
  "median_itl": 1.8486094429972582,
  "std_itl": 0.7234774669799001,
  "p99_itl": 4.044245420278748,
  "mean_e2el": 46.425399715340745,
  "median_e2el": 43.326858647487825,
  "std_e2el": 10.196333674423027,
  "p99_e2el": 79.57925664216565
}