{
  "hw": "gb200",
  "tp": 72,
  "conc": 6144,
  "model": "deepseek-ai/DeepSeek-R1",
  "framework": "dynamo-sglang",
  "precision": "fp8",
  "tput_per_gpu": 3477.012475285538,
  "mtp": "off",
  "mean_ttft": 4.978477599040449,
  "median_ttft": 1.3120941064844374,
  "std_ttft": 7.514023341175699,
  "p99_ttft": 28.433759844457967,
  "mean_tpot": 0.03660744300872971,
  "mean_intvty": 27.31684919270466,
  "median_tpot": 0.03788011908004087,
  "median_intvty": 26.399072238579702,
  "std_tpot": 0.003397635887771158,
  "std_intvty": 294.32229733598615,
  "p99_tpot": 0.040158533285405175,
  "p99_intvty": 24.90130784640559,
  "mean_itl": 1.7325971259532083,
  "median_itl": 1.8151142779970542,
  "std_itl": 0.39347114136071626,
  "p99_itl": 2.7544849507743487,
  "mean_e2el": 37.731500309992946,
  "median_e2el": 35.75775066349888,
  "std_e2el": 7.947669594078835,
  "p99_e2el": 64.21453287971904
}