{
  "hw": "gb200",
  "tp": 72,
  "conc": 1024,
  "model": "deepseek-ai/DeepSeek-R1",
  "framework": "dynamo-sglang",
  "precision": "fp8",
  "tput_per_gpu": 738.3771844128888,
  "mtp": "off",
  "mean_ttft": 9.043412212919748,
  "median_ttft": 6.277294083498418,
  "std_ttft": 9.2151037479963,
  "p99_ttft": 39.02810273537121,
  "mean_tpot": 0.024298880311666805,
  "mean_intvty": 41.15415966388634,
  "median_tpot": 0.02429435138723218,
  "median_intvty": 41.161831573966076,
  "std_tpot": 0.0004367678206755991,
  "std_intvty": 2289.5459616351422,
  "p99_tpot": 0.025202055241978855,
  "p99_intvty": 39.67930354879583,
  "mean_itl": 1.1501886717540202,
  "median_itl": 1.1749519245349802,
  "std_itl": 0.1568932771216071,
  "p99_itl": 1.2844352610275378,
  "mean_e2el": 30.813428484188766,
  "median_e2el": 28.230137451464543,
  "std_e2el": 9.231796648260136,
  "p99_e2el": 61.081760480179234
}