{
  "hw": "b200-trt",
  "tp": 4,
  "conc": 64,
  "model": "nvidia/Llama-3.3-70B-Instruct-FP8",
  "framework": "trt",
  "precision": "fp8",
  "tput_per_gpu": 5745.002015949394,
  "mean_ttft": 0.9654327101292438,
  "median_ttft": 0.3098332650261,
  "std_ttft": 2.1311971199310484,
  "p99_ttft": 11.132378342305316,
  "mean_tpot": 0.023684858370553626,
  "mean_intvty": 42.221067331492144,
  "median_tpot": 0.024407846043336706,
  "median_intvty": 40.9704321399142,
  "std_tpot": 0.0031526789505161483,
  "std_intvty": 317.1905594244801,
  "p99_tpot": 0.029456112117749837,
  "p99_intvty": 33.94881157440374,
  "mean_itl": 0.23601789355712133,
  "median_itl": 0.1168749590869993,
  "std_itl": 0.2468942901103205,
  "p99_itl": 1.0778466856479645,
  "mean_e2el": 22.82400848778998,
  "median_e2el": 22.964835410472006,
  "std_e2el": 3.939669933749029,
  "p99_e2el": 34.07984131647274
}