{
  "hw": "gb200",
  "tp": 36,
  "conc": 564,
  "model": "/mnt/lustre01/models/deepseek-r1-0528-fp4-v2",
  "framework": "dynamo-trtllm",
  "precision": "fp4",
  "tput_per_gpu": 1586.9138238274315,
  "mtp": "off",
  "mean_ttft": 1.9864075435921513,
  "median_ttft": 1.2168998135020956,
  "std_ttft": 2.0775351149585184,
  "p99_ttft": 13.421600269469815,
  "mean_tpot": 0.016614502622564486,
  "mean_intvty": 60.18838015902324,
  "median_tpot": 0.01668908055368541,
  "median_intvty": 59.91941837557807,
  "std_tpot": 0.0002824471971746281,
  "std_intvty": 3540.4847702621455,
  "p99_tpot": 0.016778351774317666,
  "p99_intvty": 59.600609967582315,
  "mean_itl": 0.3284676268504201,
  "median_itl": 0.333179907000158,
  "std_itl": 0.02979626806234779,
  "p99_itl": 0.3516303903586231,
  "mean_e2el": 17.28468523804643,
  "median_e2el": 16.86234647152014,
  "std_e2el": 2.3125933853268417,
  "p99_e2el": 28.3546875977755
}