{
  "hw": "h100",
  "tp": 4,
  "conc": 8,
  "model": "openai/gpt-oss-120b",
  "framework": "vllm",
  "precision": "fp4",
  "tput_per_gpu": 2546.462900928277,
  "mean_ttft": 0.19986071172170342,
  "median_ttft": 0.1513659404590726,
  "std_ttft": 0.14210371045575532,
  "p99_ttft": 0.8451167113147672,
  "mean_tpot": 0.006656603540379845,
  "mean_intvty": 150.22676263260485,
  "median_tpot": 0.006709056323841776,
  "median_intvty": 149.05225887675581,
  "std_tpot": 0.0002856297267582978,
  "std_intvty": 3501.0361538671646,
  "p99_tpot": 0.007112301207956747,
  "p99_intvty": 140.60146930803066,
  "mean_itl": 0.006666518315089312,
  "median_itl": 0.0058691001031547785,
  "std_itl": 0.009712814663810522,
  "p99_itl": 0.007231942410580814,
  "mean_e2el": 6.363723379059229,
  "median_e2el": 6.309781402116641,
  "std_e2el": 0.5702820803536124,
  "p99_e2el": 7.470437942035495
}