{
  "hw": "b200-trt",
  "tp": 1,
  "conc": 32,
  "model": "nvidia/Llama-3.3-70B-Instruct-FP8",
  "framework": "trt",
  "precision": "fp8",
  "tput_per_gpu": 7298.944152632429,
  "mean_ttft": 1.3535002025746508,
  "median_ttft": 0.5470673011150211,
  "std_ttft": 2.635418437203321,
  "p99_ttft": 13.712533363548573,
  "mean_tpot": 0.036912948593456674,
  "mean_intvty": 27.090764571900486,
  "median_tpot": 0.037720689535531815,
  "median_intvty": 26.51065005208954,
  "std_tpot": 0.004146568727683275,
  "std_intvty": 241.1632522388478,
  "p99_tpot": 0.04527980450726758,
  "p99_intvty": 22.084901003481498,
  "mean_itl": 0.3677363970128644,
  "median_itl": 0.22464961698278785,
  "std_itl": 0.3619041901800152,
  "p99_itl": 1.5910465009696781,
  "mean_e2el": 35.54953737022588,
  "median_e2el": 35.46462132805027,
  "std_e2el": 5.326898627290679,
  "p99_e2el": 50.389959416759666
}