{
  "hw": "gb200",
  "tp": 72,
  "conc": 5632,
  "model": "deepseek-ai/DeepSeek-R1",
  "framework": "dynamo-sglang",
  "precision": "fp8",
  "tput_per_gpu": 3626.1619514750328,
  "mtp": "off",
  "mean_ttft": 4.8217272342887885,
  "median_ttft": 1.3198573510162532,
  "std_ttft": 7.1193292398077075,
  "p99_ttft": 26.963852177736698,
  "mean_tpot": 0.03535017540351702,
  "mean_intvty": 28.288402775520858,
  "median_tpot": 0.03610620566687277,
  "median_intvty": 27.69607001151866,
  "std_tpot": 0.0023548208990128074,
  "std_intvty": 424.6607461396414,
  "p99_tpot": 0.038351474691861946,
  "p99_intvty": 26.07461663559437,
  "mean_itl": 1.6731325782986033,
  "median_itl": 1.7326693730137777,
  "std_itl": 0.3190860605750759,
  "p99_itl": 2.4197608856426083,
  "mean_e2el": 36.45617237297982,
  "median_e2el": 34.600056296010735,
  "std_e2el": 7.365622064910324,
  "p99_e2el": 60.29489058787411
}