{
  "hw": "gb200",
  "tp": 36,
  "conc": 128,
  "model": "/mnt/lustre01/models/deepseek-r1-0528-fp4-v2",
  "framework": "dynamo-trtllm",
  "precision": "fp4",
  "tput_per_gpu": 557.7332330162118,
  "mtp": "off",
  "mean_ttft": 0.35691912231146716,
  "median_ttft": 0.241904845519457,
  "std_ttft": 0.3715396993915834,
  "p99_ttft": 1.983519264869392,
  "mean_tpot": 0.011865684932346408,
  "mean_intvty": 84.27663516279229,
  "median_tpot": 0.011794809679649297,
  "median_intvty": 84.783055187859,
  "std_tpot": 0.00030284941426365815,
  "std_intvty": 3301.971055256552,
  "p99_tpot": 0.012715651649512345,
  "p99_intvty": 78.64323650596002,
  "mean_itl": 0.2346316114258909,
  "median_itl": 0.2352403219556436,
  "std_itl": 0.02470587023538622,
  "p99_itl": 0.26939138817368075,
  "mean_e2el": 11.273933805767456,
  "median_e2el": 11.253460749518126,
  "std_e2el": 0.7996222522055859,
  "p99_e2el": 13.192777691179653
}