{
  "hw": "h200-trt",
  "tp": 4,
  "conc": 8,
  "model": "nvidia/Llama-3.3-70B-Instruct-FP8",
  "framework": "trt",
  "precision": "fp8",
  "tput_per_gpu": 258.61521006070626,
  "mean_ttft": 0.10653269536560402,
  "median_ttft": 0.06667800131253898,
  "std_ttft": 0.1209504795664623,
  "p99_ttft": 0.48869857311248777,
  "mean_tpot": 0.00844775779779458,
  "mean_intvty": 118.37460589377524,
  "median_tpot": 0.008455006991406217,
  "median_intvty": 118.27311331811002,
  "std_tpot": 2.7995161269689814e-05,
  "std_intvty": 35720.458630923975,
  "p99_tpot": 0.008483848203104534,
  "p99_intvty": 117.87103871496255,
  "mean_itl": 0.08441693272262447,
  "median_itl": 0.08413310442119837,
  "std_itl": 0.004364974259578302,
  "p99_itl": 0.0912611111998558,
  "mean_e2el": 62.25955440476537,
  "median_e2el": 62.37562915706076,
  "std_e2el": 3.889415612953227,
  "p99_e2el": 69.3102083357796
}