{
  "hw": "h200-trt",
  "tp": 2,
  "conc": 8,
  "model": "nvidia/Llama-3.3-70B-Instruct-FP8",
  "framework": "trt",
  "precision": "fp8",
  "tput_per_gpu": 340.15802562037084,
  "mean_ttft": 0.13872787164982583,
  "median_ttft": 0.09386934800204472,
  "std_ttft": 0.13850607011966834,
  "p99_ttft": 0.5815908942876559,
  "mean_tpot": 0.012854452609775196,
  "mean_intvty": 77.79405551968412,
  "median_tpot": 0.012859088729497283,
  "median_intvty": 77.76600823245849,
  "std_tpot": 4.666073971570125e-05,
  "std_intvty": 21431.293333386693,
  "p99_tpot": 0.012921173189912571,
  "p99_intvty": 77.3923532563351,
  "mean_itl": 0.12845148750486549,
  "median_itl": 0.12813426700449781,
  "std_itl": 0.006336376521766016,
  "p99_itl": 0.13411727800121298,
  "mean_e2el": 94.71274093831316,
  "median_e2el": 94.86357926799974,
  "std_e2el": 5.917238073217376,
  "p99_e2el": 105.51626905171528
}