{
  "hw": "gb200",
  "tp": 72,
  "conc": 512,
  "model": "deepseek-ai/DeepSeek-R1",
  "framework": "dynamo-sglang",
  "precision": "fp8",
  "tput_per_gpu": 1228.4505228319267,
  "mtp": "off",
  "mean_ttft": 10.24501873575876,
  "median_ttft": 6.530964829027653,
  "std_ttft": 10.848314778991165,
  "p99_ttft": 42.369275559880755,
  "mean_tpot": 0.03204128832515078,
  "mean_intvty": 31.209731327034405,
  "median_tpot": 0.03203253299764851,
  "median_intvty": 31.21826176136022,
  "std_tpot": 0.0005772410866336787,
  "std_intvty": 1732.3784171908871,
  "p99_tpot": 0.033269837725511585,
  "p99_intvty": 30.0572551104808,
  "mean_itl": 1.5167194398130222,
  "median_itl": 1.5510422739898786,
  "std_itl": 0.20427556373937755,
  "p99_itl": 1.6592254387284628,
  "mean_e2el": 38.941450413994495,
  "median_e2el": 34.86636759398971,
  "std_e2el": 11.004924833970835,
  "p99_e2el": 72.54985028182038
}