{
  "hw": "h200-trt",
  "tp": 2,
  "conc": 4,
  "model": "nvidia/Llama-3.3-70B-Instruct-FP8",
  "framework": "trt",
  "precision": "fp8",
  "tput_per_gpu": 181.8079656748036,
  "mean_ttft": 0.10926378864096478,
  "median_ttft": 0.09021427785046399,
  "std_ttft": 0.061410582436486526,
  "p99_ttft": 0.3180675682844594,
  "mean_tpot": 0.012192818806441522,
  "mean_intvty": 82.01548927075791,
  "median_tpot": 0.012202666189689484,
  "median_intvty": 81.94930390253072,
  "std_tpot": 4.295379825077816e-05,
  "std_intvty": 23280.828255552085,
  "p99_tpot": 0.012231815323657481,
  "p99_intvty": 81.75401390061097,
  "mean_itl": 0.12184205268186898,
  "median_itl": 0.12188498978503048,
  "std_itl": 0.004296983821224436,
  "p99_itl": 0.12389595480635762,
  "mean_e2el": 88.64579119508853,
  "median_e2el": 87.99900430277921,
  "std_e2el": 5.605354231584833,
  "p99_e2el": 99.04616566670593
}