{
  "hw": "gb200",
  "tp": 36,
  "conc": 1075,
  "model": "/mnt/lustre01/models/deepseek-r1-0528-fp4-v2",
  "framework": "dynamo-trtllm",
  "precision": "fp4",
  "tput_per_gpu": 2798.8322633622706,
  "mtp": "off",
  "mean_ttft": 1.831530051466577,
  "median_ttft": 0.8722013130027335,
  "std_ttft": 3.006190354586965,
  "p99_ttft": 14.64398876936699,
  "mean_tpot": 0.01798306436457175,
  "mean_intvty": 55.607875261242434,
  "median_tpot": 0.01799372112963755,
  "median_intvty": 55.57494154740982,
  "std_tpot": 0.00014245900742341561,
  "std_intvty": 7019.563157756726,
  "p99_tpot": 0.01836021856584683,
  "p99_intvty": 54.4655825535853,
  "mean_itl": 0.3555533432419723,
  "median_itl": 0.35765274497680366,
  "std_itl": 0.09596881423983857,
  "p99_itl": 0.6684181045915466,
  "mean_e2el": 18.39184033786476,
  "median_e2el": 17.652242559503065,
  "std_e2el": 3.2086885634169446,
  "p99_e2el": 31.81358048010269
}