{
  "hw": "h100",
  "tp": 8,
  "conc": 16,
  "model": "openai/gpt-oss-120b",
  "framework": "vllm",
  "precision": "fp4",
  "tput_per_gpu": 2375.9077901994697,
  "mean_ttft": 0.19107363998773508,
  "median_ttft": 0.11885531339794397,
  "std_ttft": 0.22452532468124256,
  "p99_ttft": 1.228394291065633,
  "mean_tpot": 0.007164621207178196,
  "mean_intvty": 139.5747201538171,
  "median_tpot": 0.007231997394702565,
  "median_intvty": 138.274386095949,
  "std_tpot": 0.0003850412447323232,
  "std_intvty": 2597.1243696118577,
  "p99_tpot": 0.00791208862864252,
  "p99_intvty": 126.38887744253826,
  "mean_itl": 0.007174308935700516,
  "median_itl": 0.005903246346861124,
  "std_itl": 0.010092007998732168,
  "p99_itl": 0.08554083197377622,
  "mean_e2el": 6.74619473599887,
  "median_e2el": 6.711323613068089,
  "std_e2el": 0.624652451740519,
  "p99_e2el": 7.952405317630618
}