{
  "hw": "mi355x",
  "tp": 8,
  "conc": 8,
  "model": "openai/gpt-oss-120b",
  "framework": "vllm",
  "precision": "fp4",
  "tput_per_gpu": 296.92568384968587,
  "mean_ttft": 0.08421939805266447,
  "median_ttft": 0.027404560474678874,
  "std_ttft": 0.15202589795213803,
  "p99_ttft": 0.5540084426454268,
  "mean_tpot": 0.003677700785380533,
  "mean_intvty": 271.9090155390468,
  "median_tpot": 0.003681985175772214,
  "median_intvty": 271.5926198128357,
  "std_tpot": 2.7331946002452337e-05,
  "std_intvty": 36587.22287502968,
  "p99_tpot": 0.0037244729603772217,
  "p99_intvty": 268.49436434053695,
  "mean_itl": 0.003769963107135751,
  "median_itl": 0.003657340072095394,
  "std_itl": 0.001394234435480979,
  "p99_itl": 0.007619170313701034,
  "mean_e2el": 27.1416214855446,
  "median_e2el": 27.075501705985516,
  "std_e2el": 1.6831362059978017,
  "p99_e2el": 30.417766513279638
}