{
  "hw": "gb200",
  "tp": 36,
  "conc": 256,
  "model": "/mnt/lustre01/models/deepseek-r1-0528-fp4-v2",
  "framework": "dynamo-trtllm",
  "precision": "fp4",
  "tput_per_gpu": 897.5517208013234,
  "mtp": "off",
  "mean_ttft": 0.4845958402600843,
  "median_ttft": 0.24663362148567103,
  "std_ttft": 0.739031206597958,
  "p99_ttft": 3.605157599055092,
  "mean_tpot": 0.014544284698829166,
  "mean_intvty": 68.75552979793508,
  "median_tpot": 0.014076893778608181,
  "median_intvty": 71.03839921841569,
  "std_tpot": 0.0010299479054817768,
  "std_intvty": 970.922892971205,
  "p99_tpot": 0.016699783379672022,
  "p99_intvty": 59.8810162542144,
  "mean_itl": 0.28755107611802894,
  "median_itl": 0.28144808602519333,
  "std_itl": 0.03758159474204704,
  "p99_itl": 0.33938874767394744,
  "mean_e2el": 13.863162290246407,
  "median_e2el": 13.723893457528902,
  "std_e2el": 1.458566450978344,
  "p99_e2el": 17.54864352191798
}