{
  "hw": "mi355x",
  "tp": 1,
  "conc": 16,
  "model": "openai/gpt-oss-120b",
  "framework": "vllm",
  "precision": "fp4",
  "tput_per_gpu": 2714.741495656735,
  "mean_ttft": 0.12278450386365876,
  "median_ttft": 0.04904483153950423,
  "std_ttft": 0.23280240877719166,
  "p99_ttft": 1.109272295862902,
  "mean_tpot": 0.006475894740725516,
  "mean_intvty": 154.41881624653564,
  "median_tpot": 0.00642540808768113,
  "median_intvty": 155.63213827884522,
  "std_tpot": 0.0002975167134441555,
  "std_intvty": 3361.1557092832104,
  "p99_tpot": 0.007076057063548328,
  "p99_intvty": 141.3216415610058,
  "mean_itl": 0.006473838309161856,
  "median_itl": 0.006417348049581051,
  "std_itl": 0.001860842173913962,
  "p99_itl": 0.007320326275657863,
  "mean_e2el": 47.880127721650936,
  "median_e2el": 47.64235245692544,
  "std_e2el": 3.699196204744937,
  "p99_e2el": 55.934993226900694
}