{
  "hw": "h100",
  "tp": 4,
  "conc": 16,
  "model": "openai/gpt-oss-120b",
  "framework": "vllm",
  "precision": "fp4",
  "tput_per_gpu": 3899.0274538071526,
  "mean_ttft": 0.25397332454449495,
  "median_ttft": 0.15448471414856613,
  "std_ttft": 0.31175388017022343,
  "p99_ttft": 1.7007700637867669,
  "mean_tpot": 0.008729552985351142,
  "mean_intvty": 114.55340286931947,
  "median_tpot": 0.008850590296454797,
  "median_intvty": 112.98681404341598,
  "std_tpot": 0.0005667034694152003,
  "std_intvty": 1764.5912791603912,
  "p99_tpot": 0.009859608551337346,
  "p99_intvty": 101.42390489370504,
  "mean_itl": 0.008738337801604972,
  "median_itl": 0.006987903965637088,
  "std_itl": 0.01425334854403073,
  "p99_itl": 0.11972437538206578,
  "mean_e2el": 8.24223392251297,
  "median_e2el": 8.229626843007281,
  "std_e2el": 0.8300705054215435,
  "p99_e2el": 9.981714423382654
}