{
  "hw": "mi355x",
  "tp": 1,
  "conc": 8,
  "model": "openai/gpt-oss-120b",
  "framework": "vllm",
  "precision": "fp4",
  "tput_per_gpu": 1720.799478086429,
  "mean_ttft": 0.0951291643170407,
  "median_ttft": 0.04358393850270659,
  "std_ttft": 0.1554010723883794,
  "p99_ttft": 0.5852771074324846,
  "mean_tpot": 0.0050989943857948404,
  "mean_intvty": 196.11710159671378,
  "median_tpot": 0.005086082505162268,
  "median_intvty": 196.6149780277887,
  "std_tpot": 0.00016563319855086237,
  "std_intvty": 6037.4369917931745,
  "p99_tpot": 0.005429467079927257,
  "p99_intvty": 184.1801387279795,
  "mean_itl": 0.005290483131253239,
  "median_itl": 0.00505602010525763,
  "std_itl": 0.00164934600504112,
  "p99_itl": 0.01082520596683025,
  "mean_e2el": 37.610011028201555,
  "median_e2el": 37.463299944996834,
  "std_e2el": 2.6275455135772434,
  "p99_e2el": 44.25067629471188
}