{
  "hw": "h200-trt",
  "tp": 8,
  "conc": 32,
  "model": "nvidia/Llama-3.3-70B-Instruct-FP8",
  "framework": "trt",
  "precision": "fp8",
  "tput_per_gpu": 463.5866247138229,
  "mean_ttft": 0.1559778906608699,
  "median_ttft": 0.06143027567304671,
  "std_ttft": 0.28731538366266607,
  "p99_ttft": 1.1565128975361585,
  "mean_tpot": 0.009442436232828024,
  "mean_intvty": 105.90487193584133,
  "median_tpot": 0.009481635553455534,
  "median_intvty": 105.46703618402157,
  "std_tpot": 0.00012962180703885587,
  "std_intvty": 7714.751266353173,
  "p99_tpot": 0.009530556315159807,
  "p99_intvty": 104.92566928221673,
  "mean_itl": 0.09435913092608954,
  "median_itl": 0.09355585789307952,
  "std_itl": 0.007727126935124885,
  "p99_itl": 0.1288205134868622,
  "mean_e2el": 70.17546570891719,
  "median_e2el": 70.410464722896,
  "std_e2el": 4.481137677817829,
  "p99_e2el": 77.4537329196604
}