{
  "hw": "h100",
  "tp": 8,
  "conc": 4,
  "model": "openai/gpt-oss-120b",
  "framework": "vllm",
  "precision": "fp4",
  "tput_per_gpu": 866.6219776930263,
  "mean_ttft": 0.12223598306300118,
  "median_ttft": 0.11048120632767677,
  "std_ttft": 0.037679084006494765,
  "p99_ttft": 0.27085796913597726,
  "mean_tpot": 0.004933248038943468,
  "mean_intvty": 202.70620737208372,
  "median_tpot": 0.004956375800755096,
  "median_intvty": 201.76032653691266,
  "std_tpot": 8.622193188639483e-05,
  "std_intvty": 11597.97719816334,
  "p99_tpot": 0.005050286040036391,
  "p99_intvty": 198.00858645875715,
  "mean_itl": 0.0049330067420731705,
  "median_itl": 0.0046795508824288845,
  "std_itl": 0.0045129411445009515,
  "p99_itl": 0.00521947680041194,
  "mean_e2el": 4.656285653321538,
  "median_e2el": 4.62876846618019,
  "std_e2el": 0.32294801522331007,
  "p99_e2el": 5.279310284554958
}