{
  "hw": "mi300x",
  "tp": 2,
  "conc": 64,
  "model": "openai/gpt-oss-120b",
  "framework": "vllm",
  "precision": "fp4",
  "tput_per_gpu": 3403.828568986334,
  "mean_ttft": 0.29474073288402,
  "median_ttft": 0.11269557650666684,
  "std_ttft": 0.5629158288537369,
  "p99_ttft": 2.3374008486163804,
  "mean_tpot": 0.018110421825563265,
  "mean_intvty": 55.21682540759364,
  "median_tpot": 0.018196031343939982,
  "median_intvty": 54.957038768403784,
  "std_tpot": 0.0012648853806437857,
  "std_intvty": 790.5854675077615,
  "p99_tpot": 0.021605065810068647,
  "p99_intvty": 46.285441053087105,
  "mean_itl": 0.018493970325321844,
  "median_itl": 0.015292737167328596,
  "std_itl": 0.02802260388979275,
  "p99_itl": 0.08383839616551994,
  "mean_e2el": 16.990403442781826,
  "median_e2el": 16.895615812507458,
  "std_e2el": 2.013953746914407,
  "p99_e2el": 23.243083876569294
}