{
  "hw": "gb200",
  "tp": 36,
  "conc": 16,
  "model": "/mnt/lustre01/models/deepseek-r1-0528-fp4-v2",
  "framework": "dynamo-trtllm",
  "precision": "fp4",
  "tput_per_gpu": 113.29497079132011,
  "mtp": "off",
  "mean_ttft": 0.19256899769470692,
  "median_ttft": 0.14460822902037762,
  "std_ttft": 0.07855456082878588,
  "p99_ttft": 0.39957586032163817,
  "mean_tpot": 0.0074835025419645994,
  "mean_intvty": 133.62726803290107,
  "median_tpot": 0.007482253526919156,
  "median_intvty": 133.6495744767624,
  "std_tpot": 6.938253095241762e-05,
  "std_intvty": 14412.849838034846,
  "p99_tpot": 0.0076265075777846025,
  "p99_intvty": 131.1216162576064,
  "mean_itl": 0.14792063397036925,
  "median_itl": 0.1489880770095624,
  "std_itl": 0.013130594439976412,
  "p99_itl": 0.1637045217677951,
  "mean_e2el": 7.055855179428818,
  "median_e2el": 7.050965389498742,
  "std_e2el": 0.4819695722584243,
  "p99_e2el": 7.930315938373097
}