{
  "hw": "mi300x",
  "tp": 1,
  "conc": 4,
  "model": "openai/gpt-oss-120b",
  "framework": "vllm",
  "precision": "fp4",
  "tput_per_gpu": 918.9876214103854,
  "mean_ttft": 0.22642349789384753,
  "median_ttft": 0.08552199346013367,
  "std_ttft": 0.49555994170203654,
  "p99_ttft": 1.9669649467058479,
  "mean_tpot": 0.00829685484236865,
  "mean_intvty": 120.52759979521498,
  "median_tpot": 0.008368502715587318,
  "median_intvty": 119.49568925124235,
  "std_tpot": 0.0004725170589731745,
  "std_intvty": 2116.3257093259176,
  "p99_tpot": 0.00968777743011571,
  "p99_intvty": 103.22285036105087,
  "mean_itl": 0.008806393626294266,
  "median_itl": 0.008230052888393402,
  "std_itl": 0.011079286628169968,
  "p99_itl": 0.016997611755505206,
  "mean_e2el": 7.826561152661452,
  "median_e2el": 7.631362413521856,
  "std_e2el": 0.81043228603072,
  "p99_e2el": 10.295946816413197
}