{
  "hw": "mi325x",
  "tp": 8,
  "conc": 8,
  "model": "deepseek-ai/DeepSeek-R1-0528",
  "framework": "sglang",
  "precision": "fp8",
  "tput_per_gpu": 320.11223053694283,
  "mean_ttft": 0.83870803823811,
  "median_ttft": 0.5063044364796951,
  "std_ttft": 1.0011863608142269,
  "p99_ttft": 4.057734781212639,
  "mean_tpot": 0.026395968201030674,
  "mean_intvty": 37.88457359790854,
  "median_tpot": 0.026594190750281743,
  "median_intvty": 37.60219701324831,
  "std_tpot": 0.0009549683412330791,
  "std_intvty": 1047.155132607616,
  "p99_tpot": 0.028015840204295674,
  "p99_intvty": 35.69409279564172,
  "mean_itl": 0.026523806328401716,
  "median_itl": 0.023638710496015847,
  "std_itl": 0.028532673540103023,
  "p99_itl": 0.1745451751933433,
  "mean_e2el": 25.277079623955068,
  "median_e2el": 25.354430114501156,
  "std_e2el": 2.275533419148898,
  "p99_e2el": 30.75307592883007
}