{
  "hw": "b200-trt",
  "tp": 2,
  "conc": 4,
  "model": "nvidia/Llama-3.3-70B-Instruct-FP8",
  "framework": "trt",
  "precision": "fp8",
  "tput_per_gpu": 1551.704691011321,
  "mean_ttft": 0.3842816049756948,
  "median_ttft": 0.33109856001101434,
  "std_ttft": 0.19035431269056782,
  "p99_ttft": 1.1038175519928335,
  "mean_tpot": 0.010894038700337182,
  "mean_intvty": 91.79332178882832,
  "median_tpot": 0.010955035043798599,
  "median_intvty": 91.28222739607553,
  "std_tpot": 0.0002914789714825649,
  "std_intvty": 3430.7792253885327,
  "p99_tpot": 0.011460162907633055,
  "p99_intvty": 87.25879449182601,
  "mean_itl": 0.10826289553232994,
  "median_itl": 0.10007134801708162,
  "std_itl": 0.049650300412675694,
  "p99_itl": 0.3871135485894046,
  "mean_e2el": 10.3985992165457,
  "median_e2el": 10.275937937549315,
  "std_e2el": 0.750896492375502,
  "p99_e2el": 12.010989459368865
}