{
  "hw": "b200-trt",
  "tp": 2,
  "conc": 4,
  "model": "nvidia/Llama-3.3-70B-Instruct-FP8",
  "framework": "trt",
  "precision": "fp8",
  "tput_per_gpu": 225.2318794784872,
  "mean_ttft": 0.06899045514874161,
  "median_ttft": 0.05920152203179896,
  "std_ttft": 0.029151845928819427,
  "p99_ttft": 0.16972077619051562,
  "mean_tpot": 0.0098368638831935,
  "mean_intvty": 101.65841592141193,
  "median_tpot": 0.009841069068900834,
  "median_intvty": 101.61497627936998,
  "std_tpot": 1.8650956051994732e-05,
  "std_intvty": 53616.554412128884,
  "p99_tpot": 0.009867382556440856,
  "p99_intvty": 101.34399819608271,
  "mean_itl": 0.09829561999551734,
  "median_itl": 0.09834177204174921,
  "std_itl": 0.0029064034457392585,
  "p99_itl": 0.0999643168586772,
  "mean_e2el": 71.49550251297187,
  "median_e2el": 70.7952963829739,
  "std_e2el": 4.46993171461111,
  "p99_e2el": 79.87065473704017
}