{
  "hw": "h100",
  "tp": 4,
  "conc": 64,
  "model": "openai/gpt-oss-120b",
  "framework": "vllm",
  "precision": "fp4",
  "tput_per_gpu": 7156.959204432346,
  "mean_ttft": 0.6004865021604928,
  "median_ttft": 0.1745944304857403,
  "std_ttft": 1.3329931280962115,
  "p99_ttft": 7.02983500451781,
  "mean_tpot": 0.019184100803293618,
  "mean_intvty": 52.1264984089489,
  "median_tpot": 0.01969304165856027,
  "median_intvty": 50.779357365819365,
  "std_tpot": 0.0019903923593576228,
  "std_intvty": 502.41350420112093,
  "p99_tpot": 0.022508312505010446,
  "p99_intvty": 44.428030745414425,
  "mean_itl": 0.019215486293964152,
  "median_itl": 0.011838478967547417,
  "std_itl": 0.02849368913451725,
  "p99_itl": 0.13612761485390368,
  "mean_e2el": 18.293355551850983,
  "median_e2el": 18.379480520496145,
  "std_e2el": 2.6496209254545438,
  "p99_e2el": 25.774642966203395
}