{
  "hw": "b200-trt",
  "tp": 2,
  "conc": 32,
  "model": "nvidia/Llama-3.3-70B-Instruct-FP8",
  "framework": "trt",
  "precision": "fp8",
  "tput_per_gpu": 6100.122680312413,
  "mean_ttft": 0.8847061016036605,
  "median_ttft": 0.36029319098452106,
  "std_ttft": 1.6541085576607648,
  "p99_ttft": 8.58823076187051,
  "mean_tpot": 0.021971843189593387,
  "mean_intvty": 45.51279523393077,
  "median_tpot": 0.022477380534907616,
  "median_intvty": 44.489169832178135,
  "std_tpot": 0.0025237380032973175,
  "std_intvty": 396.2376438019631,
  "p99_tpot": 0.027037914675758327,
  "p99_intvty": 36.985100810920926,
  "mean_itl": 0.21890353593702327,
  "median_itl": 0.129773786989972,
  "std_itl": 0.22674331957516788,
  "p99_itl": 0.9756699225213378,
  "mean_e2el": 21.240682559335617,
  "median_e2el": 21.146016970975325,
  "std_e2el": 3.237631027645076,
  "p99_e2el": 30.352497863555328
}