{
  "hw": "mi300x",
  "tp": 8,
  "conc": 32,
  "model": "openai/gpt-oss-120b",
  "framework": "vllm",
  "precision": "fp4",
  "tput_per_gpu": 882.1446528451953,
  "mean_ttft": 0.33374257658433637,
  "median_ttft": 0.048123762011528015,
  "std_ttft": 0.805884013540743,
  "p99_ttft": 2.690532839084044,
  "mean_tpot": 0.008488989439919912,
  "mean_intvty": 117.79965178157111,
  "median_tpot": 0.008428250224490026,
  "median_intvty": 118.64858937081543,
  "std_tpot": 0.0005715693319235913,
  "std_intvty": 1749.569027145918,
  "p99_tpot": 0.010348795897020275,
  "p99_intvty": 96.62959922592826,
  "mean_itl": 0.0084923288005393,
  "median_itl": 0.0075278012081980705,
  "std_itl": 0.01496985665536902,
  "p99_itl": 0.02584043275564911,
  "mean_e2el": 8.169534608325922,
  "median_e2el": 7.861530191730708,
  "std_e2el": 1.3863285953541769,
  "p99_e2el": 13.0337288200669
}