{
  "hw": "gb200",
  "tp": 72,
  "conc": 256,
  "model": "deepseek-ai/DeepSeek-R1",
  "framework": "dynamo-sglang",
  "precision": "fp8",
  "tput_per_gpu": 859.6023963534064,
  "mtp": "off",
  "mean_ttft": 2.4038662269737014,
  "median_ttft": 0.8917576645035297,
  "std_ttft": 4.0467504719381,
  "p99_ttft": 21.709301617290475,
  "mean_tpot": 0.0320212710678762,
  "mean_intvty": 31.229241271537216,
  "median_tpot": 0.03201936526284165,
  "median_intvty": 31.231100048085466,
  "std_tpot": 0.0006533018611220788,
  "std_intvty": 1530.6859807232904,
  "p99_tpot": 0.03346220772536989,
  "p99_intvty": 29.884459752541506,
  "mean_itl": 1.5154416951499954,
  "median_itl": 1.552735167031642,
  "std_itl": 0.2027692245007698,
  "p99_itl": 1.7606487555010244,
  "mean_e2el": 30.97703402803645,
  "median_e2el": 30.04615561600076,
  "std_e2el": 4.352096520798886,
  "p99_e2el": 49.28152412639927
}