{
  "hw": "mi300x",
  "tp": 8,
  "conc": 4,
  "model": "openai/gpt-oss-120b",
  "framework": "vllm",
  "precision": "fp4",
  "tput_per_gpu": 185.45671270311385,
  "mean_ttft": 0.16972798339556902,
  "median_ttft": 0.042519642505794764,
  "std_ttft": 0.4247605425595191,
  "p99_ttft": 1.6551174635719508,
  "mean_tpot": 0.005074434302970564,
  "mean_intvty": 197.06630144262624,
  "median_tpot": 0.005021270415220134,
  "median_intvty": 199.15278750351064,
  "std_tpot": 0.00033701465864091954,
  "std_intvty": 2967.2299835048843,
  "p99_tpot": 0.006401935255867722,
  "p99_intvty": 156.20276682483558,
  "mean_itl": 0.005071892281053732,
  "median_itl": 0.004957139957696199,
  "std_itl": 0.00878773934937981,
  "p99_itl": 0.005292411744594574,
  "mean_e2el": 4.819258232833818,
  "median_e2el": 4.727889762958512,
  "std_e2el": 0.6323081500239329,
  "p99_e2el": 6.938359379325993
}