{
  "hw": "b200-trt",
  "tp": 4,
  "conc": 128,
  "model": "nvidia/Llama-3.3-70B-Instruct-FP8",
  "framework": "trt",
  "precision": "fp8",
  "tput_per_gpu": 2419.060039635511,
  "mean_ttft": 0.2521037897832684,
  "median_ttft": 0.07142121146898717,
  "std_ttft": 0.592529924933988,
  "p99_ttft": 2.8911477981391362,
  "mean_tpot": 0.014439037578408878,
  "mean_intvty": 69.25669349980289,
  "median_tpot": 0.014576939309696623,
  "median_intvty": 68.60150671923269,
  "std_tpot": 0.00039804563342630926,
  "std_intvty": 2512.2747645594545,
  "p99_tpot": 0.014821827881636458,
  "p99_intvty": 67.46806183324748,
  "mean_itl": 0.14432287036163188,
  "median_itl": 0.1435143130365759,
  "std_itl": 0.02360670945297761,
  "p99_itl": 0.20143499705940485,
  "mean_e2el": 106.62967256929997,
  "median_e2el": 106.95714369049529,
  "std_e2el": 7.9178733800151555,
  "p99_e2el": 120.41146220811991
}