{
  "hw": "mi300x",
  "tp": 2,
  "conc": 8,
  "model": "openai/gpt-oss-120b",
  "framework": "vllm",
  "precision": "fp4",
  "tput_per_gpu": 965.731203082992,
  "mean_ttft": 0.3106866042886395,
  "median_ttft": 0.06408678984735161,
  "std_ttft": 0.7217098968891064,
  "p99_ttft": 2.607167646700982,
  "mean_tpot": 0.0077776572467233894,
  "mean_intvty": 128.57342105442933,
  "median_tpot": 0.007738341931343431,
  "median_intvty": 129.2266494388925,
  "std_tpot": 0.0004369414741384124,
  "std_intvty": 2288.6360283648064,
  "p99_tpot": 0.008801039599411779,
  "p99_intvty": 113.62294064292536,
  "mean_itl": 0.00831718187355438,
  "median_itl": 0.007488746428862214,
  "std_itl": 0.013572241627678732,
  "p99_itl": 0.021530087599530807,
  "mean_e2el": 7.532495438572369,
  "median_e2el": 7.4470763771096244,
  "std_e2el": 0.9111478089032004,
  "p99_e2el": 9.95135369150433
}