{
  "hw": "mi300x",
  "tp": 4,
  "conc": 64,
  "model": "openai/gpt-oss-120b",
  "framework": "vllm",
  "precision": "fp4",
  "tput_per_gpu": 2246.068955153933,
  "mean_ttft": 0.3499303595890524,
  "median_ttft": 0.10548388212919235,
  "std_ttft": 0.753128851793232,
  "p99_ttft": 3.5255188678391276,
  "mean_tpot": 0.013536458544656366,
  "mean_intvty": 73.87456598792294,
  "median_tpot": 0.013336530160854109,
  "median_intvty": 74.98202215560072,
  "std_tpot": 0.0011601521778613461,
  "std_intvty": 861.9558874107578,
  "p99_tpot": 0.017443297629323153,
  "p99_intvty": 57.32860960412351,
  "mean_itl": 0.013556231013571871,
  "median_itl": 0.011056618764996529,
  "std_itl": 0.02023647738572302,
  "p99_itl": 0.07555055115371943,
  "mean_e2el": 12.832698367409467,
  "median_e2el": 12.470776927191764,
  "std_e2el": 2.0018991019354058,
  "p99_e2el": 19.752496296558533
}