{
  "hw": "b200",
  "tp": 1,
  "conc": 4,
  "model": "nvidia/Llama-3.3-70B-Instruct-FP8",
  "framework": "vllm",
  "precision": "fp8",
  "tput_per_gpu": 278.0558425556692,
  "mean_ttft": 0.11776213624689262,
  "median_ttft": 0.10064182797214016,
  "std_ttft": 0.05068115835251584,
  "p99_ttft": 0.27017774411302525,
  "mean_tpot": 0.015931100574895708,
  "mean_intvty": 62.77030235913544,
  "median_tpot": 0.015943084044277203,
  "median_intvty": 62.72312165091745,
  "std_tpot": 4.5483331797084495e-05,
  "std_intvty": 21986.076228129365,
  "p99_tpot": 0.016020743046507132,
  "p99_intvty": 62.41907738592821,
  "mean_itl": 0.015931245054678713,
  "median_itl": 0.015922573482384905,
  "std_itl": 0.0010578492488835804,
  "p99_itl": 0.016341539591085166,
  "mean_e2el": 115.79532888887334,
  "median_e2el": 114.83655497748987,
  "std_e2el": 7.249217821704572,
  "p99_e2el": 129.3889518560114
}