{
  "hw": "h100",
  "tp": 8,
  "conc": 64,
  "model": "openai/gpt-oss-120b",
  "framework": "vllm",
  "precision": "fp4",
  "tput_per_gpu": 4744.6989226136175,
  "mean_ttft": 0.4350962514145067,
  "median_ttft": 0.13338660425506532,
  "std_ttft": 0.9494160422572171,
  "p99_ttft": 5.015482545313427,
  "mean_tpot": 0.01446107928584151,
  "mean_intvty": 69.1511318231327,
  "median_tpot": 0.014787821142612966,
  "median_intvty": 67.62321442463043,
  "std_tpot": 0.0013996414355413654,
  "std_intvty": 714.4687022024405,
  "p99_tpot": 0.016944987299687388,
  "p99_intvty": 59.01450277383499,
  "mean_itl": 0.014483650205785485,
  "median_itl": 0.009212535806000233,
  "std_itl": 0.02008086536501986,
  "p99_itl": 0.09620547677390277,
  "mean_e2el": 13.771075469292555,
  "median_e2el": 13.849745696177706,
  "std_e2el": 1.9079990002391434,
  "p99_e2el": 19.145051681599583
}