{
  "hw": "mi300x",
  "tp": 2,
  "conc": 4,
  "model": "amd/Llama-3.3-70B-Instruct-FP8-KV",
  "framework": "vllm",
  "precision": "fp8",
  "tput_per_gpu": 214.34364925396903,
  "mean_ttft": 0.2273492590407841,
  "median_ttft": 0.159215030958876,
  "std_ttft": 0.20903722371615488,
  "p99_ttft": 0.9586841572215781,
  "mean_tpot": 0.017933212753338375,
  "mean_intvty": 55.76245671952138,
  "median_tpot": 0.01795478569075448,
  "median_intvty": 55.69545731280621,
  "std_tpot": 0.00017288586687594056,
  "std_intvty": 5784.162800985809,
  "p99_tpot": 0.018164099796313855,
  "p99_intvty": 55.0536503990655,
  "mean_itl": 0.017933618163350092,
  "median_itl": 0.01761628594249487,
  "std_itl": 0.005985508128124943,
  "p99_itl": 0.01795653335750103,
  "mean_e2el": 16.66754503750708,
  "median_e2el": 16.817966729402542,
  "std_e2el": 1.1485339146101887,
  "p99_e2el": 18.857792636970988
}