{
  "hw": "gb200",
  "tp": 36,
  "conc": 32,
  "model": "/mnt/lustre01/models/deepseek-r1-0528-fp4-v2",
  "framework": "dynamo-trtllm",
  "precision": "fp4",
  "tput_per_gpu": 288.472988212743,
  "mtp": "on",
  "mean_ttft": 0.3297905129038554,
  "median_ttft": 0.22847775448462926,
  "std_ttft": 0.3540629657359784,
  "p99_ttft": 1.7051677643874428,
  "mean_tpot": 0.0055377109688145385,
  "mean_intvty": 180.58002767415482,
  "median_tpot": 0.005569671450066973,
  "median_intvty": 179.54380414808406,
  "std_tpot": 0.00044088107972468503,
  "std_intvty": 2268.185336110285,
  "p99_tpot": 0.006382078977414976,
  "p99_intvty": 156.6887535454856,
  "mean_itl": 0.250002888636937,
  "median_itl": 0.2540102999773808,
  "std_itl": 0.033595939315693095,
  "p99_itl": 0.29344561236794103,
  "mean_e2el": 5.402114648141151,
  "median_e2el": 5.373103803489357,
  "std_e2el": 0.6108423840972668,
  "p99_e2el": 7.214619288934044
}