{
  "hw": "h200-trt",
  "tp": 4,
  "conc": 64,
  "model": "nvidia/Llama-3.3-70B-Instruct-FP8",
  "framework": "trt",
  "precision": "fp8",
  "tput_per_gpu": 1266.1410671904341,
  "mean_ttft": 0.2791736221130122,
  "median_ttft": 0.08216489502228796,
  "std_ttft": 0.6179805431636534,
  "p99_ttft": 2.8337360201217234,
  "mean_tpot": 0.013745708782681814,
  "mean_intvty": 72.74997716086476,
  "median_tpot": 0.013797130533048402,
  "median_intvty": 72.47883881396137,
  "std_tpot": 0.0002324417538013007,
  "std_intvty": 4302.153049726318,
  "p99_tpot": 0.013983940809493351,
  "p99_intvty": 71.510600167953,
  "mean_itl": 0.13736699903741068,
  "median_itl": 0.1358958021737635,
  "std_itl": 0.019227816402277473,
  "p99_itl": 0.1912309674732387,
  "mean_e2el": 101.80561996580946,
  "median_e2el": 101.66247984650545,
  "std_e2el": 6.9424831810863115,
  "p99_e2el": 113.89699772454799
}