{
  "hw": "h200-trt",
  "tp": 4,
  "conc": 16,
  "model": "nvidia/Llama-3.3-70B-Instruct-FP8",
  "framework": "trt",
  "precision": "fp8",
  "tput_per_gpu": 465.74881787394565,
  "mean_ttft": 0.13446578022849281,
  "median_ttft": 0.06882552336901426,
  "std_ttft": 0.1995083608526446,
  "p99_ttft": 0.7522408598149195,
  "mean_tpot": 0.009376573105021806,
  "mean_intvty": 106.64877123012356,
  "median_tpot": 0.009393679067694064,
  "median_intvty": 106.45456298790474,
  "std_tpot": 5.91289773232647e-05,
  "std_intvty": 16912.181560876466,
  "p99_tpot": 0.009443104978050329,
  "p99_intvty": 105.89737192633275,
  "mean_itl": 0.0937015705930616,
  "median_itl": 0.09335901495069265,
  "std_itl": 0.00630843263472868,
  "p99_itl": 0.13233657170087096,
  "mean_e2el": 69.30789321979974,
  "median_e2el": 69.46158870868385,
  "std_e2el": 4.650501795385456,
  "p99_e2el": 76.97207279213238
}