{
  "hw": "h100",
  "tp": 4,
  "conc": 4,
  "model": "openai/gpt-oss-120b",
  "framework": "vllm",
  "precision": "fp4",
  "tput_per_gpu": 1561.9831347978895,
  "mean_ttft": 0.15488359124865383,
  "median_ttft": 0.14564631693065166,
  "std_ttft": 0.05044784142307251,
  "p99_ttft": 0.3648435201123356,
  "mean_tpot": 0.005459363105526532,
  "mean_intvty": 183.17154962411212,
  "median_tpot": 0.005478435884871046,
  "median_intvty": 182.53385108723208,
  "std_tpot": 0.0001405137973514643,
  "std_intvty": 7116.738845927851,
  "p99_tpot": 0.005753734131150692,
  "p99_intvty": 173.8001751916211,
  "mean_itl": 0.005459557455597962,
  "median_itl": 0.005104837007820606,
  "std_itl": 0.006424795725994181,
  "p99_itl": 0.005508256144821646,
  "mean_e2el": 5.172899183200206,
  "median_e2el": 5.128141436027363,
  "std_e2el": 0.3671441494886818,
  "p99_e2el": 5.904999922886491
}