{
  "hw": "mi325x",
  "tp": 8,
  "conc": 32,
  "model": "openai/gpt-oss-120b",
  "framework": "vllm",
  "precision": "fp4",
  "tput_per_gpu": 3709.161560432827,
  "mean_ttft": 0.42674996853020275,
  "median_ttft": 0.15703652845695615,
  "std_ttft": 0.7722715155950406,
  "p99_ttft": 3.7450092165032403,
  "mean_tpot": 0.008937874664597948,
  "mean_intvty": 111.88342167751611,
  "median_tpot": 0.008914516456493462,
  "median_intvty": 112.17658353993902,
  "std_tpot": 0.0009448966078268469,
  "std_intvty": 1058.3168483373906,
  "p99_tpot": 0.011351482407813477,
  "p99_intvty": 88.09422100779348,
  "mean_itl": 0.008964783913863565,
  "median_itl": 0.006269910139963031,
  "std_itl": 0.018935547896471824,
  "p99_itl": 0.08537288359366352,
  "mean_e2el": 8.70561549175909,
  "median_e2el": 8.56371593894437,
  "std_e2el": 1.419898736660894,
  "p99_e2el": 13.266816052868963
}