{
  "hw": "gb200",
  "tp": 36,
  "conc": 512,
  "model": "/mnt/lustre01/models/deepseek-r1-0528-fp4-v2",
  "framework": "dynamo-trtllm",
  "precision": "fp4",
  "tput_per_gpu": 2478.1823499685847,
  "mtp": "on",
  "mean_ttft": 1.3159651743040115,
  "median_ttft": 0.4783245900180191,
  "std_ttft": 2.1685325056062097,
  "p99_ttft": 9.7591508397687,
  "mean_tpot": 0.00933303967483013,
  "mean_intvty": 107.1462283286823,
  "median_tpot": 0.0094464719912947,
  "median_intvty": 105.85962684497872,
  "std_tpot": 0.0008690688183543565,
  "std_intvty": 1150.6568627022784,
  "p99_tpot": 0.010910289739164842,
  "p99_intvty": 91.65659427084543,
  "mean_itl": 0.42825089358210816,
  "median_itl": 0.4377747469698079,
  "std_itl": 0.06016072574780301,
  "p99_itl": 0.5213182999868884,
  "mean_e2el": 9.904089266303643,
  "median_e2el": 9.33658263151301,
  "std_e2el": 2.3813892685088947,
  "p99_e2el": 18.4370531841938
}