{
  "hw": "h100",
  "tp": 2,
  "conc": 64,
  "model": "openai/gpt-oss-120b",
  "framework": "vllm",
  "precision": "fp4",
  "tput_per_gpu": 9521.837392442952,
  "mean_ttft": 0.9236213657990447,
  "median_ttft": 0.254220052389428,
  "std_ttft": 2.13345464097941,
  "p99_ttft": 11.24000092212111,
  "mean_tpot": 0.028871611682851666,
  "mean_intvty": 34.6360989814071,
  "median_tpot": 0.029657030536454777,
  "median_intvty": 33.71881749154852,
  "std_tpot": 0.003245318982832733,
  "std_intvty": 308.1361201440768,
  "p99_tpot": 0.03423565974492804,
  "p99_intvty": 29.209310042525136,
  "mean_itl": 0.02892166731172533,
  "median_itl": 0.016883760690689087,
  "std_itl": 0.046224147608221335,
  "p99_itl": 0.21917940275743603,
  "mean_e2el": 27.553562731223792,
  "median_e2el": 27.700856847455725,
  "std_e2el": 4.192258395182286,
  "p99_e2el": 39.25441162737087
}