{
  "hw": "mi325x",
  "tp": 1,
  "conc": 8,
  "model": "openai/gpt-oss-120b",
  "framework": "vllm",
  "precision": "fp4",
  "tput_per_gpu": 6476.9969565841975,
  "mean_ttft": 0.5005558758828557,
  "median_ttft": 0.30993598245549947,
  "std_ttft": 0.4740484662474587,
  "p99_ttft": 2.4474074665573418,
  "mean_tpot": 0.01028804948345497,
  "mean_intvty": 97.2001545684806,
  "median_tpot": 0.010349792720542672,
  "median_intvty": 96.62029250258907,
  "std_tpot": 0.0006310695441842971,
  "std_intvty": 1584.6114096546557,
  "p99_tpot": 0.011558976991457186,
  "p99_intvty": 86.51284631322159,
  "mean_itl": 0.010313251796752396,
  "median_itl": 0.008523798431269825,
  "std_itl": 0.021937388625643667,
  "p99_itl": 0.010235425650607794,
  "mean_e2el": 10.034383295004954,
  "median_e2el": 9.98614891548641,
  "std_e2el": 1.1769573109378697,
  "p99_e2el": 13.180129474275743
}