{
  "hw": "mi300x",
  "tp": 1,
  "conc": 8,
  "model": "amd/Llama-3.3-70B-Instruct-FP8-KV",
  "framework": "vllm",
  "precision": "fp8",
  "tput_per_gpu": 1396.2034755069935,
  "mean_ttft": 3.0294534732354803,
  "median_ttft": 2.3863164144568145,
  "std_ttft": 2.1505792504777843,
  "p99_ttft": 10.487077682474627,
  "mean_tpot": 0.04698342666946674,
  "mean_intvty": 21.284101030669888,
  "median_tpot": 0.047968465946044744,
  "median_intvty": 20.847028986184522,
  "std_tpot": 0.004688777903087305,
  "std_intvty": 213.2751903948264,
  "p99_tpot": 0.05360497112160135,
  "p99_intvty": 18.654986264828473,
  "mean_itl": 0.04712099721950422,
  "median_itl": 0.03166992403566837,
  "std_itl": 0.19127977088640907,
  "p99_itl": 0.032543815188109865,
  "mean_e2el": 46.6098965703859,
  "median_e2el": 46.63012151280418,
  "std_e2el": 6.019357330869553,
  "p99_e2el": 58.78786919016391
}