{
  "hw": "mi300x",
  "tp": 1,
  "conc": 16,
  "model": "openai/gpt-oss-120b",
  "framework": "vllm",
  "precision": "fp4",
  "tput_per_gpu": 6664.4449632584765,
  "mean_ttft": 0.7301014420518186,
  "median_ttft": 0.360807862598449,
  "std_ttft": 1.1271934888700976,
  "p99_ttft": 5.581008058488365,
  "mean_tpot": 0.020432153579385798,
  "mean_intvty": 48.94246688752917,
  "median_tpot": 0.020496287288948357,
  "median_intvty": 48.78932393474023,
  "std_tpot": 0.0017789432163649959,
  "std_intvty": 562.1314895274455,
  "p99_tpot": 0.02438152642538485,
  "p99_intvty": 41.01465931841122,
  "mean_itl": 0.020451310692158695,
  "median_itl": 0.01568372081965208,
  "std_itl": 0.04130456998837736,
  "p99_itl": 0.30122835701331513,
  "mean_e2el": 19.425922581512715,
  "median_e2el": 19.36645603273064,
  "std_e2el": 2.423906736353337,
  "p99_e2el": 25.582005552677437
}