{
  "hw": "gb200",
  "tp": 36,
  "conc": 4,
  "model": "/mnt/lustre01/models/deepseek-r1-0528-fp4-v2",
  "framework": "dynamo-trtllm",
  "precision": "fp4",
  "tput_per_gpu": 55.41332541624437,
  "mtp": "on",
  "mean_ttft": 0.2330719407818833,
  "median_ttft": 0.14955992801696993,
  "std_ttft": 0.21514533327089594,
  "p99_ttft": 0.938705882516806,
  "mean_tpot": 0.003636214218536756,
  "mean_intvty": 275.0113001874814,
  "median_tpot": 0.0036838518751186795,
  "median_intvty": 271.4549970790516,
  "std_tpot": 0.00030475293970068184,
  "std_intvty": 3281.34652608164,
  "p99_tpot": 0.004134351965972579,
  "p99_intvty": 241.8758751626403,
  "mean_itl": 0.1675372588236152,
  "median_itl": 0.16623521299334243,
  "std_itl": 0.021050931992876457,
  "p99_itl": 0.18575453096535055,
  "mean_e2el": 3.6099946769390954,
  "median_e2el": 3.623612283496186,
  "std_e2el": 0.4228031038456576,
  "p99_e2el": 4.486382863358595
}