{
  "hw": "mi300x",
  "tp": 8,
  "conc": 8,
  "model": "openai/gpt-oss-120b",
  "framework": "vllm",
  "precision": "fp4",
  "tput_per_gpu": 363.8240771537277,
  "mean_ttft": 0.19405407955637202,
  "median_ttft": 0.04570927331224084,
  "std_ttft": 0.4542800896085325,
  "p99_ttft": 1.9587819435726852,
  "mean_tpot": 0.0051538494925347554,
  "mean_intvty": 194.0297250527939,
  "median_tpot": 0.005055001016516363,
  "median_intvty": 197.82389691568184,
  "std_tpot": 0.00033107249578158117,
  "std_intvty": 3020.48648782873,
  "p99_tpot": 0.006232547043639562,
  "p99_intvty": 160.44804684154286,
  "mean_itl": 0.005156080297464137,
  "median_itl": 0.004906842485070229,
  "std_itl": 0.008586674612218709,
  "p99_itl": 0.005813554255291821,
  "mean_e2el": 4.979282963729929,
  "median_e2el": 4.817412497475743,
  "std_e2el": 0.7292163143977526,
  "p99_e2el": 7.122513447739183
}