{
  "hw": "h100",
  "tp": 8,
  "conc": 16,
  "model": "nvidia/Llama-3.3-70B-Instruct-FP8",
  "framework": "vllm",
  "precision": "fp8",
  "tput_per_gpu": 193.57703362295325,
  "mean_ttft": 0.09077690453268587,
  "median_ttft": 0.06029302906244993,
  "std_ttft": 0.09678587747887658,
  "p99_ttft": 0.4753671117126942,
  "mean_tpot": 0.011309225023315333,
  "mean_intvty": 88.42338868829466,
  "median_tpot": 0.01133514415920792,
  "median_intvty": 88.22119824454693,
  "std_tpot": 9.466965925148086e-05,
  "std_intvty": 10563.046364660466,
  "p99_tpot": 0.011397397926514783,
  "p99_intvty": 87.73932492728106,
  "mean_itl": 0.011309400692153799,
  "median_itl": 0.01127997413277626,
  "std_itl": 0.0017484081473175233,
  "p99_itl": 0.011876477859914308,
  "mean_e2el": 83.5199429451488,
  "median_e2el": 83.70430656895041,
  "std_e2el": 5.59552816373148,
  "p99_e2el": 92.65411075843498
}