{
  "hw": "b200-trt",
  "tp": 2,
  "conc": 8,
  "model": "nvidia/Llama-3.3-70B-Instruct-FP8",
  "framework": "trt",
  "precision": "fp8",
  "tput_per_gpu": 435.79971442789923,
  "mean_ttft": 0.08607699264830444,
  "median_ttft": 0.06281937856692821,
  "std_ttft": 0.07134430308676257,
  "p99_ttft": 0.31633506511105225,
  "mean_tpot": 0.010024635872053416,
  "mean_intvty": 99.75424671411662,
  "median_tpot": 0.010036946962901706,
  "median_intvty": 99.63189042406752,
  "std_tpot": 3.7826992464553946e-05,
  "std_intvty": 26436.148761682736,
  "p99_tpot": 0.010064090747582568,
  "p99_intvty": 99.36317398968244,
  "mean_itl": 0.10017617214603841,
  "median_itl": 0.10005619586445391,
  "std_itl": 0.004054044436700733,
  "p99_itl": 0.10826089303009212,
  "mean_e2el": 73.84203575555584,
  "median_e2el": 73.97946159052663,
  "std_e2el": 4.64224890480652,
  "p99_e2el": 82.22404471135
}