{
  "hw": "mi300x",
  "tp": 8,
  "conc": 8,
  "model": "deepseek-ai/DeepSeek-R1-0528",
  "framework": "sglang",
  "precision": "fp8",
  "tput_per_gpu": 298.11384991438905,
  "mean_ttft": 0.9395169026800432,
  "median_ttft": 0.5549097741022706,
  "std_ttft": 1.1671768661779114,
  "p99_ttft": 4.69655365661718,
  "mean_tpot": 0.028322951841732315,
  "mean_intvty": 35.30705434899461,
  "median_tpot": 0.028420159130664806,
  "median_intvty": 35.18629137164187,
  "std_tpot": 0.0011531920590838976,
  "std_intvty": 867.1582431762545,
  "p99_tpot": 0.030367179124788226,
  "p99_intvty": 32.93028950402958,
  "mean_itl": 0.0283593411460056,
  "median_itl": 0.025025813840329647,
  "std_itl": 0.03283270566681109,
  "p99_itl": 0.19711616648361086,
  "mean_e2el": 27.165880783495957,
  "median_e2el": 27.108525150921196,
  "std_e2el": 2.662683348447529,
  "p99_e2el": 34.06248630162328
}