{
  "hw": "gb200",
  "tp": 72,
  "conc": 8192,
  "model": "deepseek-ai/DeepSeek-R1",
  "framework": "dynamo-sglang",
  "precision": "fp8",
  "tput_per_gpu": 4175.565327777256,
  "mtp": "off",
  "mean_ttft": 8.77424087480266,
  "median_ttft": 4.43384107350721,
  "std_ttft": 9.284264400677685,
  "p99_ttft": 37.8201380564447,
  "mean_tpot": 0.04035073306926809,
  "mean_intvty": 24.782697213538846,
  "median_tpot": 0.04112873886313573,
  "median_intvty": 24.313898933971792,
  "std_tpot": 0.004014703845818578,
  "std_intvty": 249.08437543693964,
  "p99_tpot": 0.04592331324385151,
  "p99_intvty": 21.775432331940596,
  "mean_itl": 1.9096648786624832,
  "median_itl": 1.9089023900451139,
  "std_itl": 0.5826952905709126,
  "p99_itl": 3.301813370982418,
  "mean_e2el": 44.870217168057735,
  "median_e2el": 42.19249270501314,
  "std_e2el": 10.2623492975669,
  "p99_e2el": 78.93817186423868
}