{
  "hw": "mi300x",
  "tp": 8,
  "conc": 4,
  "model": "deepseek-ai/DeepSeek-R1-0528",
  "framework": "sglang",
  "precision": "fp8",
  "tput_per_gpu": 175.69466672720225,
  "mean_ttft": 0.7010005582822487,
  "median_ttft": 0.544024892617017,
  "std_ttft": 0.5633592351747951,
  "p99_ttft": 2.6775134754367174,
  "mean_tpot": 0.024214392708524636,
  "mean_intvty": 41.2977526232963,
  "median_tpot": 0.02422179751902277,
  "median_intvty": 41.28512754739373,
  "std_tpot": 0.000554728193067176,
  "std_intvty": 1802.684652587872,
  "p99_tpot": 0.025932899513869564,
  "p99_intvty": 38.56105637031351,
  "mean_itl": 0.024210101546886607,
  "median_itl": 0.022663029842078686,
  "std_itl": 0.021010325263955163,
  "p99_itl": 0.023871873654425144,
  "mean_e2el": 22.953109831735492,
  "median_e2el": 22.609322644304484,
  "std_e2el": 1.8193234838552557,
  "p99_e2el": 27.7915689622052
}