{
  "hw": "h200-trt",
  "tp": 4,
  "conc": 32,
  "model": "nvidia/Llama-3.3-70B-Instruct-FP8",
  "framework": "trt",
  "precision": "fp8",
  "tput_per_gpu": 793.1458792112618,
  "mean_ttft": 0.18367119833710605,
  "median_ttft": 0.07327811326831579,
  "std_ttft": 0.33928958702804995,
  "p99_ttft": 1.4139378551673145,
  "mean_tpot": 0.01102316135496992,
  "mean_intvty": 90.71807694705824,
  "median_tpot": 0.011056369214277882,
  "median_intvty": 90.44560475681548,
  "std_tpot": 0.0001164198265382025,
  "std_intvty": 8589.60221583783,
  "p99_tpot": 0.011132954787167977,
  "p99_intvty": 89.82341338102047,
  "mean_itl": 0.11015827564954937,
  "median_itl": 0.1092546246945858,
  "std_itl": 0.009771111798170397,
  "p99_itl": 0.15246649503707888,
  "mean_e2el": 81.92696374061343,
  "median_e2el": 82.16372161731124,
  "std_e2el": 5.216271888795516,
  "p99_e2el": 90.5786317259539
}