{
  "hw": "mi355x",
  "tp": 1,
  "conc": 8,
  "model": "amd/Llama-3.3-70B-Instruct-FP8-KV",
  "framework": "vllm",
  "precision": "fp8",
  "tput_per_gpu": 441.41250951075983,
  "mean_ttft": 0.21257801570463924,
  "median_ttft": 0.13881702453363687,
  "std_ttft": 0.23680466986084694,
  "p99_ttft": 0.977338824479375,
  "mean_tpot": 0.01982605014505206,
  "mean_intvty": 50.43869014169561,
  "median_tpot": 0.01984592549800524,
  "median_intvty": 50.3881766612755,
  "std_tpot": 8.624796602256429e-05,
  "std_intvty": 11594.476323515606,
  "p99_tpot": 0.0199117939415328,
  "p99_intvty": 50.22149199295202,
  "mean_itl": 0.01982847244397345,
  "median_itl": 0.019795938511379063,
  "std_itl": 0.00269967436494543,
  "p99_itl": 0.020716575158294292,
  "mean_e2el": 146.08123098073992,
  "median_e2el": 146.18788781343028,
  "std_e2el": 9.167006935346436,
  "p99_e2el": 162.51677742397646
}