{
  "hw": "h200-trt",
  "tp": 8,
  "conc": 8,
  "model": "nvidia/Llama-3.3-70B-Instruct-FP8",
  "framework": "trt",
  "precision": "fp8",
  "tput_per_gpu": 159.96271979862698,
  "mean_ttft": 0.1041184880752553,
  "median_ttft": 0.06177707599999849,
  "std_ttft": 0.12835579635205258,
  "p99_ttft": 0.5046023717243224,
  "mean_tpot": 0.006829430784353383,
  "mean_intvty": 146.42508747450188,
  "median_tpot": 0.006838825262124426,
  "median_intvty": 146.22394368493605,
  "std_tpot": 2.8134289552285322e-05,
  "std_intvty": 35543.81560414313,
  "p99_tpot": 0.00685912884621779,
  "p99_intvty": 145.79110881572265,
  "mean_itl": 0.0682463863017121,
  "median_itl": 0.06814583198865876,
  "std_itl": 0.003760853836560033,
  "p99_itl": 0.07173644899739884,
  "mean_e2el": 50.3513732576881,
  "median_e2el": 50.43376399148838,
  "std_e2el": 3.1532115682250286,
  "p99_e2el": 56.06643223344203
}