{
  "hw": "gb200",
  "tp": 72,
  "conc": 5120,
  "model": "deepseek-ai/DeepSeek-R1",
  "framework": "dynamo-sglang",
  "precision": "fp8",
  "tput_per_gpu": 3578.1732521795866,
  "mtp": "off",
  "mean_ttft": 4.29356209909542,
  "median_ttft": 1.2652799030183814,
  "std_ttft": 6.24445667730952,
  "p99_ttft": 24.66986111938313,
  "mean_tpot": 0.0325704454582684,
  "mean_intvty": 30.702681094161637,
  "median_tpot": 0.03302177093959494,
  "median_intvty": 30.283051803286064,
  "std_tpot": 0.0016853327814424406,
  "std_intvty": 593.3546246837501,
  "p99_tpot": 0.03470110074107048,
  "p99_intvty": 28.817529664597934,
  "mean_itl": 1.541584566448611,
  "median_itl": 1.5892048469977453,
  "std_itl": 0.2687108320549749,
  "p99_itl": 2.131223638500087,
  "mean_e2el": 33.45148990348551,
  "median_e2el": 31.57545546750771,
  "std_e2el": 6.688411447493267,
  "p99_e2el": 55.20597785892313
}