{
  "hw": "gb200",
  "tp": 36,
  "conc": 128,
  "model": "/mnt/lustre01/models/deepseek-r1-0528-fp4-v2",
  "framework": "dynamo-trtllm",
  "precision": "fp4",
  "tput_per_gpu": 559.117840305808,
  "mtp": "off",
  "mean_ttft": 0.37486915041665725,
  "median_ttft": 0.2608734849782195,
  "std_ttft": 0.38286555814863443,
  "p99_ttft": 2.043414492146694,
  "mean_tpot": 0.011851530362072319,
  "mean_intvty": 84.3772887930351,
  "median_tpot": 0.011782257383298867,
  "median_intvty": 84.87337930823693,
  "std_tpot": 0.0003504763320133819,
  "std_intvty": 2853.2597172975948,
  "p99_tpot": 0.012944899656547364,
  "p99_intvty": 77.25050224659044,
  "mean_itl": 0.23435744848678605,
  "median_itl": 0.2349592840182595,
  "std_itl": 0.023273931348475472,
  "p99_itl": 0.2694577936688438,
  "mean_e2el": 11.279127487917492,
  "median_e2el": 11.246848087001126,
  "std_e2el": 0.8296243693101448,
  "p99_e2el": 13.368546596164816
}