{
  "hw": "mi300x",
  "tp": 2,
  "conc": 4,
  "model": "amd/Llama-3.3-70B-Instruct-FP8-KV",
  "framework": "vllm",
  "precision": "fp8",
  "tput_per_gpu": 121.10827165064227,
  "mean_ttft": 0.19767211115686223,
  "median_ttft": 0.16288851900026202,
  "std_ttft": 0.10162438034271062,
  "p99_ttft": 0.5556136915925889,
  "mean_tpot": 0.018297763853106264,
  "mean_intvty": 54.65148681707563,
  "median_tpot": 0.018311238622182088,
  "median_intvty": 54.61127019493962,
  "std_tpot": 5.390007486079487e-05,
  "std_intvty": 18552.849927994568,
  "p99_tpot": 0.018351693110193256,
  "p99_intvty": 54.49088506414487,
  "mean_itl": 0.0182983001254129,
  "median_itl": 0.018263547914102674,
  "std_itl": 0.0028331071225022706,
  "p99_itl": 0.018627604376524685,
  "mean_e2el": 133.06254403978818,
  "median_e2el": 131.65653844410554,
  "std_e2el": 8.372892964336293,
  "p99_e2el": 148.6166591376299
}