{
  "hw": "mi300x",
  "tp": 1,
  "conc": 32,
  "model": "amd/Llama-3.3-70B-Instruct-FP8-KV",
  "framework": "vllm",
  "precision": "fp8",
  "tput_per_gpu": 1707.8756303737327,
  "mean_ttft": 0.7445685827318812,
  "median_ttft": 0.296400842955336,
  "std_ttft": 1.3203228220107448,
  "p99_ttft": 4.843420180291869,
  "mean_tpot": 0.03562211353089458,
  "mean_intvty": 28.072449972198125,
  "median_tpot": 0.036144754051429834,
  "median_intvty": 27.666532149509575,
  "std_tpot": 0.001744292131977438,
  "std_intvty": 573.2984639828294,
  "p99_tpot": 0.037889030134145706,
  "p99_intvty": 26.392863487387,
  "mean_itl": 0.03564731422080689,
  "median_itl": 0.02991356421262026,
  "std_itl": 0.035419698201070486,
  "p99_itl": 0.23703795876354006,
  "mean_e2el": 33.63601106678543,
  "median_e2el": 33.62417027517222,
  "std_e2el": 2.822634927107745,
  "p99_e2el": 40.023112620729954
}