{
  "hw": "mi300x",
  "tp": 4,
  "conc": 64,
  "model": "openai/gpt-oss-120b",
  "framework": "vllm",
  "precision": "fp4",
  "tput_per_gpu": 2383.68722545258,
  "mean_ttft": 0.2381789322003897,
  "median_ttft": 0.10687938006594777,
  "std_ttft": 0.4247402102433779,
  "p99_ttft": 1.6986244061309845,
  "mean_tpot": 0.012852688229806458,
  "mean_intvty": 77.8047348632418,
  "median_tpot": 0.012751840696579357,
  "median_intvty": 78.42005117490582,
  "std_tpot": 0.0010469596358874608,
  "std_intvty": 955.1466605991402,
  "p99_tpot": 0.016040223254936165,
  "p99_intvty": 62.34327191750671,
  "mean_itl": 0.012872044825852637,
  "median_itl": 0.010386329144239426,
  "std_itl": 0.023876005080079997,
  "p99_itl": 0.07774269189685584,
  "mean_e2el": 12.090938679680402,
  "median_e2el": 11.951543301576748,
  "std_e2el": 1.615814032853844,
  "p99_e2el": 17.363438176834027
}