{
  "hw": "mi300x",
  "tp": 1,
  "conc": 4,
  "model": "amd/Llama-3.3-70B-Instruct-FP8-KV",
  "framework": "vllm",
  "precision": "fp8",
  "tput_per_gpu": 1030.9442792459972,
  "mean_ttft": 2.0227938113501294,
  "median_ttft": 1.7717625354416668,
  "std_ttft": 0.9480390851291904,
  "p99_ttft": 5.315438381563872,
  "mean_tpot": 0.031997426847860055,
  "mean_intvty": 31.252513045963216,
  "median_tpot": 0.03234341072884221,
  "median_intvty": 30.918198713911483,
  "std_tpot": 0.0014237242033712234,
  "std_intvty": 702.383226773914,
  "p99_tpot": 0.03407486245330972,
  "p99_intvty": 29.347147075655155,
  "mean_itl": 0.03198679018156206,
  "median_itl": 0.02702704817056656,
  "std_itl": 0.09261101701547879,
  "p99_itl": 0.02758639879524708,
  "mean_e2el": 31.422651845077052,
  "median_e2el": 31.03084518481046,
  "std_e2el": 2.5571780460576647,
  "p99_e2el": 37.25488181114196
}