{
  "hw": "mi300x",
  "tp": 1,
  "conc": 32,
  "model": "amd/Llama-3.3-70B-Instruct-FP8-KV",
  "framework": "vllm",
  "precision": "fp8",
  "tput_per_gpu": 3260.72194187291,
  "mean_ttft": 4.471120442451502,
  "median_ttft": 1.4798180141951889,
  "std_ttft": 8.890754458989285,
  "p99_ttft": 39.469667904735545,
  "mean_tpot": 0.08129913593268116,
  "mean_intvty": 12.300253729978616,
  "median_tpot": 0.08416161447915121,
  "median_intvty": 11.881901341706358,
  "std_tpot": 0.011393310959430816,
  "std_intvty": 87.77079845891942,
  "p99_tpot": 0.10106149213791812,
  "p99_intvty": 9.894965716865777,
  "mean_itl": 0.08150695334472532,
  "median_itl": 0.04265509033575654,
  "std_itl": 0.2601328995733642,
  "p99_itl": 1.3907320803124457,
  "mean_e2el": 79.81996859485517,
  "median_e2el": 79.99351817090064,
  "std_e2el": 13.321283599446488,
  "p99_e2el": 117.2660243386915
}