{
  "hw": "mi300x",
  "tp": 8,
  "conc": 8,
  "model": "amd/Llama-3.3-70B-Instruct-FP8-KV",
  "framework": "vllm",
  "precision": "fp8",
  "tput_per_gpu": 196.31133823387722,
  "mean_ttft": 0.20279811043292284,
  "median_ttft": 0.12847145553678274,
  "std_ttft": 0.21283450581440364,
  "p99_ttft": 0.8865719277877361,
  "mean_tpot": 0.009717877822028171,
  "mean_intvty": 102.90312538538325,
  "median_tpot": 0.009767035154448041,
  "median_intvty": 102.38521559376044,
  "std_tpot": 0.00019332669970478658,
  "std_intvty": 5172.591274392095,
  "p99_tpot": 0.010006355683871121,
  "p99_intvty": 99.93648353034897,
  "mean_itl": 0.009721681764496604,
  "median_itl": 0.009093340951949358,
  "std_itl": 0.0077026383069698735,
  "p99_itl": 0.009918177174404266,
  "mean_e2el": 9.225247541803402,
  "median_e2el": 9.262622529175133,
  "std_e2el": 0.6681247726206293,
  "p99_e2el": 10.38961591819301
}