{
  "hw": "mi300x",
  "tp": 2,
  "conc": 4,
  "model": "amd/Llama-3.3-70B-Instruct-FP8-KV",
  "framework": "vllm",
  "precision": "fp8",
  "tput_per_gpu": 755.1565887190235,
  "mean_ttft": 1.3541837092256173,
  "median_ttft": 1.2005269923247397,
  "std_ttft": 0.5937225163069219,
  "p99_ttft": 3.413003829438239,
  "mean_tpot": 0.02185992287465024,
  "mean_intvty": 45.74581556093436,
  "median_tpot": 0.02218531731478305,
  "median_intvty": 45.07485675373488,
  "std_tpot": 0.0012209011706792803,
  "std_intvty": 819.0671153535088,
  "p99_tpot": 0.02397472200860652,
  "p99_intvty": 41.71059833941002,
  "mean_itl": 0.021862693740275097,
  "median_itl": 0.01851583831012249,
  "std_itl": 0.06228609287124088,
  "p99_itl": 0.018958249725401402,
  "mean_e2el": 21.44873189625796,
  "median_e2el": 21.06117709353566,
  "std_e2el": 1.6817322685827956,
  "p99_e2el": 25.015353606436403
}