{
  "hw": "mi300x",
  "tp": 8,
  "conc": 64,
  "model": "amd/Llama-3.3-70B-Instruct-FP8-KV",
  "framework": "vllm",
  "precision": "fp8",
  "tput_per_gpu": 538.9523958189739,
  "mean_ttft": 0.38662859649532494,
  "median_ttft": 0.1311067489987181,
  "std_ttft": 0.7630472678248695,
  "p99_ttft": 2.7184622014511843,
  "mean_tpot": 0.01614788142248992,
  "mean_intvty": 61.92762838890138,
  "median_tpot": 0.016278653996268922,
  "median_intvty": 61.43014036843591,
  "std_tpot": 0.00038619203217840994,
  "std_intvty": 2589.3853748334923,
  "p99_tpot": 0.016467088288078427,
  "p99_intvty": 60.72719004755466,
  "mean_itl": 0.01615085598159401,
  "median_itl": 0.015516387997195125,
  "std_itl": 0.007527098011826391,
  "p99_itl": 0.017067062250134775,
  "mean_e2el": 119.66337487450468,
  "median_e2el": 119.16338819799785,
  "std_e2el": 8.432027757917739,
  "p99_e2el": 134.21196524548984
}