{
  "hw": "h100",
  "tp": 8,
  "conc": 4,
  "model": "nvidia/Llama-3.3-70B-Instruct-FP8",
  "framework": "vllm",
  "precision": "fp8",
  "tput_per_gpu": 61.87910493245689,
  "mean_ttft": 0.07141187654342503,
  "median_ttft": 0.06599440844729543,
  "std_ttft": 0.020270319534836906,
  "p99_ttft": 0.14258802378550173,
  "mean_tpot": 0.008954773169383012,
  "mean_intvty": 111.6722870679817,
  "median_tpot": 0.008961579739401683,
  "median_intvty": 111.58746884807216,
  "std_tpot": 2.6933005275241193e-05,
  "std_intvty": 37129.16511843087,
  "p99_tpot": 0.008988159768759888,
  "p99_intvty": 111.25747936476343,
  "mean_itl": 0.008954881186331295,
  "median_itl": 0.008942111395299435,
  "std_itl": 0.0007792988141566758,
  "p99_itl": 0.009239387512207032,
  "mean_e2el": 65.09325177397113,
  "median_e2el": 64.37584595242515,
  "std_e2el": 4.075664396082014,
  "p99_e2el": 72.74418020078912
}