{
  "hw": "gb200",
  "tp": 72,
  "conc": 4608,
  "model": "deepseek-ai/DeepSeek-R1",
  "framework": "dynamo-sglang",
  "precision": "fp8",
  "tput_per_gpu": 3352.503406556229,
  "mtp": "off",
  "mean_ttft": 3.666014417235743,
  "median_ttft": 1.0213762180064805,
  "std_ttft": 5.6823697228953,
  "p99_ttft": 21.559180130969036,
  "mean_tpot": 0.031609601782768594,
  "mean_intvty": 31.635956911837216,
  "median_tpot": 0.03202844045919942,
  "median_intvty": 31.222250776583575,
  "std_tpot": 0.0015864177105375107,
  "std_intvty": 630.3510061427514,
  "p99_tpot": 0.033741386244381666,
  "p99_intvty": 29.63719370500113,
  "mean_itl": 1.4961492700161165,
  "median_itl": 1.5379642040061299,
  "std_itl": 0.2454165158469246,
  "p99_itl": 1.9737982128054146,
  "mean_e2el": 31.969989560400442,
  "median_e2el": 30.425858985981904,
  "std_e2el": 6.0492372996241714,
  "p99_e2el": 52.1440852188098
}