{
  "hw": "gb200",
  "tp": 24,
  "conc": 2150,
  "model": "/mnt/lustre01/models/deepseek-r1-0528-fp4-v2",
  "framework": "dynamo-trtllm",
  "precision": "fp4",
  "tput_per_gpu": 7806.041379934798,
  "mtp": "on",
  "mean_ttft": 2.3277593090974484,
  "median_ttft": 0.9993978365091607,
  "std_ttft": 3.897357663458557,
  "p99_ttft": 18.27576530496124,
  "mean_tpot": 0.01921598187498133,
  "mean_intvty": 52.04001577988434,
  "median_tpot": 0.01935575033740681,
  "median_intvty": 51.66423324170522,
  "std_tpot": 0.0009556497223903821,
  "std_intvty": 1046.4085078146454,
  "p99_tpot": 0.020958972387986552,
  "p99_intvty": 47.712262867104535,
  "mean_itl": 0.6673032319980507,
  "median_itl": 0.6765858129947446,
  "std_itl": 0.1825847077746552,
  "p99_itl": 1.2448381266300568,
  "mean_e2el": 20.029490511083104,
  "median_e2el": 19.00271934099146,
  "std_e2el": 4.017220134272027,
  "p99_e2el": 35.83939639803077
}