{
  "hw": "mi300x",
  "tp": 4,
  "conc": 16,
  "model": "amd/Llama-3.3-70B-Instruct-FP8-KV",
  "framework": "vllm",
  "precision": "fp8",
  "tput_per_gpu": 1226.5190704379575,
  "mean_ttft": 1.6576553658233024,
  "median_ttft": 1.1034956276416779,
  "std_ttft": 1.6528380433195038,
  "p99_ttft": 6.8960803505033255,
  "mean_tpot": 0.027014250648070316,
  "mean_intvty": 37.017499135088244,
  "median_tpot": 0.028181501929739422,
  "median_intvty": 35.48426916681535,
  "std_tpot": 0.004063957738840925,
  "std_intvty": 246.06555093882656,
  "p99_tpot": 0.03247075313402591,
  "p99_intvty": 30.796945049978095,
  "mean_itl": 0.027120006581410828,
  "median_itl": 0.013560323510318995,
  "std_itl": 0.11717994267575677,
  "p99_itl": 0.9372256760671734,
  "mean_e2el": 26.43720500844065,
  "median_e2el": 26.97767420951277,
  "std_e2el": 3.945676597664468,
  "p99_e2el": 34.40485984225757
}