{
  "hw": "gb200",
  "tp": 12,
  "conc": 4300,
  "model": "/mnt/lustre01/models/deepseek-r1-0528-fp4-v2",
  "framework": "dynamo-trtllm",
  "precision": "fp4",
  "tput_per_gpu": 10157.679784608345,
  "mtp": "off",
  "mean_ttft": 13.965192898294381,
  "median_ttft": 9.918413881969173,
  "std_ttft": 10.32332146986839,
  "p99_ttft": 59.202168029407076,
  "mean_tpot": 0.05240701467051108,
  "mean_intvty": 19.081415079395665,
  "median_tpot": 0.054006752653507184,
  "median_intvty": 18.516203083265,
  "std_tpot": 0.004065140522246859,
  "std_intvty": 245.9939563041935,
  "p99_tpot": 0.05517161933529587,
  "p99_intvty": 18.12526099556141,
  "mean_itl": 1.036190935910565,
  "median_itl": 1.0725190889788792,
  "std_itl": 0.2824220793757461,
  "p99_itl": 1.8060632601554973,
  "mean_e2el": 62.19900731061107,
  "median_e2el": 60.41354027498164,
  "std_e2el": 10.277378725581649,
  "p99_e2el": 105.04745703792784
}