{
  "hw": "mi300x",
  "tp": 2,
  "conc": 4,
  "model": "openai/gpt-oss-120b",
  "framework": "vllm",
  "precision": "fp4",
  "tput_per_gpu": 565.0531812777056,
  "mean_ttft": 0.272318829735741,
  "median_ttft": 0.06436091149225831,
  "std_ttft": 0.6363316566164582,
  "p99_ttft": 2.520310390656814,
  "mean_tpot": 0.006628406296966506,
  "mean_intvty": 150.86582734942647,
  "median_tpot": 0.0065839606757335575,
  "median_intvty": 151.88426074379373,
  "std_tpot": 0.0002524983677573108,
  "std_intvty": 3960.4216410664144,
  "p99_tpot": 0.00712701791140621,
  "p99_intvty": 140.3111388845511,
  "mean_itl": 0.0066287128976635756,
  "median_itl": 0.006528674624860287,
  "std_itl": 0.005808649795562978,
  "p99_itl": 0.006921933963894844,
  "mean_e2el": 6.349025475024246,
  "median_e2el": 6.249202212318778,
  "std_e2el": 0.8059840682066253,
  "p99_e2el": 8.936664228336886
}