{
  "hw": "mi355x",
  "tp": 2,
  "conc": 16,
  "model": "amd/Llama-3.3-70B-Instruct-FP8-KV",
  "framework": "vllm",
  "precision": "fp8",
  "tput_per_gpu": 564.9951679507192,
  "mean_ttft": 0.22592891177628188,
  "median_ttft": 0.11925783357582986,
  "std_ttft": 0.32581771843614593,
  "p99_ttft": 1.2342130745481699,
  "mean_tpot": 0.015460868215996931,
  "mean_intvty": 64.67942071748129,
  "median_tpot": 0.01548817503172034,
  "median_intvty": 64.56538604141315,
  "std_tpot": 0.00012089253646929345,
  "std_intvty": 8271.809238231996,
  "p99_tpot": 0.015607080181060561,
  "p99_intvty": 64.07348385468768,
  "mean_itl": 0.015461804494170166,
  "median_itl": 0.01535496348515153,
  "std_itl": 0.0031831295663025103,
  "p99_itl": 0.01625253501115367,
  "mean_e2el": 114.28727390939312,
  "median_e2el": 114.78701177204493,
  "std_e2el": 7.705464092675007,
  "p99_e2el": 126.77024273087038
}