{
  "hw": "gb200",
  "tp": 72,
  "conc": 5376,
  "model": "deepseek-ai/DeepSeek-R1",
  "framework": "dynamo-sglang",
  "precision": "fp8",
  "tput_per_gpu": 3575.414614316735,
  "mtp": "off",
  "mean_ttft": 4.172596369416791,
  "median_ttft": 1.124291431508027,
  "std_ttft": 6.722493626528497,
  "p99_ttft": 26.13096184506081,
  "mean_tpot": 0.034629473156139706,
  "mean_intvty": 28.877135828521922,
  "median_tpot": 0.03539979031062103,
  "median_intvty": 28.248754900109372,
  "std_tpot": 0.002299779863301602,
  "std_intvty": 434.8242264215599,
  "p99_tpot": 0.03737979913697208,
  "p99_intvty": 26.752417698545297,
  "mean_itl": 1.6390562081718816,
  "median_itl": 1.7027022010297514,
  "std_itl": 0.2962519745166843,
  "p99_itl": 2.2554302966664546,
  "mean_e2el": 35.16789304630321,
  "median_e2el": 33.4289831710048,
  "std_e2el": 7.002567916100227,
  "p99_e2el": 58.22947368956229
}