{
  "hw": "mi300x",
  "tp": 4,
  "conc": 4,
  "model": "amd/Llama-3.3-70B-Instruct-FP8-KV",
  "framework": "vllm",
  "precision": "fp8",
  "tput_per_gpu": 161.15550601488619,
  "mean_ttft": 0.19313615720020608,
  "median_ttft": 0.13315137196332216,
  "std_ttft": 0.19195419561201224,
  "p99_ttft": 0.8140272940136493,
  "mean_tpot": 0.011888087948505512,
  "mean_intvty": 84.11781645051785,
  "median_tpot": 0.01191324020283449,
  "median_intvty": 83.94021970295472,
  "std_tpot": 0.00012848525206608403,
  "std_intvty": 7782.994420913526,
  "p99_tpot": 0.012045588734311526,
  "p99_intvty": 83.01794308745804,
  "mean_itl": 0.011889535106999747,
  "median_itl": 0.011638148687779903,
  "std_itl": 0.004827417211053734,
  "p99_itl": 0.011893827524036168,
  "mean_e2el": 11.092570072889794,
  "median_e2el": 11.167847797041759,
  "std_e2el": 0.7872813331606995,
  "p99_e2el": 12.741625958462246
}