{
  "hw": "b200-trt",
  "tp": 4,
  "conc": 64,
  "model": "nvidia/Llama-3.3-70B-Instruct-FP8",
  "framework": "trt",
  "precision": "fp8",
  "tput_per_gpu": 1661.005871513983,
  "mean_ttft": 0.16108626945751894,
  "median_ttft": 0.05895686650183052,
  "std_ttft": 0.3231631483174526,
  "p99_ttft": 1.5443973219557665,
  "mean_tpot": 0.010465571330090571,
  "mean_intvty": 95.55140072714461,
  "median_tpot": 0.010545213100241107,
  "median_intvty": 94.82975739742385,
  "std_tpot": 0.00021413843678800125,
  "std_intvty": 4669.87624921353,
  "p99_tpot": 0.010664225252837037,
  "p99_intvty": 93.77146265116323,
  "mean_itl": 0.10458317650127923,
  "median_itl": 0.10294337396044284,
  "std_itl": 0.012211564385789582,
  "p99_itl": 0.13860825621988623,
  "mean_e2el": 77.4573679895826,
  "median_e2el": 77.27557422599057,
  "std_e2el": 5.2736571595364214,
  "p99_e2el": 86.87978640261456
}