{
  "hw": "mi325x",
  "tp": 8,
  "conc": 4,
  "model": "amd/Llama-3.3-70B-Instruct-FP8-KV",
  "framework": "vllm",
  "precision": "fp8",
  "tput_per_gpu": 68.07988546542555,
  "mean_ttft": 0.12837594302836805,
  "median_ttft": 0.08822388213593513,
  "std_ttft": 0.13033377375992697,
  "p99_ttft": 0.561695434753783,
  "mean_tpot": 0.00813346950310857,
  "mean_intvty": 122.94876124116593,
  "median_tpot": 0.008136585540874677,
  "median_intvty": 122.90167601341297,
  "std_tpot": 3.177316478716878e-05,
  "std_intvty": 31473.10023091682,
  "p99_tpot": 0.008179933756957393,
  "p99_intvty": 122.25037875758542,
  "mean_itl": 0.008133721120629935,
  "median_itl": 0.008095317985862494,
  "std_itl": 0.0010076253147336264,
  "p99_itl": 0.008900097743608058,
  "mean_e2el": 59.18773127626046,
  "median_e2el": 58.68307371553965,
  "std_e2el": 3.745557904336766,
  "p99_e2el": 66.0690859793243
}