{
  "hw": "b200",
  "tp": 4,
  "conc": 8,
  "model": "nvidia/Llama-3.3-70B-Instruct-FP4",
  "framework": "vllm",
  "precision": "fp4",
  "tput_per_gpu": 275.7909337224188,
  "mean_ttft": 0.09684947962668958,
  "median_ttft": 0.07647987152449787,
  "std_ttft": 0.06570338780018173,
  "p99_ttft": 0.3361227551335469,
  "mean_tpot": 0.0079163783195888,
  "mean_intvty": 126.32039041458329,
  "median_tpot": 0.007922374780322984,
  "median_intvty": 126.22477826771424,
  "std_tpot": 2.4030122415505303e-05,
  "std_intvty": 41614.436360705164,
  "p99_tpot": 0.007945337107509753,
  "p99_intvty": 125.85998384572287,
  "mean_itl": 0.007916797086689825,
  "median_itl": 0.007845428539440036,
  "std_itl": 0.0014670778354810155,
  "p99_itl": 0.009612135728821159,
  "mean_e2el": 58.340725089015905,
  "median_e2el": 58.3714684714796,
  "std_e2el": 3.651487080966733,
  "p99_e2el": 64.88810114624444
}