{
  "hw": "mi300x",
  "tp": 4,
  "conc": 4,
  "model": "openai/gpt-oss-120b",
  "framework": "vllm",
  "precision": "fp4",
  "tput_per_gpu": 1475.649545641921,
  "mean_ttft": 0.309669404476881,
  "median_ttft": 0.16176807507872581,
  "std_ttft": 0.3188564763654761,
  "p99_ttft": 1.2586226567439733,
  "mean_tpot": 0.0056247743114185116,
  "mean_intvty": 177.7849109376639,
  "median_tpot": 0.005569901919522011,
  "median_intvty": 179.5363750473036,
  "std_tpot": 0.0002793062371441402,
  "std_intvty": 3580.2995673309465,
  "p99_tpot": 0.006360943539740161,
  "p99_intvty": 157.20938155675708,
  "mean_itl": 0.005621074277066088,
  "median_itl": 0.005170066840946674,
  "std_itl": 0.010851634130665163,
  "p99_itl": 0.005526600629091264,
  "mean_e2el": 5.476139074587263,
  "median_e2el": 5.473711129743606,
  "std_e2el": 0.5145235158992055,
  "p99_e2el": 6.736207968546077
}