{
  "hw": "gb200",
  "tp": 24,
  "conc": 4300,
  "model": "/mnt/lustre01/models/deepseek-r1-0528-fp4-v2",
  "framework": "dynamo-trtllm",
  "precision": "fp4",
  "tput_per_gpu": 8730.810561922308,
  "mtp": "off",
  "mean_ttft": 4.565445712885551,
  "median_ttft": 2.939850963506615,
  "std_ttft": 5.909219958107713,
  "p99_ttft": 30.14029509666088,
  "mean_tpot": 0.03363825587415432,
  "mean_intvty": 29.728057356515382,
  "median_tpot": 0.033682112275003354,
  "median_intvty": 29.689349404079213,
  "std_tpot": 0.0014412416310343166,
  "std_intvty": 693.8461798958328,
  "p99_tpot": 0.03616182432656944,
  "p99_intvty": 27.653472097237717,
  "mean_itl": 0.6650762464899362,
  "median_itl": 0.5578521909774281,
  "std_itl": 0.3467523391018692,
  "p99_itl": 1.6483186241122911,
  "mean_e2el": 35.52418422119532,
  "median_e2el": 34.169480598997325,
  "std_e2el": 6.181236578215741,
  "p99_e2el": 60.29107547700522
}