{
  "hw": "gb200",
  "tp": 72,
  "conc": 5632,
  "model": "deepseek-ai/DeepSeek-R1",
  "framework": "dynamo-sglang",
  "precision": "fp8",
  "tput_per_gpu": 3654.903187008354,
  "mtp": "off",
  "mean_ttft": 4.528777572824108,
  "median_ttft": 1.2365050704975147,
  "std_ttft": 6.715776951740667,
  "p99_ttft": 26.357380718273344,
  "mean_tpot": 0.03530047437510002,
  "mean_intvty": 28.328231212251712,
  "median_tpot": 0.03607639454181909,
  "median_intvty": 27.71895619560371,
  "std_tpot": 0.0023753777722606024,
  "std_intvty": 420.98566875462456,
  "p99_tpot": 0.038088114178245445,
  "p99_intvty": 26.254909742188385,
  "mean_itl": 1.6708103091872188,
  "median_itl": 1.7385185480234213,
  "std_itl": 0.30754368490956646,
  "p99_itl": 2.3201509496802455,
  "mean_e2el": 36.119255502271514,
  "median_e2el": 34.34583142600604,
  "std_e2el": 7.296475792092678,
  "p99_e2el": 59.780577534774785
}