{
  "hw": "b200-trt",
  "tp": 2,
  "conc": 32,
  "model": "nvidia/Llama-3.3-70B-Instruct-FP8",
  "framework": "trt",
  "precision": "fp8",
  "tput_per_gpu": 1478.3143440840474,
  "mean_ttft": 0.15271606727474135,
  "median_ttft": 0.06726270454237238,
  "std_ttft": 0.2639010990481829,
  "p99_ttft": 1.1467983717727475,
  "mean_tpot": 0.011815979654419764,
  "mean_intvty": 84.63115452521538,
  "median_tpot": 0.011885469300427404,
  "median_intvty": 84.13634958142038,
  "std_tpot": 0.0001798453477313032,
  "std_intvty": 5560.332878301882,
  "p99_tpot": 0.011999242933128517,
  "p99_intvty": 83.33859107386817,
  "mean_itl": 0.1180885560605782,
  "median_itl": 0.11733400006778538,
  "std_itl": 0.009472083661932813,
  "p99_itl": 0.15455863131210207,
  "mean_e2el": 87.78069797385797,
  "median_e2el": 88.30416105198674,
  "std_e2el": 5.719508105022365,
  "p99_e2el": 97.29273607816314
}