{
  "hw": "gb200",
  "tp": 72,
  "conc": 4864,
  "model": "deepseek-ai/DeepSeek-R1",
  "framework": "dynamo-sglang",
  "precision": "fp8",
  "tput_per_gpu": 3343.829454791112,
  "mtp": "off",
  "mean_ttft": 4.73497393331137,
  "median_ttft": 1.0016924130322877,
  "std_ttft": 8.071791935908227,
  "p99_ttft": 33.86284037518199,
  "mean_tpot": 0.032424381302217406,
  "mean_intvty": 30.840989398666274,
  "median_tpot": 0.03299707957947652,
  "median_intvty": 30.305712285579926,
  "std_tpot": 0.0021261476377412844,
  "std_intvty": 470.3342243261862,
  "p99_tpot": 0.03559238861460404,
  "p99_intvty": 28.095894625900055,
  "mean_itl": 1.534723381921899,
  "median_itl": 1.5860270929988474,
  "std_itl": 0.27504894850473505,
  "p99_itl": 2.0734750027710107,
  "mean_e2el": 33.76642477765288,
  "median_e2el": 31.414973453007406,
  "std_e2el": 8.158269812844361,
  "p99_e2el": 63.77675674560481
}