{
  "hw": "h200-trt",
  "tp": 4,
  "conc": 8,
  "model": "nvidia/Llama-3.3-70B-Instruct-FP8",
  "framework": "trt",
  "precision": "fp8",
  "tput_per_gpu": 256.02150944046616,
  "mean_ttft": 0.10251811825437471,
  "median_ttft": 0.0660718169528991,
  "std_ttft": 0.11173249442605168,
  "p99_ttft": 0.45666942917276165,
  "mean_tpot": 0.008533677392793374,
  "mean_intvty": 117.18277525284614,
  "median_tpot": 0.008538182198978273,
  "median_intvty": 117.12094877990138,
  "std_tpot": 3.3138776531166036e-05,
  "std_intvty": 30176.129135592248,
  "p99_tpot": 0.008583740527202937,
  "p99_intvty": 116.49932763355046,
  "mean_itl": 0.0852772982075462,
  "median_itl": 0.08504147594794631,
  "std_itl": 0.004329001187710616,
  "p99_itl": 0.0976142450235784,
  "mean_e2el": 62.88899472013581,
  "median_e2el": 62.9533174498938,
  "std_e2el": 3.9536426909283597,
  "p99_e2el": 70.18116096373181
}