{
  "hw": "gb200",
  "tp": 72,
  "conc": 1024,
  "model": "deepseek-ai/DeepSeek-R1",
  "framework": "dynamo-sglang",
  "precision": "fp8",
  "tput_per_gpu": 702.499381080645,
  "mtp": "off",
  "mean_ttft": 11.351121555945975,
  "median_ttft": 9.461163886502618,
  "std_ttft": 9.187051079106165,
  "p99_ttft": 34.20175574094232,
  "mean_tpot": 0.02418409458174774,
  "mean_intvty": 41.349490948266535,
  "median_tpot": 0.02416785458170527,
  "median_intvty": 41.37727644045765,
  "std_tpot": 0.0004627579769816878,
  "std_intvty": 2160.9568062390676,
  "p99_tpot": 0.025186255689277206,
  "p99_intvty": 39.70419471385498,
  "mean_itl": 1.1447206964080716,
  "median_itl": 1.1633455904957373,
  "std_itl": 0.15811640362403107,
  "p99_itl": 1.2816691239067581,
  "mean_e2el": 33.017643577050535,
  "median_e2el": 31.321181402017828,
  "std_e2el": 9.287654741549828,
  "p99_e2el": 55.59007816675237
}