{
  "hw": "mi300x",
  "tp": 4,
  "conc": 32,
  "model": "amd/Llama-3.3-70B-Instruct-FP8-KV",
  "framework": "vllm",
  "precision": "fp8",
  "tput_per_gpu": 521.0891111374335,
  "mean_ttft": 0.337974321981892,
  "median_ttft": 0.1363741885870695,
  "std_ttft": 0.6129512470505822,
  "p99_ttft": 2.2406031458079814,
  "mean_tpot": 0.016775542874087813,
  "mean_intvty": 59.61058950554981,
  "median_tpot": 0.01683034394147137,
  "median_intvty": 59.41649222841588,
  "std_tpot": 0.00021056048867074695,
  "std_intvty": 4749.229099499756,
  "p99_tpot": 0.016990495517119647,
  "p99_intvty": 58.85643529303772,
  "mean_itl": 0.016778120027515223,
  "median_itl": 0.01645604707300663,
  "std_itl": 0.005594355483286669,
  "p99_itl": 0.018304415978491306,
  "mean_e2el": 124.74726229299267,
  "median_e2el": 125.0808534892276,
  "std_e2el": 8.072309997070123,
  "p99_e2el": 138.2523486101255
}