{
  "hw": "mi300x",
  "tp": 4,
  "conc": 32,
  "model": "amd/Llama-3.3-70B-Instruct-FP8-KV",
  "framework": "vllm",
  "precision": "fp8",
  "tput_per_gpu": 909.6225370812737,
  "mean_ttft": 0.3616739856399363,
  "median_ttft": 0.1414881362579763,
  "std_ttft": 0.6091835713888353,
  "p99_ttft": 2.2500344808306547,
  "mean_tpot": 0.016747147329563943,
  "mean_intvty": 59.71166195180523,
  "median_tpot": 0.017010836140123265,
  "median_intvty": 58.78605800224667,
  "std_tpot": 0.0008193923026345274,
  "std_intvty": 1220.4166389954835,
  "p99_tpot": 0.01768572196363882,
  "p99_intvty": 56.542786438459366,
  "mean_itl": 0.016757639573723594,
  "median_itl": 0.014329108409583569,
  "std_itl": 0.015235241332153272,
  "p99_itl": 0.09996559843420984,
  "mean_e2el": 15.823790588389965,
  "median_e2el": 15.841199135407805,
  "std_e2el": 1.3201712478408445,
  "p99_e2el": 18.783233686378228
}