{
  "hw": "b200",
  "tp": 1,
  "conc": 8,
  "model": "nvidia/Llama-3.3-70B-Instruct-FP4",
  "framework": "vllm",
  "precision": "fp4",
  "tput_per_gpu": 647.7978316871724,
  "mean_ttft": 0.09501253495400305,
  "median_ttft": 0.07239917101105675,
  "std_ttft": 0.07341443357165502,
  "p99_ttft": 0.3324901255965233,
  "mean_tpot": 0.013489217655076264,
  "mean_intvty": 74.13328375079483,
  "median_tpot": 0.013513250001285735,
  "median_intvty": 74.00144302109808,
  "std_tpot": 6.917829497391448e-05,
  "std_intvty": 14455.401081756592,
  "p99_tpot": 0.013568682178435001,
  "p99_intvty": 73.69912470861183,
  "mean_itl": 0.013490329391443932,
  "median_itl": 0.013515355007257313,
  "std_itl": 0.0010405615328696605,
  "p99_itl": 0.014021696604322644,
  "mean_e2el": 99.34336571320455,
  "median_e2el": 99.64933503500652,
  "std_e2el": 6.28868060468281,
  "p99_e2el": 110.6248555076972
}