{
  "hw": "gb200",
  "tp": 20,
  "conc": 512,
  "model": "/mnt/lustre01/models/deepseek-r1-0528-fp4-v2",
  "framework": "dynamo-trtllm",
  "precision": "fp4",
  "tput_per_gpu": 3790.4079190219622,
  "mtp": "on",
  "mean_ttft": 1.1103471078223777,
  "median_ttft": 0.35001408599782735,
  "std_ttft": 2.1156979522159456,
  "p99_ttft": 9.44603773919808,
  "mean_tpot": 0.01150773705568377,
  "mean_intvty": 86.89805781633595,
  "median_tpot": 0.011635582350737368,
  "median_intvty": 85.94327038015662,
  "std_tpot": 0.0010379676820671294,
  "std_intvty": 963.4211327355431,
  "p99_tpot": 0.013405165479720878,
  "p99_intvty": 74.59810932679527,
  "mean_itl": 0.5267516874424577,
  "median_itl": 0.540449345484376,
  "std_itl": 0.07448417863017574,
  "p99_itl": 0.591739550291677,
  "mean_e2el": 11.699393382074874,
  "median_e2el": 11.186875902494648,
  "std_e2el": 2.401989105552416,
  "p99_e2el": 20.394599922842463
}