{
  "hw": "mi300x",
  "tp": 8,
  "conc": 32,
  "model": "amd/Llama-3.3-70B-Instruct-FP8-KV",
  "framework": "vllm",
  "precision": "fp8",
  "tput_per_gpu": 1414.2977368789418,
  "mean_ttft": 1.0745466310997471,
  "median_ttft": 0.3985786054909113,
  "std_ttft": 1.931564638757232,
  "p99_ttft": 8.713200884084072,
  "mean_tpot": 0.023571512488210555,
  "mean_intvty": 42.42409138998426,
  "median_tpot": 0.02435305463920948,
  "median_intvty": 41.062610617641226,
  "std_tpot": 0.002841800941699289,
  "std_intvty": 351.8895307994507,
  "p99_tpot": 0.02807893023437686,
  "p99_intvty": 35.6138923973573,
  "mean_itl": 0.023623059826034663,
  "median_itl": 0.013964630008558743,
  "std_itl": 0.06318153147261553,
  "p99_itl": 0.34337454129883543,
  "mean_e2el": 22.912810313862472,
  "median_e2el": 23.086261768999975,
  "std_e2el": 3.2597393837794395,
  "p99_e2el": 31.229103924853845
}