{
  "hw": "mi300x",
  "tp": 8,
  "conc": 8,
  "model": "amd/Llama-3.3-70B-Instruct-FP8-KV",
  "framework": "vllm",
  "precision": "fp8",
  "tput_per_gpu": 684.358047160836,
  "mean_ttft": 0.6918660399649526,
  "median_ttft": 0.5015260321088135,
  "std_ttft": 0.5277529961954677,
  "p99_ttft": 2.3397801423654894,
  "mean_tpot": 0.01205107796250927,
  "mean_intvty": 82.98012867487752,
  "median_tpot": 0.01220159977036614,
  "median_intvty": 81.95646626835659,
  "std_tpot": 0.0009376280802548158,
  "std_intvty": 1066.5209597052956,
  "p99_tpot": 0.013551595645447771,
  "p99_intvty": 73.79204826967504,
  "mean_itl": 0.014132244379161779,
  "median_itl": 0.009281673934310675,
  "std_itl": 0.03897382180132269,
  "p99_itl": 0.02360313714016148,
  "mean_e2el": 11.86252176068083,
  "median_e2el": 11.78047197451815,
  "std_e2el": 1.3403702569267066,
  "p99_e2el": 14.69613692292478
}