{
  "hw": "gb200",
  "tp": 36,
  "conc": 564,
  "model": "/mnt/lustre01/models/deepseek-r1-0528-fp4-v2",
  "framework": "dynamo-trtllm",
  "precision": "fp4",
  "tput_per_gpu": 1588.5533485284532,
  "mtp": "off",
  "mean_ttft": 1.9930902134986463,
  "median_ttft": 1.2434556870139204,
  "std_ttft": 2.0788370813213564,
  "p99_ttft": 13.295717039139733,
  "mean_tpot": 0.01660484400625291,
  "mean_intvty": 60.223390212122965,
  "median_tpot": 0.016683191938569365,
  "median_intvty": 59.940567948998435,
  "std_tpot": 0.0002890022154076285,
  "std_intvty": 3460.181087503193,
  "p99_tpot": 0.01674300597956054,
  "p99_intvty": 59.72643151539073,
  "mean_itl": 0.32827697287072255,
  "median_itl": 0.3330932710086927,
  "std_itl": 0.029674204027024805,
  "p99_itl": 0.35012407932197676,
  "mean_e2el": 17.28248825917546,
  "median_e2el": 16.85818224347895,
  "std_e2el": 2.3241498426217952,
  "p99_e2el": 28.34656796807725
}