{
  "hw": "mi300x",
  "tp": 4,
  "conc": 64,
  "model": "amd/Llama-3.3-70B-Instruct-FP8-KV",
  "framework": "vllm",
  "precision": "fp8",
  "tput_per_gpu": 2417.187267644935,
  "mean_ttft": 2.557714810496691,
  "median_ttft": 0.9771627474110574,
  "std_ttft": 5.417736002100005,
  "p99_ttft": 27.08801833155565,
  "mean_tpot": 0.05612784971186522,
  "mean_intvty": 17.816467317624742,
  "median_tpot": 0.05845698807710188,
  "median_intvty": 17.106594658641143,
  "std_tpot": 0.008297798626352623,
  "std_intvty": 120.5138910968679,
  "p99_tpot": 0.07040181014674536,
  "p99_intvty": 14.20418023223554,
  "mean_itl": 0.05626770484280162,
  "median_itl": 0.02570963092148304,
  "std_itl": 0.15525290206569933,
  "p99_itl": 0.5756051635369659,
  "mean_e2el": 54.366819328091516,
  "median_e2el": 54.86762840393931,
  "std_e2el": 9.489784149695339,
  "p99_e2el": 80.14809714409988
}