{
  "hw": "mi300x",
  "tp": 2,
  "conc": 8,
  "model": "amd/Llama-3.3-70B-Instruct-FP8-KV",
  "framework": "vllm",
  "precision": "fp8",
  "tput_per_gpu": 402.4556835553823,
  "mean_ttft": 0.25063732886919754,
  "median_ttft": 0.17428968008607626,
  "std_ttft": 0.2762651115381917,
  "p99_ttft": 1.3139581628888846,
  "mean_tpot": 0.01909364359471328,
  "mean_intvty": 52.37345062190665,
  "median_tpot": 0.019109081833413234,
  "median_intvty": 52.33113807966678,
  "std_tpot": 0.0003620241985365174,
  "std_intvty": 2762.2462919398745,
  "p99_tpot": 0.019605571112863412,
  "p99_intvty": 51.00591022027866,
  "mean_itl": 0.0190978423397182,
  "median_itl": 0.018185521010309458,
  "std_itl": 0.011443073132902274,
  "p99_itl": 0.018922584177926183,
  "mean_e2el": 17.974867175356486,
  "median_e2el": 18.11608063057065,
  "std_e2el": 1.2430905981485532,
  "p99_e2el": 20.046073946142567
}