{
  "hw": "mi300x",
  "tp": 8,
  "conc": 16,
  "model": "amd/Llama-3.3-70B-Instruct-FP8-KV",
  "framework": "vllm",
  "precision": "fp8",
  "tput_per_gpu": 328.2894662428405,
  "mean_ttft": 0.22732950923964382,
  "median_ttft": 0.13130343705415726,
  "std_ttft": 0.28347642766112713,
  "p99_ttft": 1.1237535257916897,
  "mean_tpot": 0.01173668717886706,
  "mean_intvty": 85.20291840107899,
  "median_tpot": 0.01185194802533603,
  "median_intvty": 84.37431533299757,
  "std_tpot": 0.0003796540055634045,
  "std_intvty": 2633.977214374455,
  "p99_tpot": 0.012214985537330223,
  "p99_intvty": 81.86665444211125,
  "mean_itl": 0.011742316181115606,
  "median_itl": 0.010488927364349365,
  "std_itl": 0.010711008144605025,
  "p99_itl": 0.10014708384871483,
  "mean_e2el": 10.970301034336444,
  "median_e2el": 10.962105391081423,
  "std_e2el": 0.8442917504458277,
  "p99_e2el": 12.68785877541639
}