{
  "hw": "mi325x",
  "tp": 2,
  "conc": 16,
  "model": "amd/Llama-3.3-70B-Instruct-FP8-KV",
  "framework": "vllm",
  "precision": "fp8",
  "tput_per_gpu": 507.1549865628103,
  "mean_ttft": 0.39977365276863563,
  "median_ttft": 0.2116049899486825,
  "std_ttft": 0.6005746638647944,
  "p99_ttft": 2.3336451687570663,
  "mean_tpot": 0.017218969759939435,
  "mean_intvty": 58.07548383797832,
  "median_tpot": 0.01727570697545928,
  "median_intvty": 57.88475119545228,
  "std_tpot": 0.0001679773109535208,
  "std_intvty": 5953.184952917238,
  "p99_tpot": 0.017406255624605342,
  "p99_intvty": 57.45060980182366,
  "mean_itl": 0.017220884773218,
  "median_itl": 0.01698634948115796,
  "std_itl": 0.006478375633908904,
  "p99_itl": 0.01858173317741603,
  "mean_e2el": 127.43780975367699,
  "median_e2el": 127.98095242399722,
  "std_e2el": 8.71290606293511,
  "p99_e2el": 141.5812112346734
}