{
  "hw": "gb200",
  "tp": 36,
  "conc": 256,
  "model": "/mnt/lustre01/models/deepseek-r1-0528-fp4-v2",
  "framework": "dynamo-trtllm",
  "precision": "fp4",
  "tput_per_gpu": 903.2017886303036,
  "mtp": "off",
  "mean_ttft": 0.514163622596584,
  "median_ttft": 0.28971504847868346,
  "std_ttft": 0.7180822373693916,
  "p99_ttft": 3.5801405735471055,
  "mean_tpot": 0.014514406255329428,
  "mean_intvty": 68.89706560561635,
  "median_tpot": 0.014109791595796521,
  "median_intvty": 70.87276897115278,
  "std_tpot": 0.0009353733724749176,
  "std_intvty": 1069.0917973793566,
  "p99_tpot": 0.017093421515299967,
  "p99_intvty": 58.50203829028149,
  "mean_itl": 0.28694770109953227,
  "median_itl": 0.2815077359555289,
  "std_itl": 0.03876880873697155,
  "p99_itl": 0.34413925136439505,
  "mean_e2el": 13.864657525255637,
  "median_e2el": 13.764162005478283,
  "std_e2el": 1.3421604018130526,
  "p99_e2el": 17.280087028564303
}