{
  "hw": "h200-trt",
  "tp": 2,
  "conc": 8,
  "model": "nvidia/Llama-3.3-70B-Instruct-FP8",
  "framework": "trt",
  "precision": "fp8",
  "tput_per_gpu": 344.10708773444645,
  "mean_ttft": 0.13520165676018223,
  "median_ttft": 0.09200106142088771,
  "std_ttft": 0.13480571362477337,
  "p99_ttft": 0.5665698149427771,
  "mean_tpot": 0.012707605440602876,
  "mean_intvty": 78.69303187560708,
  "median_tpot": 0.012711685301050418,
  "median_intvty": 78.66777506813877,
  "std_tpot": 4.695040807026447e-05,
  "std_intvty": 21299.06940326125,
  "p99_tpot": 0.012775918014125096,
  "p99_intvty": 78.2722618362451,
  "mean_itl": 0.1269839033747407,
  "median_itl": 0.12665319349616766,
  "std_itl": 0.006132488925958734,
  "p99_itl": 0.13133092131465673,
  "mean_e2el": 93.62868765536696,
  "median_e2el": 93.76831855997443,
  "std_e2el": 5.8468195244334975,
  "p99_e2el": 104.32386849914677
}