{
  "hw": "h200-trt",
  "tp": 2,
  "conc": 4,
  "model": "nvidia/Llama-3.3-70B-Instruct-FP8",
  "framework": "trt",
  "precision": "fp8",
  "tput_per_gpu": 181.17923591015344,
  "mean_ttft": 0.112255802040454,
  "median_ttft": 0.09090049937367439,
  "std_ttft": 0.0654143869077733,
  "p99_ttft": 0.3340943833068013,
  "mean_tpot": 0.012233447919395004,
  "mean_intvty": 81.74310354602419,
  "median_tpot": 0.012240004702290818,
  "median_intvty": 81.69931501846905,
  "std_tpot": 3.719541137563373e-05,
  "std_intvty": 26885.036702540358,
  "p99_tpot": 0.012267776116043776,
  "p99_intvty": 81.51436662527625,
  "mean_itl": 0.12224757740912214,
  "median_itl": 0.12223486066795886,
  "std_itl": 0.004383279665469388,
  "p99_itl": 0.12438633523415774,
  "mean_e2el": 88.94345772133674,
  "median_e2el": 88.34802421694621,
  "std_e2el": 5.616793542963435,
  "p99_e2el": 99.33885423820466
}