{
  "hw": "gb200",
  "tp": 72,
  "conc": 4096,
  "model": "deepseek-ai/DeepSeek-R1",
  "framework": "dynamo-sglang",
  "precision": "fp8",
  "tput_per_gpu": 3084.240298905262,
  "mtp": "off",
  "mean_ttft": 3.484422803938256,
  "median_ttft": 0.9949737375136465,
  "std_ttft": 5.09116766017924,
  "p99_ttft": 22.581191717321623,
  "mean_tpot": 0.03056983438941232,
  "mean_intvty": 32.71198617766618,
  "median_tpot": 0.030895830159630953,
  "median_intvty": 32.366827330201275,
  "std_tpot": 0.0014104649578345163,
  "std_intvty": 708.9860648046853,
  "p99_tpot": 0.03269041408837802,
  "p99_intvty": 30.590007128588695,
  "mean_itl": 1.4469954514687748,
  "median_itl": 1.4891567100421526,
  "std_itl": 0.22542803552530763,
  "p99_itl": 1.7868732423789335,
  "mean_e2el": 30.854044909794943,
  "median_e2el": 29.52442459249869,
  "std_e2el": 5.380921787928251,
  "p99_e2el": 50.40820819895131
}