{
  "hw": "gb200",
  "tp": 36,
  "conc": 8,
  "model": "/mnt/lustre01/models/deepseek-r1-0528-fp4-v2",
  "framework": "dynamo-trtllm",
  "precision": "fp4",
  "tput_per_gpu": 93.3001499101705,
  "mtp": "on",
  "mean_ttft": 0.6188334168009533,
  "median_ttft": 0.17134505102876574,
  "std_ttft": 1.1886054698602304,
  "p99_ttft": 4.017182265792508,
  "mean_tpot": 0.0039028687222548717,
  "mean_intvty": 256.22178739905263,
  "median_tpot": 0.00394251968871055,
  "median_intvty": 253.64489690781036,
  "std_tpot": 0.0003814156225731102,
  "std_intvty": 2621.8118525239975,
  "p99_tpot": 0.0046126906221386835,
  "p99_intvty": 216.79320854524337,
  "mean_itl": 0.1781230488936976,
  "median_itl": 0.18266782199498266,
  "std_itl": 0.02166200929204656,
  "p99_itl": 0.21256366418441758,
  "mean_e2el": 4.234174553818775,
  "median_e2el": 3.88647193700308,
  "std_e2el": 1.2131288277825882,
  "p99_e2el": 7.6451574546948535
}