{
  "hw": "gb200",
  "tp": 72,
  "conc": 6144,
  "model": "deepseek-ai/DeepSeek-R1",
  "framework": "dynamo-sglang",
  "precision": "fp8",
  "tput_per_gpu": 3738.8035316787905,
  "mtp": "off",
  "mean_ttft": 5.320332631373515,
  "median_ttft": 1.267700664990116,
  "std_ttft": 7.752240175611319,
  "p99_ttft": 29.212965083820745,
  "mean_tpot": 0.03703734439280006,
  "mean_intvty": 26.99977593950814,
  "median_tpot": 0.03787095375216393,
  "median_intvty": 26.405461202382856,
  "std_tpot": 0.0027902643605901972,
  "std_intvty": 358.3889806729567,
  "p99_tpot": 0.04077257700923801,
  "p99_intvty": 24.526288828234375,
  "mean_itl": 1.7529250358750446,
  "median_itl": 1.8239861779729836,
  "std_itl": 0.3650089254988991,
  "p99_itl": 2.7040984801249572,
  "mean_e2el": 38.457634248312345,
  "median_e2el": 36.065591567516094,
  "std_e2el": 8.391668999462535,
  "p99_e2el": 65.53683175895887
}