{
  "hw": "gb200",
  "tp": 36,
  "conc": 144,
  "model": "/mnt/lustre01/models/deepseek-r1-0528-fp4-v2",
  "framework": "dynamo-trtllm",
  "precision": "fp4",
  "tput_per_gpu": 859.642437595368,
  "mtp": "on",
  "mean_ttft": 1.0295939091695092,
  "median_ttft": 0.8449381745012943,
  "std_ttft": 0.8794609383652452,
  "p99_ttft": 6.057221916532726,
  "mean_tpot": 0.007718170348359538,
  "mean_intvty": 129.56438571125156,
  "median_tpot": 0.007785927969710825,
  "median_intvty": 128.43684193974642,
  "std_tpot": 0.0006783468376171004,
  "std_intvty": 1474.1721263311322,
  "p99_tpot": 0.008950887450036258,
  "p99_intvty": 111.72076574328385,
  "mean_itl": 0.35024518653184594,
  "median_itl": 0.36051148001570255,
  "std_itl": 0.04598628645597786,
  "p99_itl": 0.3669233479886316,
  "mean_e2el": 8.113849953601907,
  "median_e2el": 8.017973227018956,
  "std_e2el": 1.1534290611431424,
  "p99_e2el": 12.281750182823746
}