{
  "hw": "mi300x",
  "tp": 2,
  "conc": 16,
  "model": "amd/Llama-3.3-70B-Instruct-FP8-KV",
  "framework": "vllm",
  "precision": "fp8",
  "tput_per_gpu": 1368.2703695861564,
  "mean_ttft": 3.0125494750827784,
  "median_ttft": 2.0188514080364257,
  "std_ttft": 3.1697416843480086,
  "p99_ttft": 13.13009066821076,
  "mean_tpot": 0.04847064231282202,
  "mean_intvty": 20.631044943579553,
  "median_tpot": 0.05057938811829673,
  "median_intvty": 19.77089951466331,
  "std_tpot": 0.007535979983023219,
  "std_intvty": 132.69674312468499,
  "p99_tpot": 0.05805346331811534,
  "p99_intvty": 17.225501164681663,
  "mean_itl": 0.0486424070489687,
  "median_itl": 0.02217565360479057,
  "std_itl": 0.2251504680891848,
  "p99_itl": 1.767625753278844,
  "mean_e2el": 47.47961374723527,
  "median_e2el": 48.47400058968924,
  "std_e2el": 7.482106248835925,
  "p99_e2el": 60.428423834070564
}