{
  "hw": "mi300x",
  "tp": 4,
  "conc": 64,
  "model": "openai/gpt-oss-120b",
  "framework": "vllm",
  "precision": "fp4",
  "tput_per_gpu": 6889.321998674596,
  "mean_ttft": 0.8032664750055118,
  "median_ttft": 0.2691864245571196,
  "std_ttft": 1.7622208947935294,
  "p99_ttft": 8.685282431193627,
  "mean_tpot": 0.019741440294290723,
  "mean_intvty": 50.6548653539328,
  "median_tpot": 0.020146156001431353,
  "median_intvty": 49.637260821813925,
  "std_tpot": 0.0021146689752068143,
  "std_intvty": 472.8872517279921,
  "p99_tpot": 0.024502249443275167,
  "p99_intvty": 40.812579363992135,
  "mean_itl": 0.01977830028818445,
  "median_itl": 0.01190013438463211,
  "std_itl": 0.03451182831214176,
  "p99_itl": 0.1407649155147374,
  "mean_e2el": 19.014352633997625,
  "median_e2el": 18.929198576603085,
  "std_e2el": 3.140994890182396,
  "p99_e2el": 28.900318290232686
}