{
  "hw": "mi300x",
  "tp": 1,
  "conc": 16,
  "model": "amd/Llama-3.3-70B-Instruct-FP8-KV",
  "framework": "vllm",
  "precision": "fp8",
  "tput_per_gpu": 1586.581389871126,
  "mean_ttft": 5.1463411766395435,
  "median_ttft": 3.6057333406060934,
  "std_ttft": 5.001015372201429,
  "p99_ttft": 21.07694267353043,
  "mean_tpot": 0.08372604644713419,
  "mean_intvty": 11.94371455997763,
  "median_tpot": 0.08766162625601555,
  "median_intvty": 11.407499982711963,
  "std_tpot": 0.01402167183465119,
  "std_intvty": 71.3181717410288,
  "p99_tpot": 0.10074165258285331,
  "p99_intvty": 9.92638074085162,
  "mean_itl": 0.08404845271197325,
  "median_itl": 0.035692122764885426,
  "std_itl": 0.4103432587266246,
  "p99_itl": 3.198065639799461,
  "mean_e2el": 81.98028468258562,
  "median_e2el": 83.70512178307399,
  "std_e2el": 13.588017581831974,
  "p99_e2el": 105.18810114398597
}