{
  "hw": "mi300x",
  "tp": 8,
  "conc": 64,
  "model": "amd/Llama-3.3-70B-Instruct-FP8-KV",
  "framework": "vllm",
  "precision": "fp8",
  "tput_per_gpu": 1790.5091504638178,
  "mean_ttft": 1.6816572207954323,
  "median_ttft": 0.6403482004971011,
  "std_ttft": 3.5576104770439034,
  "p99_ttft": 16.947597442855063,
  "mean_tpot": 0.03788483324324973,
  "mean_intvty": 26.395787295122346,
  "median_tpot": 0.03941935906359367,
  "median_intvty": 25.368246053588543,
  "std_tpot": 0.005344707822039362,
  "std_intvty": 187.1009666564773,
  "p99_tpot": 0.04670788130261618,
  "p99_intvty": 21.409663039971555,
  "mean_itl": 0.037971258715462176,
  "median_itl": 0.018004851997829974,
  "std_itl": 0.09851769920359615,
  "p99_itl": 0.37081159461013163,
  "mean_e2el": 36.644049514924816,
  "median_e2el": 37.0457947065006,
  "std_e2el": 6.16047230027129,
  "p99_e2el": 52.991345876626006
}