{
  "hw": "mi300x",
  "tp": 8,
  "conc": 16,
  "model": "amd/Llama-3.3-70B-Instruct-FP8-KV",
  "framework": "vllm",
  "precision": "fp8",
  "tput_per_gpu": 870.3284335121547,
  "mean_ttft": 1.03652977590682,
  "median_ttft": 0.657927016261965,
  "std_ttft": 1.1870977097912758,
  "p99_ttft": 4.833301726644859,
  "mean_tpot": 0.01911673910259514,
  "mean_intvty": 52.31017667988406,
  "median_tpot": 0.019842103017594794,
  "median_intvty": 50.39788368769478,
  "std_tpot": 0.0024598477512153944,
  "std_intvty": 406.52922503269025,
  "p99_tpot": 0.022452482110310066,
  "p99_intvty": 44.53850559091661,
  "mean_itl": 0.01917585882215256,
  "median_itl": 0.011080433614552021,
  "std_itl": 0.06979816814385491,
  "p99_itl": 0.5539467011578382,
  "mean_e2el": 18.56638065234292,
  "median_e2el": 18.68591490527615,
  "std_e2el": 2.4821407450262276,
  "p99_e2el": 22.93698905630037
}