{
  "hw": "mi300x",
  "tp": 4,
  "conc": 8,
  "model": "amd/Llama-3.3-70B-Instruct-FP8-KV",
  "framework": "vllm",
  "precision": "fp8",
  "tput_per_gpu": 300.76426677134367,
  "mean_ttft": 0.20747140762396157,
  "median_ttft": 0.12471020873636007,
  "std_ttft": 0.24518980628267217,
  "p99_ttft": 1.0148504708660766,
  "mean_tpot": 0.012734452769732998,
  "mean_intvty": 78.52712779121383,
  "median_tpot": 0.012792575220789894,
  "median_intvty": 78.17034355794499,
  "std_tpot": 0.00019319761804773876,
  "std_intvty": 5176.047252057227,
  "p99_tpot": 0.012936482448007948,
  "p99_intvty": 77.30076580082921,
  "mean_itl": 0.012738215193769126,
  "median_itl": 0.012139447033405304,
  "std_itl": 0.00748789904329516,
  "p99_itl": 0.012724929139949387,
  "mean_e2el": 12.029490299988538,
  "median_e2el": 12.076955127064139,
  "std_e2el": 0.8380112168010526,
  "p99_e2el": 13.378786393958142
}