{
  "hw": "gb200",
  "tp": 72,
  "conc": 2048,
  "model": "deepseek-ai/DeepSeek-R1",
  "framework": "dynamo-sglang",
  "precision": "fp8",
  "tput_per_gpu": 1810.2768906692024,
  "mtp": "off",
  "mean_ttft": 3.0681650340362694,
  "median_ttft": 0.9777849130041432,
  "std_ttft": 4.16680223561135,
  "p99_ttft": 19.30595341056877,
  "mean_tpot": 0.025148718064263886,
  "mean_intvty": 39.76345821861161,
  "median_tpot": 0.02514817302450892,
  "median_intvty": 39.76432001741914,
  "std_tpot": 0.0005476666068970583,
  "std_intvty": 1825.9283794309633,
  "p99_tpot": 0.0262293240502973,
  "p99_intvty": 38.12526766158373,
  "mean_itl": 1.1903584618824656,
  "median_itl": 1.2102256990037858,
  "std_itl": 0.16366481504700495,
  "p99_itl": 1.3743752784101526,
  "mean_e2el": 25.571984651001227,
  "median_e2el": 24.455532863503322,
  "std_e2el": 4.358047337842558,
  "p99_e2el": 42.462667519535174
}