{
  "hw": "mi300x",
  "tp": 2,
  "conc": 4,
  "model": "amd/Llama-3.3-70B-Instruct-FP8-KV",
  "framework": "vllm",
  "precision": "fp8",
  "tput_per_gpu": 216.03361460549635,
  "mean_ttft": 0.22389732774972798,
  "median_ttft": 0.1581491700017068,
  "std_ttft": 0.20374051933898885,
  "p99_ttft": 0.9435656258295785,
  "mean_tpot": 0.017796969381305705,
  "mean_intvty": 56.18934204890076,
  "median_tpot": 0.017804708040814306,
  "median_intvty": 56.16491984635007,
  "std_tpot": 0.00018094282078132443,
  "std_intvty": 5526.607774112984,
  "p99_tpot": 0.01805286945239906,
  "p99_intvty": 55.39285611280534,
  "mean_itl": 0.017797225612779157,
  "median_itl": 0.017484677002357785,
  "std_itl": 0.005936608657416639,
  "p99_itl": 0.017818646479863674,
  "mean_e2el": 16.539058763050527,
  "median_e2el": 16.702344590499706,
  "std_e2el": 1.1429058078682737,
  "p99_e2el": 18.719563815840083
}