{
  "hw": "h200",
  "tp": 1,
  "conc": 4,
  "model": "nvidia/Llama-3.3-70B-Instruct-FP8",
  "framework": "vllm",
  "precision": "fp8",
  "tput_per_gpu": 358.4505135286688,
  "mean_ttft": 0.20170006796251982,
  "median_ttft": 0.17246008478105068,
  "std_ttft": 0.09404247685039333,
  "p99_ttft": 0.4834673058334738,
  "mean_tpot": 0.02148787062443827,
  "mean_intvty": 46.53788257933267,
  "median_tpot": 0.021519608263992747,
  "median_intvty": 46.469247382780196,
  "std_tpot": 0.00012272751303100943,
  "std_intvty": 8148.132193857225,
  "p99_tpot": 0.02164918228959952,
  "p99_intvty": 46.19112106051275,
  "mean_itl": 0.021489058637101547,
  "median_itl": 0.021171042695641518,
  "std_itl": 0.005843897598005052,
  "p99_itl": 0.021729078777134418,
  "mean_e2el": 19.90125718091149,
  "median_e2el": 20.066727635916322,
  "std_e2el": 1.3657679976195447,
  "p99_e2el": 22.161662954371423
}