{
  "hw": "gb200",
  "tp": 36,
  "conc": 64,
  "model": "/mnt/lustre01/models/deepseek-r1-0528-fp4-v2",
  "framework": "dynamo-trtllm",
  "precision": "fp4",
  "tput_per_gpu": 489.974213455281,
  "mtp": "on",
  "mean_ttft": 0.33801104631515955,
  "median_ttft": 0.28743609599769115,
  "std_ttft": 0.20206415065177513,
  "p99_ttft": 1.1554746064409847,
  "mean_tpot": 0.0065581873693170865,
  "mean_intvty": 152.48115732078136,
  "median_tpot": 0.006619059310491181,
  "median_intvty": 151.07886983502388,
  "std_tpot": 0.0005952317417008612,
  "std_intvty": 1680.0179324148987,
  "p99_tpot": 0.007696426769644006,
  "p99_intvty": 129.93042484912183,
  "mean_itl": 0.29975497602476325,
  "median_itl": 0.30436232301872224,
  "std_itl": 0.03847366412381753,
  "p99_itl": 0.3567398091009818,
  "mean_e2el": 6.396925498252813,
  "median_e2el": 6.395941776514519,
  "std_e2el": 0.6848353507719893,
  "p99_e2el": 8.044722624322166
}