{
  "hw": "mi300x",
  "tp": 8,
  "conc": 32,
  "model": "amd/Llama-3.3-70B-Instruct-FP8-KV",
  "framework": "vllm",
  "precision": "fp8",
  "tput_per_gpu": 340.2894480852174,
  "mean_ttft": 0.28203610905911775,
  "median_ttft": 0.1376178376376629,
  "std_ttft": 0.44115362034018146,
  "p99_ttft": 1.6487745584454387,
  "mean_tpot": 0.012831904445892916,
  "mean_intvty": 77.93075487871701,
  "median_tpot": 0.012899818955778205,
  "median_intvty": 77.52046780098964,
  "std_tpot": 0.00018713745504712445,
  "std_intvty": 5343.665701492962,
  "p99_tpot": 0.013020268245753924,
  "p99_intvty": 76.80333316681957,
  "mean_itl": 0.012834363589237058,
  "median_itl": 0.01255849003791809,
  "std_itl": 0.00548125577249049,
  "p99_itl": 0.013177701830863957,
  "mean_e2el": 95.44848100969102,
  "median_e2el": 95.86957043083385,
  "std_e2el": 6.251978383376292,
  "p99_e2el": 105.60422377275303
}