{
  "hw": "mi300x",
  "tp": 2,
  "conc": 8,
  "model": "amd/Llama-3.3-70B-Instruct-FP8-KV",
  "framework": "vllm",
  "precision": "fp8",
  "tput_per_gpu": 1139.0502343131393,
  "mean_ttft": 1.8845538557507098,
  "median_ttft": 1.4505764259956777,
  "std_ttft": 1.3895385564494889,
  "p99_ttft": 6.639265675991774,
  "mean_tpot": 0.028747025418667714,
  "mean_intvty": 34.786207805369,
  "median_tpot": 0.029396121966515164,
  "median_intvty": 34.01809262933016,
  "std_tpot": 0.0028139589663801617,
  "std_intvty": 355.37120901460275,
  "p99_tpot": 0.03249865145066835,
  "p99_intvty": 30.770507555304558,
  "mean_itl": 0.028833899772996437,
  "median_itl": 0.019703292287886143,
  "std_itl": 0.11283431203474396,
  "p99_itl": 0.020593526549637305,
  "mean_e2el": 28.55194630535552,
  "median_e2el": 28.550301649142057,
  "std_e2el": 3.662428158070387,
  "p99_e2el": 35.70140038124285
}