{
  "hw": "mi300x",
  "tp": 8,
  "conc": 4,
  "model": "deepseek-ai/DeepSeek-R1-0528",
  "framework": "sglang",
  "precision": "fp8",
  "tput_per_gpu": 44.8554670932893,
  "mean_ttft": 0.24654982800129802,
  "median_ttft": 0.17389364168047905,
  "std_ttft": 0.2531079799820098,
  "p99_ttft": 1.1358298334386199,
  "mean_tpot": 0.021433886031572973,
  "mean_intvty": 46.655095512169844,
  "median_tpot": 0.02143724905808196,
  "median_intvty": 46.64777636769558,
  "std_tpot": 0.0002129022304103346,
  "std_intvty": 4696.991657028025,
  "p99_tpot": 0.022061049656785216,
  "p99_intvty": 45.32875885587949,
  "mean_itl": 0.021433596739911145,
  "median_itl": 0.02101325150579214,
  "std_itl": 0.00830526086056462,
  "p99_itl": 0.021380410231649875,
  "mean_e2el": 19.895263376156798,
  "median_e2el": 20.016476546879858,
  "std_e2el": 1.4012894406539145,
  "p99_e2el": 22.735768978660925
}