{
  "hw": "mi300x",
  "tp": 2,
  "conc": 32,
  "model": "amd/Llama-3.3-70B-Instruct-FP8-KV",
  "framework": "vllm",
  "precision": "fp8",
  "tput_per_gpu": 2568.302326981854,
  "mean_ttft": 2.865262148506008,
  "median_ttft": 0.9784473581239581,
  "std_ttft": 5.415103312586143,
  "p99_ttft": 24.210412901137023,
  "mean_tpot": 0.05159157032122745,
  "mean_intvty": 19.3830114837297,
  "median_tpot": 0.053417979795465184,
  "median_intvty": 18.720288633695073,
  "std_tpot": 0.007187548821273194,
  "std_intvty": 139.1294897420761,
  "p99_tpot": 0.06324077203618271,
  "p99_intvty": 15.81258368300529,
  "mean_itl": 0.0517191328209873,
  "median_itl": 0.026847993955016136,
  "std_itl": 0.16583188532263457,
  "p99_itl": 0.8846350721269838,
  "mean_e2el": 50.676852497816434,
  "median_e2el": 50.94445925578475,
  "std_e2el": 8.360846099049999,
  "p99_e2el": 73.70290709068999
}