{
  "hw": "gb200",
  "tp": 36,
  "conc": 64,
  "model": "/mnt/lustre01/models/deepseek-r1-0528-fp4-v2",
  "framework": "dynamo-trtllm",
  "precision": "fp4",
  "tput_per_gpu": 332.83774796656627,
  "mtp": "off",
  "mean_ttft": 0.3183751380075819,
  "median_ttft": 0.2622259095078334,
  "std_ttft": 0.19818075897006626,
  "p99_ttft": 1.1087215871160152,
  "mean_tpot": 0.009980211117590551,
  "mean_intvty": 100.19828120043042,
  "median_tpot": 0.010001828394096548,
  "median_intvty": 99.98171940144837,
  "std_tpot": 0.0001277790750771714,
  "std_intvty": 7826.0075008060285,
  "p99_tpot": 0.01014806203662156,
  "p99_intvty": 98.54098214922963,
  "mean_itl": 0.19740540232137693,
  "median_itl": 0.1994422925345134,
  "std_itl": 0.016910930134922772,
  "p99_itl": 0.2162013460195158,
  "mean_e2el": 9.541679803311126,
  "median_e2el": 9.549211631005164,
  "std_e2el": 0.594991565825344,
  "p99_e2el": 10.79312010667636
}