{
  "hw": "h200-trt",
  "tp": 4,
  "conc": 4,
  "model": "nvidia/Llama-3.3-70B-Instruct-FP8",
  "framework": "trt",
  "precision": "fp8",
  "tput_per_gpu": 136.76022809769555,
  "mean_ttft": 0.08302743905223905,
  "median_ttft": 0.0663066990673542,
  "std_ttft": 0.051723529003141214,
  "p99_ttft": 0.2563139079604298,
  "mean_tpot": 0.008099038245246099,
  "mean_intvty": 123.4714505252486,
  "median_tpot": 0.008100646205843807,
  "median_intvty": 123.44694171171183,
  "std_tpot": 2.2369003837894668e-05,
  "std_intvty": 44704.717619384086,
  "p99_tpot": 0.008138302387823747,
  "p99_intvty": 122.87574881662866,
  "mean_itl": 0.08093210067278314,
  "median_itl": 0.08096380671486259,
  "std_itl": 0.0031701713380705094,
  "p99_itl": 0.08277709963731467,
  "mean_e2el": 58.892338150320576,
  "median_e2el": 58.28836380690336,
  "std_e2el": 3.708401158001441,
  "p99_e2el": 65.81901279702782
}