{
  "hw": "mi300x",
  "tp": 2,
  "conc": 64,
  "model": "amd/Llama-3.3-70B-Instruct-FP8-KV",
  "framework": "vllm",
  "precision": "fp8",
  "tput_per_gpu": 3044.274677791432,
  "mean_ttft": 4.3903945458929226,
  "median_ttft": 1.0212012004340068,
  "std_ttft": 9.886729291688974,
  "p99_ttft": 48.83735387396999,
  "mean_tpot": 0.08888607097972749,
  "mean_intvty": 11.250356652934665,
  "median_tpot": 0.09255302505744317,
  "median_intvty": 10.80461713033527,
  "std_tpot": 0.01387662898078566,
  "std_intvty": 72.0636115143422,
  "p99_tpot": 0.11445295709708651,
  "p99_intvty": 8.737214182694593,
  "mean_itl": 0.08955297547748539,
  "median_itl": 0.03857703390531242,
  "std_itl": 0.2611911564075004,
  "p99_itl": 0.9216798300389201,
  "mean_e2el": 86.44960484355688,
  "median_e2el": 87.00708706956357,
  "std_e2el": 16.13081467422945,
  "p99_e2el": 132.24354243787704
}