{
  "hw": "gb200",
  "tp": 36,
  "conc": 32,
  "model": "/mnt/lustre01/models/deepseek-r1-0528-fp4-v2",
  "framework": "dynamo-trtllm",
  "precision": "fp4",
  "tput_per_gpu": 196.2183883552107,
  "mtp": "off",
  "mean_ttft": 0.27863141632792576,
  "median_ttft": 0.2491891130048316,
  "std_ttft": 0.11309269153388278,
  "p99_ttft": 0.6439584016130538,
  "mean_tpot": 0.008415254086931067,
  "mean_intvty": 118.83182488250772,
  "median_tpot": 0.008421585135105086,
  "median_intvty": 118.74249134305308,
  "std_tpot": 0.00010823403821004596,
  "std_intvty": 9239.237642222453,
  "p99_tpot": 0.008587830981079427,
  "p99_intvty": 116.44383805447313,
  "mean_itl": 0.16644810477854607,
  "median_itl": 0.1676764340372756,
  "std_itl": 0.014301200291777146,
  "p99_itl": 0.18722395836026406,
  "mean_e2el": 7.991810485624001,
  "median_e2el": 7.937384371471126,
  "std_e2el": 0.5205491609543272,
  "p99_e2el": 8.989672487045754
}