{
  "hw": "mi300x",
  "tp": 8,
  "conc": 64,
  "model": "deepseek-ai/DeepSeek-R1-0528",
  "framework": "sglang",
  "precision": "fp8",
  "tput_per_gpu": 923.7482917249279,
  "mean_ttft": 3.0063832550426013,
  "median_ttft": 0.7651677145622671,
  "std_ttft": 6.850105344391035,
  "p99_ttft": 30.518855848787354,
  "mean_tpot": 0.07358025905186352,
  "mean_intvty": 13.590601784850248,
  "median_tpot": 0.07584706717949113,
  "median_intvty": 13.18442541269938,
  "std_tpot": 0.008189169729621037,
  "std_intvty": 122.112501391063,
  "p99_tpot": 0.08778004766086546,
  "p99_intvty": 11.392110469835448,
  "mean_itl": 0.07396115545836791,
  "median_itl": 0.04532438702881336,
  "std_itl": 0.16887055564940232,
  "p99_itl": 0.757585038756952,
  "mean_e2el": 70.87105872590764,
  "median_e2el": 71.152109188959,
  "std_e2el": 10.6848540519174,
  "p99_e2el": 101.98073058101349
}