{
  "hw": "mi300x",
  "tp": 8,
  "conc": 32,
  "model": "deepseek-ai/DeepSeek-R1-0528",
  "framework": "sglang",
  "precision": "fp8",
  "tput_per_gpu": 640.348244204349,
  "mean_ttft": 1.8828602735908588,
  "median_ttft": 0.5710077965050004,
  "std_ttft": 3.854905363553393,
  "p99_ttft": 15.821022782983636,
  "mean_tpot": 0.05253390829605763,
  "mean_intvty": 19.03532465858902,
  "median_tpot": 0.053824661894024045,
  "median_intvty": 18.578844061648,
  "std_tpot": 0.0045450421917944996,
  "std_intvty": 220.0199597278489,
  "p99_tpot": 0.05980092900626277,
  "p99_intvty": 16.722148244474145,
  "mean_itl": 0.05260769989900664,
  "median_itl": 0.03832075900572818,
  "std_itl": 0.07740466881910722,
  "p99_itl": 0.35632690918573645,
  "mean_e2el": 50.51588364979043,
  "median_e2el": 50.3283679035012,
  "std_e2el": 6.076583392831152,
  "p99_e2el": 67.12649524308858
}