{
  "hw": "gb200",
  "tp": 20,
  "conc": 1075,
  "model": "/mnt/lustre01/models/deepseek-r1-0528-fp4-v2",
  "framework": "dynamo-trtllm",
  "precision": "fp4",
  "tput_per_gpu": 4501.200892590323,
  "mtp": "off",
  "mean_ttft": 1.9383726856702341,
  "median_ttft": 0.9424650610017125,
  "std_ttft": 3.0255089075337716,
  "p99_ttft": 14.660052694446641,
  "mean_tpot": 0.020263207165159707,
  "mean_intvty": 49.35052935348689,
  "median_tpot": 0.02012034729997428,
  "median_intvty": 49.700931355259385,
  "std_tpot": 0.00043011835546717013,
  "std_intvty": 2324.9414662014524,
  "p99_tpot": 0.021533946737392225,
  "p99_intvty": 46.43830562948168,
  "mean_itl": 0.40062707347545734,
  "median_itl": 0.4012112789787352,
  "std_itl": 0.09191104778206323,
  "p99_itl": 0.705100951259956,
  "mean_e2el": 20.59804437199846,
  "median_e2el": 19.907083403493743,
  "std_e2el": 3.237515718731576,
  "p99_e2el": 33.491785897913516
}