{
  "hw": "mi300x",
  "tp": 8,
  "conc": 64,
  "model": "amd/Llama-3.3-70B-Instruct-FP8-KV",
  "framework": "vllm",
  "precision": "fp8",
  "tput_per_gpu": 835.4865350868052,
  "mean_ttft": 0.4217022848257329,
  "median_ttft": 0.14658561954274774,
  "std_ttft": 0.7704670837119203,
  "p99_ttft": 2.755021938402206,
  "mean_tpot": 0.018222792162191886,
  "mean_intvty": 54.87633240282302,
  "median_tpot": 0.018777086815810633,
  "median_intvty": 53.25639753435994,
  "std_tpot": 0.0016222914571313838,
  "std_intvty": 616.4120482815398,
  "p99_tpot": 0.020160343099837903,
  "p99_intvty": 49.60233042899158,
  "mean_itl": 0.01837790518042611,
  "median_itl": 0.013244557892903686,
  "std_itl": 0.021580319728120245,
  "p99_itl": 0.10863419459201397,
  "mean_e2el": 17.224821828076166,
  "median_e2el": 17.41364392254036,
  "std_e2el": 1.89159454336726,
  "p99_e2el": 20.67694151155185
}