{
  "hw": "b200-trt",
  "tp": 8,
  "conc": 32,
  "model": "nvidia/Llama-3.3-70B-Instruct-FP8",
  "framework": "trt",
  "precision": "fp8",
  "tput_per_gpu": 611.6229225805455,
  "mean_ttft": 0.12296764620186877,
  "median_ttft": 0.05619915493298322,
  "std_ttft": 0.20302734392866356,
  "p99_ttft": 0.8329927774402313,
  "mean_tpot": 0.007139416947595767,
  "mean_intvty": 140.0674603178562,
  "median_tpot": 0.007168848464030547,
  "median_intvty": 139.49241709006208,
  "std_tpot": 7.743549039129774e-05,
  "std_intvty": 12913.97516754644,
  "p99_tpot": 0.007212732462774122,
  "p99_intvty": 138.6437116808552,
  "mean_itl": 0.0713481739343106,
  "median_itl": 0.07038988708518445,
  "std_itl": 0.006523344070811731,
  "p99_itl": 0.10121236123144627,
  "mean_e2el": 53.06710289819311,
  "median_e2el": 53.22288082190789,
  "std_e2el": 3.3925139111143534,
  "p99_e2el": 58.59066278968007
}