{
  "hw": "gb200",
  "tp": 72,
  "conc": 4992,
  "model": "deepseek-ai/DeepSeek-R1",
  "framework": "dynamo-sglang",
  "precision": "fp8",
  "tput_per_gpu": 3440.5770270468147,
  "mtp": "off",
  "mean_ttft": 4.6156739747749205,
  "median_ttft": 1.0241182269819546,
  "std_ttft": 7.757948153495419,
  "p99_ttft": 32.40340582233388,
  "mean_tpot": 0.03257140874101551,
  "mean_intvty": 30.701773078078478,
  "median_tpot": 0.03318172585712388,
  "median_intvty": 30.137070154393648,
  "std_tpot": 0.0019857285256135084,
  "std_intvty": 503.593510946337,
  "p99_tpot": 0.03506364996282904,
  "p99_intvty": 28.519563737947976,
  "mean_itl": 1.541631158442045,
  "median_itl": 1.5898667210130952,
  "std_itl": 0.28581063641219373,
  "p99_itl": 2.202538195229135,
  "mean_e2el": 33.78004952836123,
  "median_e2el": 31.514080026507145,
  "std_e2el": 7.895079079825213,
  "p99_e2el": 62.47226955091639
}