{
  "hw": "h200-trt",
  "tp": 4,
  "conc": 64,
  "model": "nvidia/Llama-3.3-70B-Instruct-FP8",
  "framework": "trt",
  "precision": "fp8",
  "tput_per_gpu": 1265.679463009368,
  "mean_ttft": 0.2902274603242404,
  "median_ttft": 0.08228082861751318,
  "std_ttft": 0.6490849900673286,
  "p99_ttft": 2.9408602236863226,
  "mean_tpot": 0.013749551432590235,
  "mean_intvty": 72.72964539262887,
  "median_tpot": 0.013800956974611072,
  "median_intvty": 72.4587433929147,
  "std_tpot": 0.00023249330945422118,
  "std_intvty": 4301.19904244773,
  "p99_tpot": 0.013987996030838572,
  "p99_intvty": 71.48986872711106,
  "mean_itl": 0.1374052046546432,
  "median_itl": 0.1359375361353159,
  "std_itl": 0.019199502819278947,
  "p99_itl": 0.19089729826897378,
  "mean_e2el": 101.84491115476703,
  "median_e2el": 101.68744764151052,
  "std_e2el": 6.944868584150195,
  "p99_e2el": 113.92873888325877
}