{
  "hw": "gb200",
  "tp": 12,
  "conc": 2252,
  "model": "/mnt/lustre01/models/deepseek-r1-0528-fp4-v2",
  "framework": "dynamo-trtllm",
  "precision": "fp4",
  "tput_per_gpu": 9568.339952533732,
  "mtp": "on",
  "mean_ttft": 5.390138380854388,
  "median_ttft": 3.1328399509948213,
  "std_ttft": 6.4187085011212375,
  "p99_ttft": 32.94652084071713,
  "mean_tpot": 0.03163327680501369,
  "mean_intvty": 31.612279883742737,
  "median_tpot": 0.032060231283603836,
  "median_intvty": 31.191290891011683,
  "std_tpot": 0.0020692673908595752,
  "std_intvty": 483.2628225898825,
  "p99_tpot": 0.03461996463722303,
  "p99_intvty": 28.88506705534905,
  "mean_itl": 1.095283213230983,
  "median_itl": 1.1207685690023936,
  "std_itl": 0.22495689109699307,
  "p99_itl": 1.7234367827943062,
  "mean_e2el": 34.529559657172555,
  "median_e2el": 33.00854045848246,
  "std_e2el": 6.7394708169149515,
  "p99_e2el": 62.251481008657706
}