{
  "hw": "mi300x",
  "tp": 8,
  "conc": 64,
  "model": "deepseek-ai/DeepSeek-R1-0528",
  "framework": "sglang",
  "precision": "fp8",
  "tput_per_gpu": 340.6585774681672,
  "mean_ttft": 0.5242786949995206,
  "median_ttft": 0.1750925243832171,
  "std_ttft": 1.0070422116257731,
  "p99_ttft": 4.299880087664351,
  "mean_tpot": 0.04515279794411254,
  "mean_intvty": 22.147021791157677,
  "median_tpot": 0.04600625729759514,
  "median_intvty": 21.736173702012323,
  "std_tpot": 0.0025203538240220254,
  "std_intvty": 396.7696878385838,
  "p99_tpot": 0.047785952218719556,
  "p99_intvty": 20.926652155489794,
  "mean_itl": 0.0451795666143318,
  "median_itl": 0.03991314955055714,
  "std_itl": 0.026317534608729747,
  "p99_itl": 0.1391016803681851,
  "mean_e2el": 42.12625880045671,
  "median_e2el": 42.39303572382778,
  "std_e2el": 3.5171099088022526,
  "p99_e2el": 48.60614204706624
}