{
  "hw": "b200",
  "tp": 1,
  "conc": 4,
  "model": "nvidia/Llama-3.3-70B-Instruct-FP4",
  "framework": "vllm",
  "precision": "fp4",
  "tput_per_gpu": 343.361965446084,
  "mean_ttft": 0.07811924364359583,
  "median_ttft": 0.0701764749828726,
  "std_ttft": 0.023854903788328077,
  "p99_ttft": 0.16771397823467848,
  "mean_tpot": 0.012908718684822146,
  "mean_intvty": 77.4670224377717,
  "median_tpot": 0.012920994445679491,
  "median_intvty": 77.39342387337524,
  "std_tpot": 3.985671105480205e-05,
  "std_intvty": 25089.877552240152,
  "p99_tpot": 0.01296937873486152,
  "p99_intvty": 77.1046956406642,
  "mean_itl": 0.012908998012265119,
  "median_itl": 0.012912534992210567,
  "std_itl": 0.0006650420206147741,
  "p99_itl": 0.013277238330338153,
  "mean_e2el": 93.81099910252524,
  "median_e2el": 92.71578508248786,
  "std_e2el": 5.891206905167301,
  "p99_e2el": 104.90311237290327
}