{
  "hw": "mi300x",
  "tp": 8,
  "conc": 16,
  "model": "deepseek-ai/DeepSeek-R1-0528",
  "framework": "sglang",
  "precision": "fp8",
  "tput_per_gpu": 141.355934875879,
  "mean_ttft": 0.28527810545056126,
  "median_ttft": 0.14805791852995753,
  "std_ttft": 0.41407565241428873,
  "p99_ttft": 1.5730735667236149,
  "mean_tpot": 0.02751701440156229,
  "mean_intvty": 36.34115189267134,
  "median_tpot": 0.027632600659511345,
  "median_intvty": 36.18913805189714,
  "std_tpot": 0.0006263889569366473,
  "std_intvty": 1596.4521547290617,
  "p99_tpot": 0.028494183861124206,
  "p99_intvty": 35.09488128783858,
  "mean_itl": 0.027523886790273244,
  "median_itl": 0.026109052821993828,
  "std_itl": 0.01168357435210141,
  "p99_itl": 0.11890469344332806,
  "mean_e2el": 25.46670993490843,
  "median_e2el": 25.54590681567788,
  "std_e2el": 1.8989939625521361,
  "p99_e2el": 29.586570088826114
}