{
  "hw": "mi300x",
  "tp": 2,
  "conc": 8,
  "model": "amd/Llama-3.3-70B-Instruct-FP8-KV",
  "framework": "vllm",
  "precision": "fp8",
  "tput_per_gpu": 250.19117429568388,
  "mean_ttft": 0.2699221921619028,
  "median_ttft": 0.15905653801746666,
  "std_ttft": 0.3403626323177905,
  "p99_ttft": 1.35131415983662,
  "mean_tpot": 0.017476847186551396,
  "mean_intvty": 57.21855832037656,
  "median_tpot": 0.0174938041448289,
  "median_intvty": 57.16309567210949,
  "std_tpot": 8.029022320028026e-05,
  "std_intvty": 12454.816541056887,
  "p99_tpot": 0.017573870797120784,
  "p99_intvty": 56.902660292906845,
  "mean_itl": 0.01776471175043101,
  "median_itl": 0.017395934090018272,
  "std_itl": 0.0066291313984360245,
  "p99_itl": 0.03502826147247107,
  "mean_e2el": 128.8551247692143,
  "median_e2el": 129.2128799884813,
  "std_e2el": 8.075677723845631,
  "p99_e2el": 143.55401908883127
}