{
  "hw": "mi300x",
  "tp": 8,
  "conc": 4,
  "model": "amd/Llama-3.3-70B-Instruct-FP8-KV",
  "framework": "vllm",
  "precision": "fp8",
  "tput_per_gpu": 100.83967582295568,
  "mean_ttft": 0.18185795353492723,
  "median_ttft": 0.12824263609945774,
  "std_ttft": 0.16337407120980602,
  "p99_ttft": 0.7090347666898742,
  "mean_tpot": 0.009475486741598215,
  "mean_intvty": 105.53547561941198,
  "median_tpot": 0.009490216410271934,
  "median_intvty": 105.37167507767569,
  "std_tpot": 0.0001138359157725098,
  "std_intvty": 8784.573771940346,
  "p99_tpot": 0.009600768105519695,
  "p99_intvty": 104.15833285516788,
  "mean_itl": 0.009476274715541909,
  "median_itl": 0.00920573016628623,
  "std_itl": 0.005050141547341719,
  "p99_itl": 0.00944763945415616,
  "mean_e2el": 8.868995693745092,
  "median_e2el": 8.943783529568464,
  "std_e2el": 0.6352545868613656,
  "p99_e2el": 10.239541701627894
}