{
  "hw": "gb200",
  "tp": 36,
  "conc": 4,
  "model": "/mnt/lustre01/models/deepseek-r1-0528-fp4-v2",
  "framework": "dynamo-trtllm",
  "precision": "fp4",
  "tput_per_gpu": 32.71155857584893,
  "mtp": "off",
  "mean_ttft": 0.23059459719479491,
  "median_ttft": 0.1732211425260175,
  "std_ttft": 0.16772127016644386,
  "p99_ttft": 0.7675325727317249,
  "mean_tpot": 0.006230733302368612,
  "mean_intvty": 160.49475261922223,
  "median_tpot": 0.006224234409521844,
  "median_intvty": 160.66232956621917,
  "std_tpot": 3.527797728543799e-05,
  "std_intvty": 28346.29638510423,
  "p99_tpot": 0.0063090938367920905,
  "p99_intvty": 158.50136737044602,
  "mean_itl": 0.1229823140093066,
  "median_itl": 0.12427710599149577,
  "std_itl": 0.011353458392050405,
  "p99_itl": 0.1335251080861781,
  "mean_e2el": 6.01844962625546,
  "median_e2el": 6.060624285019003,
  "std_e2el": 0.42273945878332286,
  "p99_e2el": 6.8873064394691035
}