{
  "hw": "b200-trt",
  "tp": 8,
  "conc": 8,
  "model": "nvidia/Llama-3.3-70B-Instruct-FP8",
  "framework": "trt",
  "precision": "fp8",
  "tput_per_gpu": 183.75367297937282,
  "mean_ttft": 0.08036396903335116,
  "median_ttft": 0.05100372899323702,
  "std_ttft": 0.09184790925793698,
  "p99_ttft": 0.36783078535692765,
  "mean_tpot": 0.0059396650816838144,
  "mean_intvty": 168.3596610663633,
  "median_tpot": 0.005945603289615199,
  "median_intvty": 168.19151081718408,
  "std_tpot": 1.6460650769262295e-05,
  "std_intvty": 60750.93955989543,
  "p99_tpot": 0.005957816187631585,
  "p99_intvty": 167.8467358687564,
  "mean_itl": 0.059354056598300904,
  "median_itl": 0.059301447006873786,
  "std_itl": 0.0029551143965861784,
  "p99_itl": 0.06423368898686022,
  "mean_e2el": 43.78052989892312,
  "median_e2el": 43.79677834449103,
  "std_e2el": 2.7302645365841154,
  "p99_e2el": 48.67176183438394
}