{
  "hw": "mi300x",
  "tp": 4,
  "conc": 32,
  "model": "amd/Llama-3.3-70B-Instruct-FP8-KV",
  "framework": "vllm",
  "precision": "fp8",
  "tput_per_gpu": 2067.645322548385,
  "mean_ttft": 1.6365270762747968,
  "median_ttft": 0.5710448604077101,
  "std_ttft": 3.060780945360166,
  "p99_ttft": 13.563285690881312,
  "mean_tpot": 0.03216196482457057,
  "mean_intvty": 31.092627750032122,
  "median_tpot": 0.03326472553361769,
  "median_intvty": 30.061874371679075,
  "std_tpot": 0.004090047800756796,
  "std_intvty": 244.4959200268922,
  "p99_tpot": 0.038625611439108996,
  "p99_intvty": 25.88955780224842,
  "mean_itl": 0.03239652680484741,
  "median_itl": 0.01781056437175721,
  "std_itl": 0.09398638409195167,
  "p99_itl": 0.5103117105504498,
  "mean_e2el": 31.43545968045073,
  "median_e2el": 31.43300565239042,
  "std_e2el": 4.971651234038321,
  "p99_e2el": 45.142692099555866
}