{
  "hw": "mi300x",
  "tp": 1,
  "conc": 16,
  "model": "amd/Llama-3.3-70B-Instruct-FP8-KV",
  "framework": "vllm",
  "precision": "fp8",
  "tput_per_gpu": 1021.4478637974546,
  "mean_ttft": 0.5158526791958138,
  "median_ttft": 0.2860225145705044,
  "std_ttft": 0.706709122421595,
  "p99_ttft": 2.782901126528159,
  "mean_tpot": 0.030222948078835583,
  "mean_intvty": 33.087440622653105,
  "median_tpot": 0.030465001861624402,
  "median_intvty": 32.824550759659125,
  "std_tpot": 0.0008556242328881849,
  "std_intvty": 1168.73735170458,
  "p99_tpot": 0.03122101493087478,
  "p99_intvty": 32.0297082658607,
  "mean_itl": 0.03023430706211244,
  "median_itl": 0.027429303154349327,
  "std_itl": 0.024410168122501987,
  "p99_itl": 0.20793569773435588,
  "mean_e2el": 28.177030931279297,
  "median_e2el": 28.227831101976335,
  "std_e2el": 2.1178474183254825,
  "p99_e2el": 32.35443163827062
}