{
  "hw": "gb200",
  "tp": 24,
  "conc": 2048,
  "model": "/mnt/lustre01/models/deepseek-r1-0528-fp4-v2",
  "framework": "dynamo-trtllm",
  "precision": "fp4",
  "tput_per_gpu": 6143.578337920136,
  "mtp": "off",
  "mean_ttft": 1.5824130376610448,
  "median_ttft": 0.5894149059895426,
  "std_ttft": 3.0210233994275026,
  "p99_ttft": 14.367989799840142,
  "mean_tpot": 0.024618795157105564,
  "mean_intvty": 40.61937205368787,
  "median_tpot": 0.024249631327766127,
  "median_intvty": 41.23774033855054,
  "std_tpot": 0.000904421243906686,
  "std_intvty": 1105.6794682093685,
  "p99_tpot": 0.02717781858225498,
  "p99_intvty": 36.79471172321839,
  "mean_itl": 0.48675682080829924,
  "median_itl": 0.47970197204267606,
  "std_itl": 0.22064168759403374,
  "p99_itl": 1.1413827594951726,
  "mean_e2el": 24.263991404018842,
  "median_e2el": 23.6615678499802,
  "std_e2el": 3.297688789132205,
  "p99_e2el": 37.10951517103647
}