{
  "hw": "mi300x",
  "tp": 1,
  "conc": 8,
  "model": "amd/Llama-3.3-70B-Instruct-FP8-KV",
  "framework": "vllm",
  "precision": "fp8",
  "tput_per_gpu": 560.4152492892063,
  "mean_ttft": 0.3431818737677531,
  "median_ttft": 0.23400697158649564,
  "std_ttft": 0.38740032552765485,
  "p99_ttft": 1.703935076140333,
  "mean_tpot": 0.027442037791042047,
  "mean_intvty": 36.44044249244609,
  "median_tpot": 0.027516174940018706,
  "median_intvty": 36.34226058599554,
  "std_tpot": 0.00036026452185814817,
  "std_intvty": 2775.738212695125,
  "p99_tpot": 0.028271192700019192,
  "p99_intvty": 35.37169480647066,
  "mean_itl": 0.027463783194381045,
  "median_itl": 0.026395249064080417,
  "std_itl": 0.014831857291383772,
  "p99_itl": 0.04482449182542041,
  "mean_e2el": 25.817900377989282,
  "median_e2el": 26.04335950058885,
  "std_e2el": 1.7647224074644259,
  "p99_e2el": 28.700850344300267
}