{
  "hw": "mi300x",
  "tp": 8,
  "conc": 4,
  "model": "amd/Llama-3.3-70B-Instruct-FP8-KV",
  "framework": "vllm",
  "precision": "fp8",
  "tput_per_gpu": 404.07313409385006,
  "mean_ttft": 0.49342519941274077,
  "median_ttft": 0.41381641291081905,
  "std_ttft": 0.23213076015982612,
  "p99_ttft": 1.1809772658068687,
  "mean_tpot": 0.010345349516528823,
  "mean_intvty": 96.66178976382521,
  "median_tpot": 0.010446013664625622,
  "median_intvty": 95.73029790171533,
  "std_tpot": 0.00040296042085210046,
  "std_intvty": 2481.633302559589,
  "p99_tpot": 0.010902323814772281,
  "p99_intvty": 91.72356435102705,
  "mean_itl": 0.010344663491315798,
  "median_itl": 0.009279722347855568,
  "std_itl": 0.020204020488791743,
  "p99_itl": 0.0097015667706728,
  "mean_e2el": 10.001463742856867,
  "median_e2el": 9.941059871111065,
  "std_e2el": 0.731972722641229,
  "p99_e2el": 11.454078310281039
}