{
  "hw": "mi325x",
  "tp": 8,
  "conc": 8,
  "model": "amd/Llama-3.3-70B-Instruct-FP8-KV",
  "framework": "vllm",
  "precision": "fp8",
  "tput_per_gpu": 126.08291297351255,
  "mean_ttft": 0.14270889192994218,
  "median_ttft": 0.08562264614738524,
  "std_ttft": 0.16836823612860857,
  "p99_ttft": 0.694118796379771,
  "mean_tpot": 0.00867742564296697,
  "mean_intvty": 115.24155217745914,
  "median_tpot": 0.008689148430448162,
  "median_intvty": 115.0860763864777,
  "std_tpot": 5.354376746670968e-05,
  "std_intvty": 18676.310004180043,
  "p99_tpot": 0.00873304249893376,
  "p99_intvty": 114.50763008677589,
  "mean_itl": 0.00867807036196225,
  "median_itl": 0.008605832001194358,
  "std_itl": 0.0015389899969299571,
  "p99_itl": 0.009622633450198927,
  "mean_e2el": 63.987272171280345,
  "median_e2el": 64.16916329495143,
  "std_e2el": 4.0286646576207605,
  "p99_e2el": 71.31675659945235
}