{
  "hw": "gb200",
  "tp": 36,
  "conc": 32,
  "model": "/mnt/lustre01/models/deepseek-r1-0528-fp4-v2",
  "framework": "dynamo-trtllm",
  "precision": "fp4",
  "tput_per_gpu": 286.7159323630486,
  "mtp": "on",
  "mean_ttft": 0.3773056310769789,
  "median_ttft": 0.28243095299694687,
  "std_ttft": 0.2860042412864958,
  "p99_ttft": 1.460956167668337,
  "mean_tpot": 0.005525109557945971,
  "mean_intvty": 180.99188613587648,
  "median_tpot": 0.005534407478626447,
  "median_intvty": 180.68781596981077,
  "std_tpot": 0.0004112564484181812,
  "std_intvty": 2431.572815080001,
  "p99_tpot": 0.006272412609958456,
  "p99_intvty": 159.4282873566609,
  "mean_itl": 0.24886502885157827,
  "median_itl": 0.2538038580096327,
  "std_itl": 0.03273399743473987,
  "p99_itl": 0.29314904322964136,
  "mean_e2el": 5.439181330133124,
  "median_e2el": 5.447137327486416,
  "std_e2el": 0.5489681808279191,
  "p99_e2el": 6.6446518235316026
}