{
  "hw": "gb200",
  "tp": 36,
  "conc": 16,
  "model": "/mnt/lustre01/models/deepseek-r1-0528-fp4-v2",
  "framework": "dynamo-trtllm",
  "precision": "fp4",
  "tput_per_gpu": 168.5714396510197,
  "mtp": "on",
  "mean_ttft": 0.3935147653023705,
  "median_ttft": 0.18391687399707735,
  "std_ttft": 0.5514111890717972,
  "p99_ttft": 1.922969555198797,
  "mean_tpot": 0.004652890422693047,
  "mean_intvty": 214.9201698631901,
  "median_tpot": 0.004721816508880965,
  "median_intvty": 211.78290137263136,
  "std_tpot": 0.0004260799328533352,
  "std_intvty": 2346.9774633676984,
  "p99_tpot": 0.005361409478633632,
  "p99_intvty": 186.51811692153242,
  "mean_itl": 0.2113589506649083,
  "median_itl": 0.2157881430175621,
  "std_itl": 0.026976742146588534,
  "p99_itl": 0.24442335171450397,
  "mean_e2el": 4.66032347459668,
  "median_e2el": 4.530715823522769,
  "std_e2el": 0.786843187257826,
  "p99_e2el": 6.80209658774722
}