{
  "hw": "mi300x",
  "tp": 2,
  "conc": 32,
  "model": "amd/Llama-3.3-70B-Instruct-FP8-KV",
  "framework": "vllm",
  "precision": "fp8",
  "tput_per_gpu": 1264.8672373771599,
  "mean_ttft": 0.5190508016035892,
  "median_ttft": 0.1894560834625736,
  "std_ttft": 0.9564858108355322,
  "p99_ttft": 3.436931982859969,
  "mean_tpot": 0.024075789009477454,
  "mean_intvty": 41.53550272459811,
  "median_tpot": 0.02439552851076067,
  "median_intvty": 40.991118497757,
  "std_tpot": 0.001141399945535127,
  "std_intvty": 876.1170910439865,
  "p99_tpot": 0.025542993162593824,
  "p99_intvty": 39.14967966496737,
  "mean_itl": 0.024092161187425555,
  "median_itl": 0.02054943609982729,
  "std_itl": 0.021657869219469123,
  "p99_itl": 0.14871075754053892,
  "mean_e2el": 22.748661888822244,
  "median_e2el": 22.75402564648539,
  "std_e2el": 1.9282823545337202,
  "p99_e2el": 27.52845759101212
}