{
  "hw": "mi300x",
  "tp": 8,
  "conc": 32,
  "model": "deepseek-ai/DeepSeek-R1-0528",
  "framework": "sglang",
  "precision": "fp8",
  "tput_per_gpu": 241.05556978618992,
  "mean_ttft": 0.40133021964138604,
  "median_ttft": 0.1609166779089719,
  "std_ttft": 0.6800847880379177,
  "p99_ttft": 2.4777557723177597,
  "mean_tpot": 0.03184219474135365,
  "mean_intvty": 31.404870428145898,
  "median_tpot": 0.0321022415444146,
  "median_intvty": 31.150472736193954,
  "std_tpot": 0.0010461307138669583,
  "std_intvty": 955.9034896352113,
  "p99_tpot": 0.033012041064151,
  "p99_intvty": 30.29197734416782,
  "mean_itl": 0.03185858065941386,
  "median_itl": 0.028895876836031675,
  "std_itl": 0.018018238802621975,
  "p99_itl": 0.13232969650998713,
  "mean_e2el": 29.79694375453837,
  "median_e2el": 29.78193699195981,
  "std_e2el": 2.3006821266552047,
  "p99_e2el": 34.83095906166825
}