{
  "hw": "mi300x",
  "tp": 2,
  "conc": 4,
  "model": "openai/gpt-oss-120b",
  "framework": "vllm",
  "precision": "fp4",
  "tput_per_gpu": 2459.543829444376,
  "mean_ttft": 0.40859431665739976,
  "median_ttft": 0.2167863439535722,
  "std_ttft": 0.5450706204353829,
  "p99_ttft": 2.3448102643340825,
  "mean_tpot": 0.006722657726945744,
  "mean_intvty": 148.75069364186157,
  "median_tpot": 0.006695806197751031,
  "median_intvty": 149.3472138330224,
  "std_tpot": 0.0003735232132036996,
  "std_intvty": 2677.2097814832555,
  "p99_tpot": 0.007794364823366994,
  "p99_intvty": 128.2978180597944,
  "mean_itl": 0.007651501373145404,
  "median_itl": 0.006209574523381889,
  "std_itl": 0.015395602624380358,
  "p99_itl": 0.017619656240567584,
  "mean_e2el": 6.581825430656318,
  "median_e2el": 6.366004893905483,
  "std_e2el": 0.801226745239623,
  "p99_e2el": 9.15972380966181
}