{
  "hw": "mi300x",
  "tp": 4,
  "conc": 8,
  "model": "openai/gpt-oss-120b",
  "framework": "vllm",
  "precision": "fp4",
  "tput_per_gpu": 2570.050509760116,
  "mean_ttft": 0.33465302946278824,
  "median_ttft": 0.15090033959131688,
  "std_ttft": 0.45012232991290024,
  "p99_ttft": 1.9414349214360103,
  "mean_tpot": 0.00644940125423833,
  "mean_intvty": 155.0531530881,
  "median_tpot": 0.006343131852010344,
  "median_intvty": 157.6508297999619,
  "std_tpot": 0.0004527217803277722,
  "std_intvty": 2208.862138852689,
  "p99_tpot": 0.0075994626929774935,
  "p99_intvty": 131.5882504330312,
  "mean_itl": 0.007041154152303745,
  "median_itl": 0.005495546036399901,
  "std_itl": 0.016944564064508796,
  "p99_itl": 0.016500387154519718,
  "mean_e2el": 6.310480331169674,
  "median_e2el": 6.146776453941129,
  "std_e2el": 0.8694189190109232,
  "p99_e2el": 8.944715138515457
}