{
  "hw": "mi300x",
  "tp": 8,
  "conc": 8,
  "model": "deepseek-ai/DeepSeek-R1-0528",
  "framework": "sglang",
  "precision": "fp8",
  "tput_per_gpu": 78.27732158577975,
  "mean_ttft": 0.24413330875049724,
  "median_ttft": 0.143204659998446,
  "std_ttft": 0.30700824735435017,
  "p99_ttft": 1.3135496520709418,
  "mean_tpot": 0.024629094694196434,
  "mean_intvty": 40.60238561004188,
  "median_tpot": 0.024738693937766773,
  "median_intvty": 40.42250583299276,
  "std_tpot": 0.00042708348455150637,
  "std_intvty": 2341.4625855882277,
  "p99_tpot": 0.025270822979021505,
  "p99_intvty": 39.571327013376134,
  "mean_itl": 0.02463115141196816,
  "median_itl": 0.024050049501965987,
  "std_itl": 0.007678914784884803,
  "p99_itl": 0.031332899548942805,
  "mean_e2el": 23.103688965788024,
  "median_e2el": 23.23073633450258,
  "std_e2el": 1.5382489355813658,
  "p99_e2el": 25.84766287702696
}