{
  "hw": "gb200",
  "tp": 36,
  "conc": 1075,
  "model": "/mnt/lustre01/models/deepseek-r1-0528-fp4-v2",
  "framework": "dynamo-trtllm",
  "precision": "fp4",
  "tput_per_gpu": 2804.2491003948167,
  "mtp": "off",
  "mean_ttft": 1.8213310873901492,
  "median_ttft": 0.8731114710099064,
  "std_ttft": 2.9800074954620865,
  "p99_ttft": 14.543419591258862,
  "mean_tpot": 0.017961029142270966,
  "mean_intvty": 55.67609695852659,
  "median_tpot": 0.017966315381601913,
  "median_intvty": 55.659715348425436,
  "std_tpot": 0.00013453030463325132,
  "std_intvty": 7433.269423763974,
  "p99_tpot": 0.018298664080173662,
  "p99_intvty": 54.64879816464228,
  "mean_itl": 0.35511714402951494,
  "median_itl": 0.3575024970341474,
  "std_itl": 0.09089432668197386,
  "p99_itl": 0.6472389492229563,
  "mean_e2el": 18.361324883012927,
  "median_e2el": 17.629300192493247,
  "std_e2el": 3.1797857599753194,
  "p99_e2el": 31.562006214912987
}