{
  "hw": "mi300x",
  "tp": 4,
  "conc": 16,
  "model": "amd/Llama-3.3-70B-Instruct-FP8-KV",
  "framework": "vllm",
  "precision": "fp8",
  "tput_per_gpu": 545.422978968837,
  "mean_ttft": 0.25043222823587713,
  "median_ttft": 0.12482199911028147,
  "std_ttft": 0.3613484626744394,
  "p99_ttft": 1.3994820273760706,
  "mean_tpot": 0.014145177159353057,
  "mean_intvty": 70.69547371054178,
  "median_tpot": 0.014270983188526204,
  "median_intvty": 70.07225688584616,
  "std_tpot": 0.000372207726541392,
  "std_intvty": 2686.6717929048505,
  "p99_tpot": 0.014613750478545422,
  "p99_intvty": 68.42870360131775,
  "mean_itl": 0.014150459461978435,
  "median_itl": 0.012894327286630869,
  "std_itl": 0.010788930530845836,
  "p99_itl": 0.09870202896185219,
  "mean_e2el": 13.196598976681708,
  "median_e2el": 13.18990049092099,
  "std_e2el": 0.9951472292554809,
  "p99_e2el": 15.38321424593683
}