{
  "hw": "b200",
  "tp": 2,
  "conc": 64,
  "model": "nvidia/Llama-3.3-70B-Instruct-FP4",
  "framework": "vllm",
  "precision": "fp4",
  "tput_per_gpu": 2387.322141685555,
  "mean_ttft": 0.17908096139490226,
  "median_ttft": 0.0691511639743112,
  "std_ttft": 0.34179979476096106,
  "p99_ttft": 1.6583542064705399,
  "mean_tpot": 0.014567443751794126,
  "mean_intvty": 68.64622352681747,
  "median_tpot": 0.014635444978634598,
  "median_intvty": 68.32726995727425,
  "std_tpot": 0.00046705439299334577,
  "std_intvty": 2141.078244850696,
  "p99_tpot": 0.01530197599951028,
  "p99_intvty": 65.35103701848726,
  "mean_itl": 0.014570299713964634,
  "median_itl": 0.014491635956801474,
  "std_itl": 0.013614818789625654,
  "p99_itl": 0.0158639860979747,
  "mean_e2el": 107.78315744454922,
  "median_e2el": 107.46187695197295,
  "std_e2el": 7.957240702354963,
  "p99_e2el": 123.37830286546959
}