{
  "hw": "mi300x",
  "tp": 8,
  "conc": 16,
  "model": "deepseek-ai/DeepSeek-R1-0528",
  "framework": "sglang",
  "precision": "fp8",
  "tput_per_gpu": 460.99674112926397,
  "mean_ttft": 1.3430740080424584,
  "median_ttft": 0.5607654780615121,
  "std_ttft": 2.3331621065214248,
  "p99_ttft": 8.588987864647061,
  "mean_tpot": 0.03653200011479764,
  "mean_intvty": 27.373261711858486,
  "median_tpot": 0.03724985440618296,
  "median_intvty": 26.845742512057008,
  "std_tpot": 0.0024165727624453847,
  "std_intvty": 413.8091827982359,
  "p99_tpot": 0.039263969593841354,
  "p99_intvty": 25.4686423798793,
  "mean_itl": 0.0365812321649773,
  "median_itl": 0.029614086728543043,
  "std_itl": 0.04776416737852886,
  "p99_itl": 0.3144390149274841,
  "mean_e2el": 34.78426432279521,
  "median_e2el": 34.808927175356075,
  "std_e2el": 3.4699319347760866,
  "p99_e2el": 42.37067045287229
}