{
  "hw": "gb200",
  "tp": 36,
  "conc": 16,
  "model": "/mnt/lustre01/models/deepseek-r1-0528-fp4-v2",
  "framework": "dynamo-trtllm",
  "precision": "fp4",
  "tput_per_gpu": 112.63028914143241,
  "mtp": "off",
  "mean_ttft": 0.2517312385966761,
  "median_ttft": 0.21578981552738696,
  "std_ttft": 0.0823791270313186,
  "p99_ttft": 0.4670434666873189,
  "mean_tpot": 0.007478491596693478,
  "mean_intvty": 133.7168046618034,
  "median_tpot": 0.007485069290806956,
  "median_intvty": 133.59929763485079,
  "std_tpot": 6.482028669367419e-05,
  "std_intvty": 15427.26900801551,
  "p99_tpot": 0.0076013274504497415,
  "p99_intvty": 131.55596920651456,
  "mean_itl": 0.14781676051719278,
  "median_itl": 0.1492327519808896,
  "std_itl": 0.013082127926915169,
  "p99_itl": 0.16259644967503845,
  "mean_e2el": 7.110197862902169,
  "median_e2el": 7.129398486518767,
  "std_e2el": 0.4756383956799074,
  "p99_e2el": 7.943964549712836
}