{
  "hw": "h200-trt",
  "tp": 2,
  "conc": 64,
  "model": "nvidia/Llama-3.3-70B-Instruct-FP8",
  "framework": "trt",
  "precision": "fp8",
  "tput_per_gpu": 1717.0183399383475,
  "mean_ttft": 0.4301825960719725,
  "median_ttft": 0.12310547567903996,
  "std_ttft": 0.9668827846365265,
  "p99_ttft": 4.451627259561792,
  "mean_tpot": 0.02026220105330781,
  "mean_intvty": 49.352979835167005,
  "median_tpot": 0.02034116901973502,
  "median_intvty": 49.16138295836385,
  "std_tpot": 0.0003563183524940818,
  "std_intvty": 2806.4790741212505,
  "p99_tpot": 0.020689854485463958,
  "p99_intvty": 48.33286772038772,
  "mean_itl": 0.2024921102403332,
  "median_itl": 0.2009815452620387,
  "std_itl": 0.03200190394063728,
  "p99_itl": 0.29184328150004146,
  "mean_e2el": 150.08988632521795,
  "median_e2el": 150.0462196324952,
  "std_e2el": 10.252757250812332,
  "p99_e2el": 168.3657384190336
}