{
  "hw": "mi300x",
  "tp": 4,
  "conc": 64,
  "model": "amd/Llama-3.3-70B-Instruct-FP8-KV",
  "framework": "vllm",
  "precision": "fp8",
  "tput_per_gpu": 1277.6129486691768,
  "mean_ttft": 0.529268422612222,
  "median_ttft": 0.1466908873990178,
  "std_ttft": 1.0751408102410394,
  "p99_ttft": 3.839442394869402,
  "mean_tpot": 0.023834344913922324,
  "mean_intvty": 41.95626116897685,
  "median_tpot": 0.024228707316777877,
  "median_intvty": 41.273353420201694,
  "std_tpot": 0.0015276216703762721,
  "std_intvty": 654.612342435341,
  "p99_tpot": 0.02612620253873361,
  "p99_intvty": 38.27575012164289,
  "mean_itl": 0.023859990976193828,
  "median_itl": 0.01902759727090597,
  "std_itl": 0.02226103939155477,
  "p99_itl": 0.10994412507861857,
  "mean_e2el": 22.499883506151672,
  "median_e2el": 22.57295676972717,
  "std_e2el": 2.2299250642483117,
  "p99_e2el": 27.659260877417402
}