{
  "hw": "mi300x",
  "tp": 4,
  "conc": 8,
  "model": "openai/gpt-oss-120b",
  "framework": "vllm",
  "precision": "fp4",
  "tput_per_gpu": 622.8737212723777,
  "mean_ttft": 0.22126370759797281,
  "median_ttft": 0.04663233389146626,
  "std_ttft": 0.5016843817319647,
  "p99_ttft": 1.7588415037980303,
  "mean_tpot": 0.006034064582917109,
  "mean_intvty": 165.72577012700117,
  "median_tpot": 0.006071113173020793,
  "median_intvty": 164.71443893417518,
  "std_tpot": 0.0001729119129976982,
  "std_intvty": 5783.291519152367,
  "p99_tpot": 0.00635798298998954,
  "p99_intvty": 157.28258499188675,
  "mean_itl": 0.0060358997754807525,
  "median_itl": 0.00581629597581923,
  "std_itl": 0.0043185668194465395,
  "p99_itl": 0.0065300693502649675,
  "mean_e2el": 5.823031231114873,
  "median_e2el": 5.718037633458152,
  "std_e2el": 0.6750464280479835,
  "p99_e2el": 7.691417731004766
}