{
  "hw": "b200-trt",
  "tp": 8,
  "conc": 4,
  "model": "nvidia/Llama-3.3-70B-Instruct-FP8",
  "framework": "trt",
  "precision": "fp8",
  "tput_per_gpu": 95.59469144194124,
  "mean_ttft": 0.05815498381271027,
  "median_ttft": 0.05106511153280735,
  "std_ttft": 0.022770149803355545,
  "p99_ttft": 0.1348205851810053,
  "mean_tpot": 0.005792306006281042,
  "mean_intvty": 172.6428125371179,
  "median_tpot": 0.00579702770560275,
  "median_intvty": 172.5021943630722,
  "std_tpot": 1.955086050588384e-05,
  "std_intvty": 51148.6438000542,
  "p99_tpot": 0.00582483005726764,
  "p99_intvty": 171.6788284238954,
  "mean_itl": 0.05788179466616693,
  "median_itl": 0.057935144926887006,
  "std_itl": 0.002317461650123224,
  "p99_itl": 0.05952821907121688,
  "mean_e2el": 42.11796091157885,
  "median_e2el": 41.62487616605358,
  "std_e2el": 2.6565848789187756,
  "p99_e2el": 47.12797589174937
}