{
  "hw": "mi300x",
  "tp": 2,
  "conc": 16,
  "model": "amd/Llama-3.3-70B-Instruct-FP8-KV",
  "framework": "vllm",
  "precision": "fp8",
  "tput_per_gpu": 718.3272407389435,
  "mean_ttft": 0.3648573445796501,
  "median_ttft": 0.20178447663784027,
  "std_ttft": 0.5007960965950083,
  "p99_ttft": 2.0208509424049406,
  "mean_tpot": 0.021494579869407206,
  "mean_intvty": 46.52335640313116,
  "median_tpot": 0.021683963992818394,
  "median_intvty": 46.11702917101293,
  "std_tpot": 0.0006423059285871055,
  "std_intvty": 1556.890502629677,
  "p99_tpot": 0.022208657591797073,
  "p99_intvty": 45.02748515377882,
  "mean_itl": 0.02150331876493932,
  "median_itl": 0.019521591253578663,
  "std_itl": 0.017421555455259842,
  "p99_itl": 0.14833961667492981,
  "mean_e2el": 20.038109142699977,
  "median_e2el": 19.998621274717152,
  "std_e2el": 1.5108149972427118,
  "p99_e2el": 22.94552580972202
}