{
  "hw": "gb200",
  "tp": 20,
  "conc": 1075,
  "model": "/mnt/lustre01/models/deepseek-r1-0528-fp4-v2",
  "framework": "dynamo-trtllm",
  "precision": "fp4",
  "tput_per_gpu": 5620.5753028020845,
  "mtp": "on",
  "mean_ttft": 2.8435439061000403,
  "median_ttft": 1.9259301955171395,
  "std_ttft": 2.815344199748804,
  "p99_ttft": 15.313624873730587,
  "mean_tpot": 0.01492316282179937,
  "mean_intvty": 67.00992356253232,
  "median_tpot": 0.015180335742470108,
  "median_intvty": 65.87469585420924,
  "std_tpot": 0.0015523012636859835,
  "std_intvty": 644.2048482428414,
  "p99_tpot": 0.017585755866181392,
  "p99_intvty": 56.86420348431359,
  "mean_itl": 0.6879093805518466,
  "median_itl": 0.7090014164859895,
  "std_itl": 0.10901049753844803,
  "p99_itl": 0.9699408446473536,
  "mean_e2el": 16.577734573934265,
  "median_e2el": 16.00661803150433,
  "std_e2el": 3.2350741082823777,
  "p99_e2el": 29.409055981122656
}