{
  "hw": "mi300x",
  "tp": 4,
  "conc": 8,
  "model": "amd/Llama-3.3-70B-Instruct-FP8-KV",
  "framework": "vllm",
  "precision": "fp8",
  "tput_per_gpu": 925.0126034859076,
  "mean_ttft": 1.084403624087463,
  "median_ttft": 0.8367778554893448,
  "std_ttft": 0.7746845325922121,
  "p99_ttft": 3.72268120394132,
  "mean_tpot": 0.017776435067119244,
  "mean_intvty": 56.254248741339715,
  "median_tpot": 0.01805023642948482,
  "median_intvty": 55.40093637590882,
  "std_tpot": 0.001597606015606315,
  "std_intvty": 625.9365514597698,
  "p99_tpot": 0.020090406687164344,
  "p99_intvty": 49.7750003557118,
  "mean_itl": 0.017823100822095834,
  "median_itl": 0.012782920006429777,
  "std_itl": 0.06299140529814651,
  "p99_itl": 0.01378260531113483,
  "mean_e2el": 17.56832101238797,
  "median_e2el": 17.54193825749826,
  "std_e2el": 2.136507435320339,
  "p99_e2el": 21.871516450928173
}