{
  "hw": "mi300x",
  "tp": 4,
  "conc": 4,
  "model": "amd/Llama-3.3-70B-Instruct-FP8-KV",
  "framework": "vllm",
  "precision": "fp8",
  "tput_per_gpu": 603.2897363832274,
  "mean_ttft": 0.766645611776039,
  "median_ttft": 0.6720613474026322,
  "std_ttft": 0.32233660706054207,
  "p99_ttft": 1.9674394204374397,
  "mean_tpot": 0.013754621443552783,
  "mean_intvty": 72.70283694130535,
  "median_tpot": 0.013927572337862716,
  "median_intvty": 71.80002198096334,
  "std_tpot": 0.0005631958717467791,
  "std_intvty": 1775.5811968195928,
  "p99_tpot": 0.014568006742462287,
  "p99_intvty": 68.64357064616375,
  "mean_itl": 0.013755630717030046,
  "median_itl": 0.011894210241734982,
  "std_itl": 0.03416860049151986,
  "p99_itl": 0.01237258978188038,
  "mean_e2el": 13.409789478802121,
  "median_e2el": 13.19081638334319,
  "std_e2el": 1.0580458046410623,
  "p99_e2el": 15.905996815534309
}