{
  "hw": "gb200",
  "tp": 36,
  "conc": 512,
  "model": "/mnt/lustre01/models/deepseek-r1-0528-fp4-v2",
  "framework": "dynamo-trtllm",
  "precision": "fp4",
  "tput_per_gpu": 2473.2223012010822,
  "mtp": "on",
  "mean_ttft": 1.252981361222993,
  "median_ttft": 0.41295700447517447,
  "std_ttft": 2.0905289690661895,
  "p99_ttft": 9.45581833741744,
  "mean_tpot": 0.009388385348784983,
  "mean_intvty": 106.51458827575895,
  "median_tpot": 0.009493883561464939,
  "median_intvty": 105.3309737291213,
  "std_tpot": 0.0008723381693703931,
  "std_intvty": 1146.3444282413395,
  "p99_tpot": 0.01101679065434891,
  "p99_intvty": 90.77053666307502,
  "mean_itl": 0.43044088619080834,
  "median_itl": 0.4379554520128295,
  "std_itl": 0.0678324892611991,
  "p99_itl": 0.6171697940584272,
  "mean_e2el": 9.89101349159202,
  "median_e2el": 9.338230408000527,
  "std_e2el": 2.3141154638367767,
  "p99_e2el": 18.156354217240004
}