{
  "hw": "mi300x",
  "tp": 8,
  "conc": 32,
  "model": "amd/Llama-3.3-70B-Instruct-FP8-KV",
  "framework": "vllm",
  "precision": "fp8",
  "tput_per_gpu": 543.2243709768204,
  "mean_ttft": 0.28849493970628826,
  "median_ttft": 0.13460635812953115,
  "std_ttft": 0.44210545796832484,
  "p99_ttft": 1.6570985076949,
  "mean_tpot": 0.014020368603221325,
  "mean_intvty": 71.32480095924437,
  "median_tpot": 0.014266888471332485,
  "median_intvty": 70.09236821395037,
  "std_tpot": 0.0007473264962395694,
  "std_intvty": 1338.1032320302363,
  "p99_tpot": 0.014949673851785975,
  "p99_intvty": 66.8910913986618,
  "mean_itl": 0.014030662586000567,
  "median_itl": 0.011659838259220123,
  "std_itl": 0.014675431787309248,
  "p99_itl": 0.10029489379376173,
  "mean_e2el": 13.234455637654174,
  "median_e2el": 13.252111251931638,
  "std_e2el": 1.1160467720864775,
  "p99_e2el": 15.398989431597293
}