{
  "hw": "mi300x",
  "tp": 1,
  "conc": 4,
  "model": "openai/gpt-oss-120b",
  "framework": "vllm",
  "precision": "fp4",
  "tput_per_gpu": 3483.3677481494124,
  "mean_ttft": 0.4867453427224973,
  "median_ttft": 0.3338497739896411,
  "std_ttft": 0.3921962369795245,
  "p99_ttft": 1.8585714531307165,
  "mean_tpot": 0.009596101000353708,
  "mean_intvty": 104.20899071019996,
  "median_tpot": 0.009505010484237906,
  "median_intvty": 105.20766932959128,
  "std_tpot": 0.00045572852841668587,
  "std_intvty": 2194.2887873933378,
  "p99_tpot": 0.010708620729411845,
  "p99_intvty": 93.38270775184354,
  "mean_itl": 0.009594233918373059,
  "median_itl": 0.008669613001984544,
  "std_itl": 0.01944008162612645,
  "p99_itl": 0.009294641363085247,
  "mean_e2el": 9.305045359298674,
  "median_e2el": 9.165702228499867,
  "std_e2el": 0.9021042686075684,
  "p99_e2el": 12.007750791685247
}