{
  "hw": "gb200",
  "tp": 36,
  "conc": 8,
  "model": "/mnt/lustre01/models/deepseek-r1-0528-fp4-v2",
  "framework": "dynamo-trtllm",
  "precision": "fp4",
  "tput_per_gpu": 60.97878429191054,
  "mtp": "off",
  "mean_ttft": 0.2591522309176071,
  "median_ttft": 0.1812887205160223,
  "std_ttft": 0.16907439084908085,
  "p99_ttft": 0.7728326847258722,
  "mean_tpot": 0.006664289114342514,
  "mean_intvty": 150.053514012148,
  "median_tpot": 0.006662917493513586,
  "median_intvty": 150.0844038626487,
  "std_tpot": 5.952034842410792e-05,
  "std_intvty": 16800.976917584096,
  "p99_tpot": 0.006832100211248767,
  "p99_intvty": 146.3678765064865,
  "mean_itl": 0.13170143305734827,
  "median_itl": 0.13326763198710978,
  "std_itl": 0.011755665338348374,
  "p99_itl": 0.1482746140100062,
  "mean_e2el": 6.434714627876019,
  "median_e2el": 6.415211546962382,
  "std_e2el": 0.38543041110515835,
  "p99_e2el": 7.1977551972953355
}