{
  "hw": "mi300x",
  "tp": 1,
  "conc": 4,
  "model": "amd/Llama-3.3-70B-Instruct-FP8-KV",
  "framework": "vllm",
  "precision": "fp8",
  "tput_per_gpu": 148.37483432747024,
  "mean_ttft": 0.2877650005510077,
  "median_ttft": 0.242296940414235,
  "std_ttft": 0.12622515905955342,
  "p99_ttft": 0.6739157801400869,
  "mean_tpot": 0.029881077158948676,
  "mean_intvty": 33.46599570961329,
  "median_tpot": 0.02988965508754811,
  "median_intvty": 33.45639141940434,
  "std_tpot": 8.388284002069304e-05,
  "std_intvty": 11921.389401614324,
  "p99_tpot": 0.029982902723415656,
  "p99_intvty": 33.352341140040224,
  "mean_itl": 0.029882228834512393,
  "median_itl": 0.02983625908382237,
  "std_itl": 0.003577429504511133,
  "p99_itl": 0.03066906583029777,
  "mean_e2el": 217.26412245242392,
  "median_e2el": 215.5726866540499,
  "std_e2el": 13.704353571922631,
  "p99_e2el": 242.69873189533595
}