{
  "hw": "h200",
  "tp": 2,
  "conc": 16,
  "model": "nvidia/Llama-3.3-70B-Instruct-FP8",
  "framework": "vllm",
  "precision": "fp8",
  "tput_per_gpu": 989.5736243916638,
  "mean_ttft": 0.1942636046995176,
  "median_ttft": 0.11311153112910688,
  "std_ttft": 0.2479881113047001,
  "p99_ttft": 1.1947273856494576,
  "mean_tpot": 0.015668243590288688,
  "mean_intvty": 63.82336311262154,
  "median_tpot": 0.015756549060704755,
  "median_intvty": 63.465673615925155,
  "std_tpot": 0.0003090925280576804,
  "std_intvty": 3235.2771718033505,
  "p99_tpot": 0.016097139010516334,
  "p99_intvty": 62.12284054618001,
  "mean_itl": 0.015672727013148875,
  "median_itl": 0.014543164987117052,
  "std_itl": 0.009329115600464477,
  "p99_itl": 0.07956651044078171,
  "mean_e2el": 14.533143465439206,
  "median_e2el": 14.555471038678661,
  "std_e2el": 1.0638387292729514,
  "p99_e2el": 16.65792062581051
}