{
  "hw": "h200",
  "tp": 8,
  "conc": 16,
  "model": "nvidia/Llama-3.3-70B-Instruct-FP8",
  "framework": "vllm",
  "precision": "fp8",
  "tput_per_gpu": 226.10668914607584,
  "mean_ttft": 0.10245671648008284,
  "median_ttft": 0.07359880348667502,
  "std_ttft": 0.09596267198324222,
  "p99_ttft": 0.4635667488165197,
  "mean_tpot": 0.009671914977133794,
  "mean_intvty": 103.39214130440415,
  "median_tpot": 0.00968980420198321,
  "median_intvty": 103.20125971124683,
  "std_tpot": 6.977429581970643e-05,
  "std_intvty": 14331.9253638038,
  "p99_tpot": 0.009727720190644907,
  "p99_intvty": 102.7990094700395,
  "mean_itl": 0.00967213284083391,
  "median_itl": 0.009607936721295118,
  "std_itl": 0.0018654970241732541,
  "p99_itl": 0.010087400255724788,
  "mean_e2el": 71.4535386132513,
  "median_e2el": 71.66030502994545,
  "std_e2el": 4.781286196450085,
  "p99_e2el": 79.19207174645737
}