{
  "hw": "mi300x",
  "tp": 1,
  "conc": 16,
  "model": "amd/Llama-3.3-70B-Instruct-FP8-KV",
  "framework": "vllm",
  "precision": "fp8",
  "tput_per_gpu": 1589.2508483115018,
  "mean_ttft": 5.0712879750382855,
  "median_ttft": 3.6024442019406706,
  "std_ttft": 4.8147272923806455,
  "p99_ttft": 21.01254008150194,
  "mean_tpot": 0.08369999991974142,
  "mean_intvty": 11.947431313726211,
  "median_tpot": 0.08718346704488247,
  "median_intvty": 11.470064610818874,
  "std_tpot": 0.013256407554793369,
  "std_intvty": 75.43521846825018,
  "p99_tpot": 0.10024990359026974,
  "p99_intvty": 9.975071937097205,
  "mean_itl": 0.08399576163366197,
  "median_itl": 0.03549301251769066,
  "std_itl": 0.4118281467175309,
  "p99_itl": 3.1866594841936604,
  "mean_e2el": 81.8570632584684,
  "median_e2el": 83.49271649634466,
  "std_e2el": 13.245199632116265,
  "p99_e2el": 104.78210273106116
}