{
  "hw": "mi300x",
  "tp": 4,
  "conc": 64,
  "model": "amd/Llama-3.3-70B-Instruct-FP8-KV",
  "framework": "vllm",
  "precision": "fp8",
  "tput_per_gpu": 776.2313999048251,
  "mean_ttft": 0.5158105716167484,
  "median_ttft": 0.15190398087725043,
  "std_ttft": 1.0964673324777967,
  "p99_ttft": 3.867623482150957,
  "mean_tpot": 0.02245877617319461,
  "mean_intvty": 44.526023692846515,
  "median_tpot": 0.022571163190675557,
  "median_intvty": 44.30431837084556,
  "std_tpot": 0.0004978860584477307,
  "std_intvty": 2008.491667988696,
  "p99_tpot": 0.022980043367554173,
  "p99_intvty": 43.51601883449503,
  "mean_itl": 0.022461574398065464,
  "median_itl": 0.02188478223979473,
  "std_itl": 0.007852678930314562,
  "p99_itl": 0.024114412209019064,
  "mean_e2el": 166.39825755216444,
  "median_e2el": 165.48841921659186,
  "std_e2el": 11.51030807984696,
  "p99_e2el": 186.32380654302426
}