{
  "hw": "mi300x",
  "tp": 1,
  "conc": 8,
  "model": "openai/gpt-oss-120b",
  "framework": "vllm",
  "precision": "fp4",
  "tput_per_gpu": 5023.253484566488,
  "mean_ttft": 0.6023900747939479,
  "median_ttft": 0.34846273297443986,
  "std_ttft": 0.6505207153093625,
  "p99_ttft": 3.2198929119575723,
  "mean_tpot": 0.013314831836169116,
  "mean_intvty": 75.10421553230188,
  "median_tpot": 0.013403829299497823,
  "median_intvty": 74.60554574784574,
  "std_tpot": 0.0007880046030022242,
  "std_intvty": 1269.0281201278433,
  "p99_tpot": 0.014728728749672647,
  "p99_intvty": 67.89452212718804,
  "mean_itl": 0.013339117315965722,
  "median_itl": 0.011189299169927835,
  "std_itl": 0.027898573920140786,
  "p99_itl": 0.012764842566102738,
  "mean_e2el": 12.939239274448482,
  "median_e2el": 12.960206835297868,
  "std_e2el": 1.4673849240877181,
  "p99_e2el": 16.956814113161524
}