{
  "hw": "mi300x",
  "tp": 2,
  "conc": 64,
  "model": "amd/Llama-3.3-70B-Instruct-FP8-KV",
  "framework": "vllm",
  "precision": "fp8",
  "tput_per_gpu": 2862.7341631024115,
  "mean_ttft": 4.394161094059427,
  "median_ttft": 1.0639656310086139,
  "std_ttft": 9.807951421661432,
  "p99_ttft": 48.60101029067621,
  "mean_tpot": 0.09479516143481236,
  "mean_intvty": 10.549061627872943,
  "median_tpot": 0.09892368927660522,
  "median_intvty": 10.10880212123764,
  "std_tpot": 0.014506537270757531,
  "std_intvty": 68.93443840769727,
  "p99_tpot": 0.11952925909494436,
  "p99_intvty": 8.36615241800906,
  "mean_itl": 0.09502961139627902,
  "median_itl": 0.04166412999620661,
  "std_itl": 0.26490149649205375,
  "p99_itl": 0.980495428829454,
  "mean_e2el": 91.89371503013736,
  "median_e2el": 93.08198065900069,
  "std_e2el": 16.565583022197742,
  "p99_e2el": 136.884359064835
}