{
  "hw": "mi300x",
  "tp": 4,
  "conc": 4,
  "model": "amd/Llama-3.3-70B-Instruct-FP8-KV",
  "framework": "vllm",
  "precision": "fp8",
  "tput_per_gpu": 102.53652351070322,
  "mean_ttft": 0.18930290974676608,
  "median_ttft": 0.130986082367599,
  "std_ttft": 0.20405433559439742,
  "p99_ttft": 0.9062504558172076,
  "mean_tpot": 0.010793382402189706,
  "mean_intvty": 92.64936261288446,
  "median_tpot": 0.010801357380945002,
  "median_intvty": 92.58095670125033,
  "std_tpot": 3.063292403896857e-05,
  "std_intvty": 32644.61462209373,
  "p99_tpot": 0.010858026018554706,
  "p99_intvty": 92.09777157387106,
  "mean_itl": 0.010793810346608953,
  "median_itl": 0.010766891296952963,
  "std_itl": 0.0022287498442832543,
  "p99_itl": 0.010956371566280723,
  "mean_e2el": 78.56369909087661,
  "median_e2el": 78.03225158760324,
  "std_e2el": 4.96735942090132,
  "p99_e2el": 87.66851569954306
}