{
  "hw": "h200",
  "tp": 4,
  "conc": 8,
  "model": "nvidia/Llama-3.3-70B-Instruct-FP8",
  "framework": "vllm",
  "precision": "fp8",
  "tput_per_gpu": 377.81975566216545,
  "mean_ttft": 0.10277110538445414,
  "median_ttft": 0.07525839377194643,
  "std_ttft": 0.08595290118533354,
  "p99_ttft": 0.3801982361916453,
  "mean_tpot": 0.01019489167148167,
  "mean_intvty": 98.08833994747738,
  "median_tpot": 0.010224622300448766,
  "median_intvty": 97.80312373554466,
  "std_tpot": 9.95344739156886e-05,
  "std_intvty": 10046.770336547488,
  "p99_tpot": 0.010349628474133121,
  "p99_intvty": 96.6218258461456,
  "mean_itl": 0.010196974867955804,
  "median_itl": 0.009887224063277245,
  "std_itl": 0.0038691056402100086,
  "p99_itl": 0.010847227508202197,
  "mean_e2el": 9.566328431118745,
  "median_e2el": 9.620224478654563,
  "std_e2el": 0.6367506817768444,
  "p99_e2el": 10.568792982371523
}