{
  "hw": "mi300x",
  "tp": 2,
  "conc": 4,
  "model": "amd/Llama-3.3-70B-Instruct-FP8-KV",
  "framework": "vllm",
  "precision": "fp8",
  "tput_per_gpu": 216.29853198239383,
  "mean_ttft": 0.22349660917607253,
  "median_ttft": 0.15787701299996115,
  "std_ttft": 0.20280291272931653,
  "p99_ttft": 0.9356439590625815,
  "mean_tpot": 0.01777399643595995,
  "mean_intvty": 56.26196694722086,
  "median_tpot": 0.01780659455579111,
  "median_intvty": 56.15896946868919,
  "std_tpot": 0.0001948801848451058,
  "std_intvty": 5131.358022852953,
  "p99_tpot": 0.018024799910116747,
  "p99_intvty": 55.47911793676732,
  "mean_itl": 0.01777497456548736,
  "median_itl": 0.017468953999923542,
  "std_itl": 0.0059132059330452525,
  "p99_itl": 0.017802112010540442,
  "mean_e2el": 16.51825991237347,
  "median_e2el": 16.678886944515398,
  "std_e2el": 1.1310211811896806,
  "p99_e2el": 18.60644144039717
}