{
  "hw": "mi300x",
  "tp": 8,
  "conc": 4,
  "model": "amd/Llama-3.3-70B-Instruct-FP8-KV",
  "framework": "vllm",
  "precision": "fp8",
  "tput_per_gpu": 428.0540766135987,
  "mean_ttft": 0.479136062040925,
  "median_ttft": 0.420416290871799,
  "std_ttft": 0.2124519123667909,
  "p99_ttft": 1.2063338159117847,
  "mean_tpot": 0.009755063392033317,
  "mean_intvty": 102.5108663893124,
  "median_tpot": 0.009828158529104111,
  "median_intvty": 101.74846051157004,
  "std_tpot": 0.00032272916878389675,
  "std_intvty": 3098.573344851924,
  "p99_tpot": 0.010252119808657836,
  "p99_intvty": 97.54080313766015,
  "mean_itl": 0.009754236540608524,
  "median_itl": 0.008688254281878471,
  "std_itl": 0.020055247807470894,
  "p99_itl": 0.009333557151257988,
  "mean_e2el": 9.443035196047276,
  "median_e2el": 9.360415890347213,
  "std_e2el": 0.7154210556467719,
  "p99_e2el": 10.935983388992026
}