{
  "hw": "h200",
  "tp": 8,
  "conc": 4,
  "model": "nvidia/Llama-3.3-70B-Instruct-FP8",
  "framework": "vllm",
  "precision": "fp8",
  "tput_per_gpu": 69.69595668957368,
  "mean_ttft": 0.07570555780548602,
  "median_ttft": 0.06867817230522633,
  "std_ttft": 0.026262016444106164,
  "p99_ttft": 0.16794917366467416,
  "mean_tpot": 0.007946639269632483,
  "mean_intvty": 125.83936001995572,
  "median_tpot": 0.007954772092841664,
  "median_intvty": 125.71070400620019,
  "std_tpot": 1.9263941077671084e-05,
  "std_intvty": 51910.45778057867,
  "p99_tpot": 0.007973322358730623,
  "p99_intvty": 125.41823282800307,
  "mean_itl": 0.007947034833135214,
  "median_itl": 0.00793340802192688,
  "std_itl": 0.0007553429425076144,
  "p99_itl": 0.008239467181265354,
  "mean_e2el": 57.77872800168116,
  "median_e2el": 57.21218414185569,
  "std_e2el": 3.638459414272393,
  "p99_e2el": 64.58594323085622
}