{
  "hw": "mi300x",
  "tp": 8,
  "conc": 32,
  "model": "amd/Llama-3.3-70B-Instruct-FP8-KV",
  "framework": "vllm",
  "precision": "fp8",
  "tput_per_gpu": 1409.1899850793536,
  "mean_ttft": 1.1416468329232885,
  "median_ttft": 0.4097079122439027,
  "std_ttft": 2.0972262955355747,
  "p99_ttft": 9.536843605600298,
  "mean_tpot": 0.02359171503846392,
  "mean_intvty": 42.38776190580467,
  "median_tpot": 0.02439390931663793,
  "median_intvty": 40.993839364564145,
  "std_tpot": 0.0028251751425772127,
  "std_intvty": 353.96035627291013,
  "p99_tpot": 0.02788985475350861,
  "p99_intvty": 35.85533194195634,
  "mean_itl": 0.02364283409861727,
  "median_itl": 0.013947495259344578,
  "std_itl": 0.06365493216860377,
  "p99_itl": 0.34478458048775784,
  "mean_e2el": 22.998190775635884,
  "median_e2el": 23.026413014158607,
  "std_e2el": 3.349159330094535,
  "p99_e2el": 32.085036611799154
}