{
  "hw": "h200",
  "tp": 2,
  "conc": 4,
  "model": "nvidia/Llama-3.3-70B-Instruct-FP8",
  "framework": "vllm",
  "precision": "fp8",
  "tput_per_gpu": 276.4105517542851,
  "mean_ttft": 0.12489219091366976,
  "median_ttft": 0.11044649546965957,
  "std_ttft": 0.050925638292980045,
  "p99_ttft": 0.3081923647318035,
  "mean_tpot": 0.013938322230179484,
  "mean_intvty": 71.74464641338135,
  "median_tpot": 0.013953448222129714,
  "median_intvty": 71.6668728819327,
  "std_tpot": 7.335502464645545e-05,
  "std_intvty": 13632.331320446507,
  "p99_tpot": 0.01403599744333184,
  "p99_intvty": 71.24538202841265,
  "mean_itl": 0.01393897942410578,
  "median_itl": 0.013730778824537992,
  "std_itl": 0.003746287438260608,
  "p99_itl": 0.014203638080507517,
  "mean_e2el": 12.903102936060169,
  "median_e2el": 13.008866229793057,
  "std_e2el": 0.8884220573553716,
  "p99_e2el": 14.398391612996347
}