{
  "hw": "mi300x",
  "tp": 8,
  "conc": 8,
  "model": "amd/Llama-3.3-70B-Instruct-FP8-KV",
  "framework": "vllm",
  "precision": "fp8",
  "tput_per_gpu": 185.34860477683827,
  "mean_ttft": 0.19848580652615055,
  "median_ttft": 0.13013130379840732,
  "std_ttft": 0.21325304044141855,
  "p99_ttft": 0.8865354438871145,
  "mean_tpot": 0.010307337856910792,
  "mean_intvty": 97.01826154165762,
  "median_tpot": 0.010360779217915807,
  "median_intvty": 96.51783702434321,
  "std_tpot": 0.0002078512102698482,
  "std_intvty": 4811.133881307327,
  "p99_tpot": 0.010627880129665148,
  "p99_intvty": 94.09214140539116,
  "mean_itl": 0.01031130077349469,
  "median_itl": 0.009690157603472471,
  "std_itl": 0.007995053053504933,
  "p99_itl": 0.010236791800707579,
  "mean_e2el": 9.76814608211862,
  "median_e2el": 9.819422700442374,
  "std_e2el": 0.6970633084519899,
  "p99_e2el": 10.95269260538742
}