{
  "hw": "h100",
  "tp": 2,
  "conc": 32,
  "model": "nvidia/Llama-3.3-70B-Instruct-FP8",
  "framework": "vllm",
  "precision": "fp8",
  "tput_per_gpu": 1313.46520157503,
  "mean_ttft": 0.2713204546191264,
  "median_ttft": 0.1162808258086443,
  "std_ttft": 0.4775269863155525,
  "p99_ttft": 2.4348158286325634,
  "mean_tpot": 0.02337573454549795,
  "mean_intvty": 42.77940434571691,
  "median_tpot": 0.023601093667798296,
  "median_intvty": 42.370917808966446,
  "std_tpot": 0.0007143413221101804,
  "std_intvty": 1399.8910171484654,
  "p99_tpot": 0.024215006660678547,
  "p99_intvty": 41.2967055517621,
  "mean_itl": 0.023385608279922736,
  "median_itl": 0.021134618669748306,
  "std_itl": 0.0151120361483006,
  "p99_itl": 0.09522626530379058,
  "mean_e2el": 21.849001856084215,
  "median_e2el": 21.842867515515536,
  "std_e2el": 1.648385801646998,
  "p99_e2el": 25.39631273779087
}