{
  "hw": "mi300x",
  "tp": 4,
  "conc": 64,
  "model": "amd/Llama-3.3-70B-Instruct-FP8-KV",
  "framework": "vllm",
  "precision": "fp8",
  "tput_per_gpu": 2387.9772687181567,
  "mean_ttft": 2.555861527270463,
  "median_ttft": 0.9986267425119877,
  "std_ttft": 5.485535883853358,
  "p99_ttft": 27.461253619613124,
  "mean_tpot": 0.05685238848220623,
  "mean_intvty": 17.5894105190142,
  "median_tpot": 0.05915471845329104,
  "median_intvty": 16.904822238138227,
  "std_tpot": 0.008252283061362949,
  "std_intvty": 121.1785868909397,
  "p99_tpot": 0.07081700686472586,
  "p99_intvty": 14.12090180414138,
  "mean_itl": 0.05698737553729388,
  "median_itl": 0.026130874641239643,
  "std_itl": 0.15569470541817076,
  "p99_itl": 0.5786506548151376,
  "mean_e2el": 55.027610706423005,
  "median_e2el": 55.68201372725889,
  "std_e2el": 9.522710460116187,
  "p99_e2el": 80.80489608411678
}