{
  "hw": "b200",
  "tp": 2,
  "conc": 32,
  "model": "nvidia/Llama-3.3-70B-Instruct-FP8",
  "framework": "vllm",
  "precision": "fp8",
  "tput_per_gpu": 2389.9404491078467,
  "mean_ttft": 0.18003819104924332,
  "median_ttft": 0.07956863846629858,
  "std_ttft": 0.27834297796657753,
  "p99_ttft": 1.2502141873305663,
  "mean_tpot": 0.012795611688166907,
  "mean_intvty": 78.15179331557688,
  "median_tpot": 0.012490595739902716,
  "median_intvty": 80.06023258005055,
  "std_tpot": 0.0010259108478756773,
  "std_intvty": 974.7435676995422,
  "p99_tpot": 0.015042399235110976,
  "p99_intvty": 66.478756770786,
  "mean_itl": 0.012805985437930751,
  "median_itl": 0.010932681965641677,
  "std_itl": 0.02448483113550492,
  "p99_itl": 0.058043278940022,
  "mean_e2el": 11.996000787646334,
  "median_e2el": 11.850107767968439,
  "std_e2el": 1.2924299925259073,
  "p99_e2el": 14.998687614231603
}