{
  "hw": "mi300x",
  "tp": 1,
  "conc": 32,
  "model": "amd/Llama-3.3-70B-Instruct-FP8-KV",
  "framework": "vllm",
  "precision": "fp8",
  "tput_per_gpu": 950.6041569586823,
  "mean_ttft": 0.7469577435520478,
  "median_ttft": 0.3115951872896403,
  "std_ttft": 1.3416977834562698,
  "p99_ttft": 4.845863144514151,
  "mean_tpot": 0.03675973503159859,
  "mean_intvty": 27.20367813153175,
  "median_tpot": 0.036920940641621824,
  "median_intvty": 27.084900401282763,
  "std_tpot": 0.0005633709829737917,
  "std_intvty": 1775.0292972517555,
  "p99_tpot": 0.037423027683685516,
  "p99_intvty": 26.7215151177078,
  "mean_itl": 0.03676703309631658,
  "median_itl": 0.03615364758297801,
  "std_itl": 0.012678351658356684,
  "p99_itl": 0.04067485183477402,
  "mean_e2el": 273.37347392710365,
  "median_e2el": 274.74162497301586,
  "std_e2el": 17.94343943862733,
  "p99_e2el": 303.7632016178453
}