{
  "hw": "mi300x",
  "tp": 4,
  "conc": 32,
  "model": "openai/gpt-oss-120b",
  "framework": "vllm",
  "precision": "fp4",
  "tput_per_gpu": 5113.055029686319,
  "mean_ttft": 0.6252496938483091,
  "median_ttft": 0.18124562874436378,
  "std_ttft": 1.2886449598474663,
  "p99_ttft": 6.0800605113990605,
  "mean_tpot": 0.013011647053946713,
  "mean_intvty": 76.85422113387854,
  "median_tpot": 0.013110704733464176,
  "median_intvty": 76.27355053215169,
  "std_tpot": 0.0013069195072282856,
  "std_intvty": 765.1580640347161,
  "p99_tpot": 0.01576556133054838,
  "p99_intvty": 63.429393919665564,
  "mean_itl": 0.013038300753318872,
  "median_itl": 0.00904880277812481,
  "std_itl": 0.02607783311998456,
  "p99_itl": 0.13362649404443802,
  "mean_e2el": 12.674676669912879,
  "median_e2el": 12.520281642209738,
  "std_e2el": 1.9249462118380403,
  "p99_e2el": 18.8565348444134
}