{
  "hw": "h200",
  "tp": 4,
  "conc": 64,
  "model": "nvidia/Llama-3.3-70B-Instruct-FP8",
  "framework": "vllm",
  "precision": "fp8",
  "tput_per_gpu": 1900.7600822982868,
  "mean_ttft": 0.2664290154658374,
  "median_ttft": 0.09625047305598855,
  "std_ttft": 0.5323448598181716,
  "p99_ttft": 2.8292337670363485,
  "mean_tpot": 0.01601493732426435,
  "mean_intvty": 62.44170549983311,
  "median_tpot": 0.016255121025212108,
  "median_intvty": 61.51907441654691,
  "std_tpot": 0.0008373560880300439,
  "std_intvty": 1194.235062352733,
  "p99_tpot": 0.017116449818044492,
  "p99_intvty": 58.42333022504355,
  "mean_itl": 0.016030918413076987,
  "median_itl": 0.013085461221635342,
  "std_itl": 0.013844410139390816,
  "p99_itl": 0.06918326951563361,
  "mean_e2el": 15.027923977089813,
  "median_e2el": 15.12190092774108,
  "std_e2el": 1.3655515597681753,
  "p99_e2el": 18.050916299810634
}