{
  "hw": "mi355x",
  "tp": 8,
  "conc": 8,
  "model": "amd/Llama-3.3-70B-Instruct-MXFP4-Preview",
  "framework": "vllm",
  "precision": "fp4",
  "tput_per_gpu": 220.1427983636898,
  "mean_ttft": 0.34646087501896544,
  "median_ttft": 0.10192831302993,
  "std_ttft": 0.626164940796782,
  "p99_ttft": 2.4772050825855696,
  "mean_tpot": 0.008492312349010779,
  "mean_intvty": 117.75355861898841,
  "median_tpot": 0.008229019737158411,
  "median_intvty": 121.52115706861983,
  "std_tpot": 0.0007203570763503085,
  "std_intvty": 1388.200425636829,
  "p99_tpot": 0.010952050371045406,
  "p99_intvty": 91.30710379526377,
  "mean_itl": 0.008512081680287761,
  "median_itl": 0.007670947816222906,
  "std_itl": 0.020214562983841354,
  "p99_itl": 0.01341081365942955,
  "mean_e2el": 8.234713124792325,
  "median_e2el": 8.057262515183538,
  "std_e2el": 1.2343038011395626,
  "p99_e2el": 11.83036159406881
}