{
  "hw": "h200",
  "tp": 8,
  "conc": 8,
  "model": "nvidia/Llama-3.3-70B-Instruct-FP8",
  "framework": "vllm",
  "precision": "fp8",
  "tput_per_gpu": 229.11225548660127,
  "mean_ttft": 0.08345994612318464,
  "median_ttft": 0.06784365000203252,
  "std_ttft": 0.047926748920440805,
  "p99_ttft": 0.27613843081053346,
  "mean_tpot": 0.008411334351041943,
  "mean_intvty": 118.88720127694438,
  "median_tpot": 0.008436721765698735,
  "median_intvty": 118.52945110335511,
  "std_tpot": 8.424642890672472e-05,
  "std_intvty": 11869.939331282183,
  "p99_tpot": 0.008497611647206544,
  "p99_intvty": 117.68012490059301,
  "mean_itl": 0.008412980735667246,
  "median_itl": 0.008169686188921332,
  "std_itl": 0.003069709003234442,
  "p99_itl": 0.008646199549548329,
  "mean_e2el": 7.89133689943701,
  "median_e2el": 7.944696788676083,
  "std_e2el": 0.5252706371062223,
  "p99_e2el": 8.708394515924155
}