{
  "hw": "mi300x",
  "tp": 4,
  "conc": 8,
  "model": "openai/gpt-oss-120b",
  "framework": "vllm",
  "precision": "fp4",
  "tput_per_gpu": 2567.6681629267237,
  "mean_ttft": 0.3550970457494259,
  "median_ttft": 0.18002123897895217,
  "std_ttft": 0.42429669356524463,
  "p99_ttft": 1.8816777154616997,
  "mean_tpot": 0.006436247495929727,
  "mean_intvty": 155.37003520023094,
  "median_tpot": 0.006351680861460415,
  "median_intvty": 157.43864054436673,
  "std_tpot": 0.00043970056302311593,
  "std_intvty": 2274.2750046181495,
  "p99_tpot": 0.00758793110356544,
  "p99_intvty": 131.78822874790166,
  "mean_itl": 0.006455164437670909,
  "median_itl": 0.005496933124959469,
  "std_itl": 0.015533143105060375,
  "p99_itl": 0.006911648623645303,
  "mean_e2el": 6.317893386690412,
  "median_e2el": 6.186578196939081,
  "std_e2el": 0.8433668811564455,
  "p99_e2el": 8.844898868901655
}