{
  "hw": "mi300x",
  "tp": 8,
  "conc": 64,
  "model": "amd/Llama-3.3-70B-Instruct-FP8-KV",
  "framework": "vllm",
  "precision": "fp8",
  "tput_per_gpu": 1796.8986605633786,
  "mean_ttft": 1.6784496313688577,
  "median_ttft": 0.6499402914196253,
  "std_ttft": 3.539738370344561,
  "p99_ttft": 17.62347896141,
  "mean_tpot": 0.03774100884350859,
  "mean_intvty": 26.496377035029866,
  "median_tpot": 0.0392332275434677,
  "median_intvty": 25.488598889603697,
  "std_tpot": 0.005337668894047605,
  "std_intvty": 187.34770174957225,
  "p99_tpot": 0.04627772515796981,
  "p99_intvty": 21.608668027360523,
  "mean_itl": 0.03782894918456875,
  "median_itl": 0.017835833132267,
  "std_itl": 0.09963084203624409,
  "p99_itl": 0.3723982932046056,
  "mean_e2el": 36.50986820350372,
  "median_e2el": 36.90975353959948,
  "std_e2el": 6.156730580698458,
  "p99_e2el": 52.8886319386121
}