{
  "hw": "mi300x",
  "tp": 2,
  "conc": 4,
  "model": "openai/gpt-oss-120b",
  "framework": "vllm",
  "precision": "fp4",
  "tput_per_gpu": 2288.2543181640444,
  "mean_ttft": 0.3699409440392628,
  "median_ttft": 0.22937122825533152,
  "std_ttft": 0.3467143921706505,
  "p99_ttft": 1.505524871079251,
  "mean_tpot": 0.0072935466204227545,
  "mean_intvty": 137.10750777953308,
  "median_tpot": 0.007233449779837633,
  "median_intvty": 138.24662234987505,
  "std_tpot": 0.0003563536478188709,
  "std_intvty": 2806.201104213994,
  "p99_tpot": 0.008143755697441132,
  "p99_intvty": 122.79346743102968,
  "mean_itl": 0.007293646377860267,
  "median_itl": 0.006656852550804615,
  "std_itl": 0.014813914344735979,
  "p99_itl": 0.007101195976138115,
  "mean_e2el": 7.073713428783231,
  "median_e2el": 6.979410402011126,
  "std_e2el": 0.73040974659242,
  "p99_e2el": 9.300316530102863
}