{
  "hw": "mi300x",
  "tp": 4,
  "conc": 16,
  "model": "amd/Llama-3.3-70B-Instruct-FP8-KV",
  "framework": "vllm",
  "precision": "fp8",
  "tput_per_gpu": 1154.0237964222006,
  "mean_ttft": 1.6649591053981567,
  "median_ttft": 1.120171667309478,
  "std_ttft": 1.7710499962455355,
  "p99_ttft": 7.315534587521106,
  "mean_tpot": 0.028818771067086524,
  "mean_intvty": 34.699605950306626,
  "median_tpot": 0.02997919944313901,
  "median_intvty": 33.356461098858944,
  "std_tpot": 0.004173436918677037,
  "std_intvty": 239.61066609747536,
  "p99_tpot": 0.03443314439490949,
  "p99_intvty": 29.04178568564994,
  "mean_itl": 0.028914848221167192,
  "median_itl": 0.014439987950026989,
  "std_itl": 0.12316374077024238,
  "p99_itl": 0.9834290054626763,
  "mean_e2el": 28.097828889716766,
  "median_e2el": 28.533395355101675,
  "std_e2el": 4.178342377379249,
  "p99_e2el": 35.42114230177831
}