{
  "hw": "h200",
  "tp": 1,
  "conc": 16,
  "model": "nvidia/Llama-3.3-70B-Instruct-FP8",
  "framework": "vllm",
  "precision": "fp8",
  "tput_per_gpu": 1250.0528319686098,
  "mean_ttft": 0.31486089847330734,
  "median_ttft": 0.1808002835023217,
  "std_ttft": 0.40875608553401566,
  "p99_ttft": 2.006828308705881,
  "mean_tpot": 0.024804848985129534,
  "mean_intvty": 40.31469817048668,
  "median_tpot": 0.025009750025984868,
  "median_intvty": 39.984406040084785,
  "std_tpot": 0.0005989431531012293,
  "std_intvty": 1669.6075325716042,
  "p99_tpot": 0.02540386598622446,
  "p99_intvty": 39.36408736143788,
  "mean_itl": 0.024813787247440423,
  "median_itl": 0.023204522003652528,
  "std_itl": 0.015322234432585848,
  "p99_itl": 0.12854112885834182,
  "mean_e2el": 23.016839609661112,
  "median_e2el": 22.97999748001166,
  "std_e2el": 1.699825253114449,
  "p99_e2el": 25.99364217877912
}