{
  "hw": "mi300x",
  "tp": 2,
  "conc": 8,
  "model": "openai/gpt-oss-120b",
  "framework": "vllm",
  "precision": "fp4",
  "tput_per_gpu": 3839.2295999069333,
  "mean_ttft": 0.45818149420665577,
  "median_ttft": 0.2281939706299454,
  "std_ttft": 0.5948283688656668,
  "p99_ttft": 2.711330185201949,
  "mean_tpot": 0.008635795529664534,
  "mean_intvty": 115.7970909066725,
  "median_tpot": 0.008686167731260259,
  "median_intvty": 115.12556871324796,
  "std_tpot": 0.0004984427543125151,
  "std_intvty": 2006.248443473244,
  "p99_tpot": 0.009850907345812485,
  "p99_intvty": 101.51349158969495,
  "mean_itl": 0.008652632355651784,
  "median_itl": 0.007277116645127535,
  "std_itl": 0.01756863946535263,
  "p99_itl": 0.008595148352906114,
  "mean_e2el": 8.459919378720224,
  "median_e2el": 8.339226827956736,
  "std_e2el": 1.0027787151539251,
  "p99_e2el": 11.232078014095311
}