{
  "hw": "h200",
  "tp": 1,
  "conc": 32,
  "model": "nvidia/Llama-3.3-70B-Instruct-FP8",
  "framework": "vllm",
  "precision": "fp8",
  "tput_per_gpu": 927.3765950707669,
  "mean_ttft": 0.4610976818400559,
  "median_ttft": 0.2191321439895546,
  "std_ttft": 0.8003700737912697,
  "p99_ttft": 4.075478643629176,
  "mean_tpot": 0.03778811828511423,
  "mean_intvty": 26.463344706791798,
  "median_tpot": 0.03800903596635018,
  "median_intvty": 26.30953336688968,
  "std_tpot": 0.0008778999924453658,
  "std_intvty": 1139.0819097908045,
  "p99_tpot": 0.03881636113291483,
  "p99_intvty": 25.762332449860608,
  "mean_itl": 0.03779761615758405,
  "median_itl": 0.03779417398618534,
  "std_itl": 0.00841108363409942,
  "p99_itl": 0.042129947501234714,
  "mean_e2el": 280.7293582948464,
  "median_e2el": 281.8800523289974,
  "std_e2el": 19.323323679384536,
  "p99_e2el": 313.3029745800895
}