{
  "hw": "h200",
  "tp": 4,
  "conc": 32,
  "model": "nvidia/Llama-3.3-70B-Instruct-FP8",
  "framework": "vllm",
  "precision": "fp8",
  "tput_per_gpu": 555.7094888805631,
  "mean_ttft": 0.17660701024578884,
  "median_ttft": 0.09137630416080356,
  "std_ttft": 0.27946380840370166,
  "p99_ttft": 1.4089311114791785,
  "mean_tpot": 0.015785249710532287,
  "mean_intvty": 63.35028069481705,
  "median_tpot": 0.01599695989650268,
  "median_intvty": 62.51187766111885,
  "std_tpot": 0.0005398837402303053,
  "std_intvty": 1852.2506337631444,
  "p99_tpot": 0.016275208163178508,
  "p99_intvty": 61.443146531448264,
  "mean_itl": 0.01578864854321362,
  "median_itl": 0.01561239268630743,
  "std_itl": 0.003481290494637886,
  "p99_itl": 0.018286473210901023,
  "mean_e2el": 117.24899174890598,
  "median_e2el": 117.84184373961762,
  "std_e2el": 8.493975093565785,
  "p99_e2el": 131.03964701564053
}