{
  "hw": "b200-trt",
  "tp": 1,
  "conc": 16,
  "model": "nvidia/Llama-3.3-70B-Instruct-FP8",
  "framework": "trt",
  "precision": "fp8",
  "tput_per_gpu": 1909.866969480707,
  "mean_ttft": 0.43164749627467247,
  "median_ttft": 0.4002577164792456,
  "std_ttft": 0.17113977581800205,
  "p99_ttft": 0.8907329240220133,
  "mean_tpot": 0.015995936544318756,
  "mean_intvty": 62.51587690594884,
  "median_tpot": 0.016078106395270582,
  "median_intvty": 62.196379064524216,
  "std_tpot": 0.00025510617715320325,
  "std_intvty": 3919.9364404236003,
  "p99_tpot": 0.016303844262698822,
  "p99_intvty": 61.33522768540401,
  "mean_itl": 0.15905428765615975,
  "median_itl": 0.15275830496102571,
  "std_itl": 0.027059163636441952,
  "p99_itl": 0.262862196052447,
  "mean_e2el": 15.069612240828429,
  "median_e2el": 15.100736955471803,
  "std_e2el": 1.0415299874281165,
  "p99_e2el": 16.922063015581806
}