{
  "hw": "mi300x",
  "tp": 1,
  "conc": 32,
  "model": "amd/Llama-3.3-70B-Instruct-FP8-KV",
  "framework": "vllm",
  "precision": "fp8",
  "tput_per_gpu": 3295.8637028632825,
  "mean_ttft": 4.458824442083278,
  "median_ttft": 1.4532221935223788,
  "std_ttft": 8.96479900749276,
  "p99_ttft": 39.3697445083363,
  "mean_tpot": 0.08040589963108204,
  "mean_intvty": 12.436898344377655,
  "median_tpot": 0.08326859401557184,
  "median_intvty": 12.009329709746183,
  "std_tpot": 0.011118277407426347,
  "std_intvty": 89.94199041409594,
  "p99_tpot": 0.09887003463116331,
  "p99_intvty": 10.114287951152445,
  "mean_itl": 0.08060397574434115,
  "median_itl": 0.04247437510639429,
  "std_itl": 0.2541930064202474,
  "p99_itl": 1.368127652765251,
  "mean_e2el": 78.97291772908503,
  "median_e2el": 79.03331899899058,
  "std_e2el": 13.258633523602988,
  "p99_e2el": 116.54478842472193
}