{
  "hw": "h100",
  "tp": 8,
  "conc": 64,
  "model": "nvidia/Llama-3.3-70B-Instruct-FP8",
  "framework": "vllm",
  "precision": "fp8",
  "tput_per_gpu": 1019.9283709981353,
  "mean_ttft": 0.178366858883237,
  "median_ttft": 0.06674354197457433,
  "std_ttft": 0.3537736668066169,
  "p99_ttft": 1.8584977651946246,
  "mean_tpot": 0.015010615909823905,
  "mean_intvty": 66.61951821347559,
  "median_tpot": 0.01520879776263042,
  "median_intvty": 65.75141675281546,
  "std_tpot": 0.0006811520328880456,
  "std_intvty": 1468.1010284298166,
  "p99_tpot": 0.015839893138613212,
  "p99_intvty": 63.13173903694342,
  "mean_itl": 0.015022905573359056,
  "median_itl": 0.012695026583969593,
  "std_itl": 0.010410754425183239,
  "p99_itl": 0.05576218888163567,
  "mean_e2el": 14.01166945661971,
  "median_e2el": 14.066523641813546,
  "std_e2el": 1.2119388334738752,
  "p99_e2el": 16.468053996460515
}