{
  "hw": "mi300x",
  "tp": 4,
  "conc": 32,
  "model": "amd/Llama-3.3-70B-Instruct-FP8-KV",
  "framework": "vllm",
  "precision": "fp8",
  "tput_per_gpu": 2054.7150239029497,
  "mean_ttft": 1.649088854130241,
  "median_ttft": 0.6042406223714352,
  "std_ttft": 2.909032106919803,
  "p99_ttft": 13.157949993601068,
  "mean_tpot": 0.032363388205359424,
  "mean_intvty": 30.899113333084163,
  "median_tpot": 0.03349214921650094,
  "median_intvty": 29.857743482980755,
  "std_tpot": 0.004171403888244595,
  "std_intvty": 239.72744591289594,
  "p99_tpot": 0.038812999795287295,
  "p99_intvty": 25.764563555363754,
  "mean_itl": 0.032441330751923785,
  "median_itl": 0.018011589534580708,
  "std_itl": 0.09603590845605954,
  "p99_itl": 0.5215783044788987,
  "mean_e2el": 31.636232578605995,
  "median_e2el": 31.794173376634717,
  "std_e2el": 4.834547301042163,
  "p99_e2el": 44.409002181757245
}