{
  "hw": "mi300x",
  "tp": 2,
  "conc": 8,
  "model": "amd/Llama-3.3-70B-Instruct-FP8-KV",
  "framework": "vllm",
  "precision": "fp8",
  "tput_per_gpu": 1128.5186040740907,
  "mean_ttft": 1.9409962675883434,
  "median_ttft": 1.4706742973066866,
  "std_ttft": 1.2802949058041984,
  "p99_ttft": 7.179484580764547,
  "mean_tpot": 0.028975927291384086,
  "mean_intvty": 34.511406311312335,
  "median_tpot": 0.0294289967799977,
  "median_intvty": 33.98009138659052,
  "std_tpot": 0.0028335205355152046,
  "std_intvty": 352.9178587082924,
  "p99_tpot": 0.03332174899456482,
  "p99_intvty": 30.01042952946774,
  "mean_itl": 0.029065720226426506,
  "median_itl": 0.01979172322899103,
  "std_itl": 0.1145190351127313,
  "p99_itl": 0.020656388103961944,
  "mean_e2el": 28.822790764737874,
  "median_e2el": 28.70612514158711,
  "std_e2el": 3.776465369038355,
  "p99_e2el": 36.17974792550317
}