{
  "hw": "mi300x",
  "tp": 4,
  "conc": 8,
  "model": "amd/Llama-3.3-70B-Instruct-FP8-KV",
  "framework": "vllm",
  "precision": "fp8",
  "tput_per_gpu": 966.9138376741007,
  "mean_ttft": 1.0505130147794262,
  "median_ttft": 0.8029057134408504,
  "std_ttft": 0.7357138355618994,
  "p99_ttft": 3.553580975155346,
  "mean_tpot": 0.016993364030482867,
  "mean_intvty": 58.846500210681654,
  "median_tpot": 0.01731451612401925,
  "median_intvty": 57.75500700321438,
  "std_tpot": 0.0015311985757222664,
  "std_intvty": 653.0831571132438,
  "p99_tpot": 0.019154962416964523,
  "p99_intvty": 52.205792850543716,
  "mean_itl": 0.017037177333721884,
  "median_itl": 0.012172344606369734,
  "std_itl": 0.06103817520526233,
  "p99_itl": 0.01317184748128056,
  "mean_e2el": 16.807559240295085,
  "median_e2el": 16.755891436943784,
  "std_e2el": 2.0453579406931666,
  "p99_e2el": 20.892908285125156
}