{
  "hw": "b200-trt",
  "tp": 1,
  "conc": 64,
  "model": "nvidia/Llama-3.3-70B-Instruct-FP8",
  "framework": "trt",
  "precision": "fp8",
  "tput_per_gpu": 5593.75802571342,
  "mean_ttft": 0.7256828438527009,
  "median_ttft": 0.5653311514761299,
  "std_ttft": 0.6221513767654457,
  "p99_ttft": 3.550825389509555,
  "mean_tpot": 0.02130756743438763,
  "mean_intvty": 46.9316829844279,
  "median_tpot": 0.021580016927592822,
  "median_intvty": 46.33916661674957,
  "std_tpot": 0.000943759483809028,
  "std_intvty": 1059.592001093313,
  "p99_tpot": 0.022610515903565102,
  "p99_intvty": 44.2272084487168,
  "mean_itl": 0.21202674826431,
  "median_itl": 0.1827271010261029,
  "std_itl": 0.09693587764616211,
  "p99_itl": 0.5994005026575178,
  "mean_e2el": 20.363666336465393,
  "median_e2el": 20.411637626006268,
  "std_e2el": 1.746495716141343,
  "p99_e2el": 24.33558032369242
}