{
  "hw": "mi300x",
  "tp": 1,
  "conc": 4,
  "model": "amd/Llama-3.3-70B-Instruct-FP8-KV",
  "framework": "vllm",
  "precision": "fp8",
  "tput_per_gpu": 1027.894795174808,
  "mean_ttft": 1.9890224676812067,
  "median_ttft": 1.7836239892058074,
  "std_ttft": 0.7942169088121784,
  "p99_ttft": 5.355661074751988,
  "mean_tpot": 0.032137985749730695,
  "mean_intvty": 31.11582685322398,
  "median_tpot": 0.03251880591441554,
  "median_intvty": 30.75143664966804,
  "std_tpot": 0.0015867188166188225,
  "std_intvty": 630.2313866365587,
  "p99_tpot": 0.03466408298374311,
  "p99_intvty": 28.84830389048468,
  "mean_itl": 0.03213515349617057,
  "median_itl": 0.027111281640827656,
  "std_itl": 0.09308330777938499,
  "p99_itl": 0.02760565534234047,
  "mean_e2el": 31.52524497676641,
  "median_e2el": 30.997531215194613,
  "std_e2el": 2.545449626690026,
  "p99_e2el": 37.092409197269006
}