{
  "hw": "mi300x",
  "tp": 8,
  "conc": 4,
  "model": "openai/gpt-oss-120b",
  "framework": "vllm",
  "precision": "fp4",
  "tput_per_gpu": 784.1182767348581,
  "mean_ttft": 0.25647666356526316,
  "median_ttft": 0.1311289332807064,
  "std_ttft": 0.29387672168492496,
  "p99_ttft": 1.1727406264748423,
  "mean_tpot": 0.005326739939925313,
  "mean_intvty": 187.73208590581598,
  "median_tpot": 0.005221430636241267,
  "median_intvty": 191.51839211635422,
  "std_tpot": 0.00030708542232829985,
  "std_intvty": 3256.422895030546,
  "p99_tpot": 0.006101013207717971,
  "p99_intvty": 163.9072013046897,
  "mean_itl": 0.005325049335686963,
  "median_itl": 0.004943479783833027,
  "std_itl": 0.01066446767707753,
  "p99_itl": 0.00535081148147583,
  "mean_e2el": 5.15086242260877,
  "median_e2el": 5.1306502083316445,
  "std_e2el": 0.5027237873468049,
  "p99_e2el": 6.358194699408487
}