{
  "hw": "h200",
  "tp": 8,
  "conc": 32,
  "model": "nvidia/Llama-3.3-70B-Instruct-FP8",
  "framework": "vllm",
  "precision": "fp8",
  "tput_per_gpu": 398.1721661664253,
  "mean_ttft": 0.1289246505824849,
  "median_ttft": 0.0762948535848409,
  "std_ttft": 0.18079554264229517,
  "p99_ttft": 0.8940221702074632,
  "mean_tpot": 0.01098272937615569,
  "mean_intvty": 91.05204778796363,
  "median_tpot": 0.011016359645506473,
  "median_intvty": 90.77408800899994,
  "std_tpot": 0.00011629956862817228,
  "std_intvty": 8598.484171486094,
  "p99_tpot": 0.011097213808303714,
  "p99_intvty": 90.11270912449483,
  "mean_itl": 0.010983816835082389,
  "median_itl": 0.010835722088813782,
  "std_itl": 0.0024471926480156836,
  "p99_itl": 0.0123074846342206,
  "mean_e2el": 81.57361743879737,
  "median_e2el": 81.70732609415427,
  "std_e2el": 5.220805945844957,
  "p99_e2el": 90.24113308954983
}