{
  "hw": "mi300x",
  "tp": 2,
  "conc": 32,
  "model": "amd/Llama-3.3-70B-Instruct-FP8-KV",
  "framework": "vllm",
  "precision": "fp8",
  "tput_per_gpu": 2543.8375711738313,
  "mean_ttft": 2.810157745174365,
  "median_ttft": 0.9800092107616365,
  "std_ttft": 5.36230395905988,
  "p99_ttft": 24.004480739664288,
  "mean_tpot": 0.05216535163642898,
  "mean_intvty": 19.169812310853153,
  "median_tpot": 0.05410225601572554,
  "median_intvty": 18.483517576593048,
  "std_tpot": 0.007193505469255687,
  "std_intvty": 139.01428229587071,
  "p99_tpot": 0.06399364403454773,
  "p99_intvty": 15.626551903500575,
  "mean_itl": 0.05229045938458489,
  "median_itl": 0.027387585025280714,
  "std_itl": 0.16691963467492513,
  "p99_itl": 0.8889706275146453,
  "mean_e2el": 51.14990936414542,
  "median_e2el": 51.313642462249845,
  "std_e2el": 8.306007191140134,
  "p99_e2el": 73.77351015578024
}