{
  "hw": "mi300x",
  "tp": 4,
  "conc": 16,
  "model": "amd/Llama-3.3-70B-Instruct-FP8-KV",
  "framework": "vllm",
  "precision": "fp8",
  "tput_per_gpu": 545.1822075490338,
  "mean_ttft": 0.2501133822603151,
  "median_ttft": 0.1264999331906438,
  "std_ttft": 0.3610654265241139,
  "p99_ttft": 1.3984408889710904,
  "mean_tpot": 0.014152078509976265,
  "mean_intvty": 70.66099861550846,
  "median_tpot": 0.014283631168327232,
  "median_intvty": 70.0102087638203,
  "std_tpot": 0.0003904169990064005,
  "std_intvty": 2561.3638815547733,
  "p99_tpot": 0.014629833049423346,
  "p99_intvty": 68.35347994893328,
  "mean_itl": 0.014157640348406848,
  "median_itl": 0.012897542677819729,
  "std_itl": 0.010781858298319853,
  "p99_itl": 0.09781401809304952,
  "mean_e2el": 13.202849905472249,
  "median_e2el": 13.195493598934263,
  "std_e2el": 0.991863986267736,
  "p99_e2el": 15.361143062468619
}