{
  "hw": "mi300x",
  "tp": 4,
  "conc": 4,
  "model": "amd/Llama-3.3-70B-Instruct-FP8-KV",
  "framework": "vllm",
  "precision": "fp8",
  "tput_per_gpu": 649.8229658194946,
  "mean_ttft": 0.7595610761549324,
  "median_ttft": 0.6766153378412127,
  "std_ttft": 0.2793990307833852,
  "p99_ttft": 1.7584845628403123,
  "mean_tpot": 0.01271708859961967,
  "mean_intvty": 78.6343503205527,
  "median_tpot": 0.012841040666138077,
  "median_intvty": 77.87530824016527,
  "std_tpot": 0.0005741393559658796,
  "std_intvty": 1741.7374189889688,
  "p99_tpot": 0.013535824532177918,
  "p99_intvty": 73.87802624234371,
  "mean_itl": 0.012720633906018769,
  "median_itl": 0.010918264277279377,
  "std_itl": 0.03301086985106484,
  "p99_itl": 0.011564433788880705,
  "mean_e2el": 12.450459248526021,
  "median_e2el": 12.261086438316852,
  "std_e2el": 0.9752193023882781,
  "p99_e2el": 14.571582492608577
}