{
  "hw": "h200-trt",
  "tp": 4,
  "conc": 16,
  "model": "nvidia/Llama-3.3-70B-Instruct-FP8",
  "framework": "trt",
  "precision": "fp8",
  "tput_per_gpu": 466.8167765492204,
  "mean_ttft": 0.13294772351509893,
  "median_ttft": 0.06850701989606023,
  "std_ttft": 0.19554336236442815,
  "p99_ttft": 0.7385250787902623,
  "mean_tpot": 0.00935512180738718,
  "mean_intvty": 106.89331690051965,
  "median_tpot": 0.009368473542479883,
  "median_intvty": 106.74097498014547,
  "std_tpot": 5.803347881539471e-05,
  "std_intvty": 17231.43296615069,
  "p99_tpot": 0.00941864302668632,
  "p99_intvty": 106.17240691325163,
  "mean_itl": 0.09348721014168453,
  "median_itl": 0.09313737601041794,
  "std_itl": 0.006272150694809498,
  "p99_itl": 0.13211342364549633,
  "mean_e2el": 69.14812756491592,
  "median_e2el": 69.32034274097532,
  "std_e2el": 4.63962299135622,
  "p99_e2el": 76.79345557102002
}