{
  "hw": "mi300x",
  "tp": 1,
  "conc": 32,
  "model": "openai/gpt-oss-120b",
  "framework": "vllm",
  "precision": "fp4",
  "tput_per_gpu": 9467.216952753715,
  "mean_ttft": 1.047824320786458,
  "median_ttft": 0.37148524646181613,
  "std_ttft": 2.07953296775668,
  "p99_ttft": 10.371411664159968,
  "mean_tpot": 0.02855587938121031,
  "mean_intvty": 35.0190581298644,
  "median_tpot": 0.028864186967829643,
  "median_intvty": 34.64500840139867,
  "std_tpot": 0.003106408674468581,
  "std_intvty": 321.91514536350303,
  "p99_tpot": 0.0359385345212446,
  "p99_intvty": 27.825285958971502,
  "mean_itl": 0.02904597224371838,
  "median_itl": 0.019474262138828635,
  "std_itl": 0.05393613678021817,
  "p99_itl": 0.3129462015116588,
  "mean_e2el": 27.49953721247657,
  "median_e2el": 27.3782212480437,
  "std_e2el": 4.251881558632125,
  "p99_e2el": 40.12305915877456
}