{
  "hw": "mi300x",
  "tp": 8,
  "conc": 8,
  "model": "openai/gpt-oss-120b",
  "framework": "vllm",
  "precision": "fp4",
  "tput_per_gpu": 1442.551418979915,
  "mean_ttft": 0.317345833289437,
  "median_ttft": 0.14592621941119432,
  "std_ttft": 0.4096492059968698,
  "p99_ttft": 1.731680870298293,
  "mean_tpot": 0.005717883276694047,
  "mean_intvty": 174.88989397107417,
  "median_tpot": 0.005597314488447994,
  "median_intvty": 178.6571045925413,
  "std_tpot": 0.00047755543562690977,
  "std_intvty": 2093.997733869896,
  "p99_tpot": 0.007114868394806954,
  "p99_intvty": 140.55073748516367,
  "mean_itl": 0.005738186223534236,
  "median_itl": 0.0049382783472537994,
  "std_itl": 0.014776751743102879,
  "p99_itl": 0.006193523295223718,
  "mean_e2el": 5.6173494313028645,
  "median_e2el": 5.454690088983625,
  "std_e2el": 0.8702436687533063,
  "p99_e2el": 8.292477762578056
}