{
  "hw": "mi300x",
  "tp": 1,
  "conc": 16,
  "model": "amd/Llama-3.3-70B-Instruct-FP8-KV",
  "framework": "vllm",
  "precision": "fp8",
  "tput_per_gpu": 1014.062972728104,
  "mean_ttft": 0.4934486854588613,
  "median_ttft": 0.28478315519168973,
  "std_ttft": 0.650942565558071,
  "p99_ttft": 2.65662157765124,
  "mean_tpot": 0.03046883304053439,
  "mean_intvty": 32.8204233706504,
  "median_tpot": 0.0307171107548132,
  "median_intvty": 32.555145175667455,
  "std_tpot": 0.0008133566588626088,
  "std_intvty": 1229.4729367537136,
  "p99_tpot": 0.031465517414401366,
  "p99_intvty": 31.780821743052375,
  "mean_itl": 0.030479717202671328,
  "median_itl": 0.027699926868081093,
  "std_itl": 0.024469060235639373,
  "p99_itl": 0.20570771223865442,
  "mean_e2el": 28.379151303463733,
  "median_e2el": 28.41928290738724,
  "std_e2el": 2.1224582718919085,
  "p99_e2el": 32.57750446004793
}