{
  "hw": "h100",
  "tp": 4,
  "conc": 8,
  "model": "nvidia/Llama-3.3-70B-Instruct-FP8",
  "framework": "vllm",
  "precision": "fp8",
  "tput_per_gpu": 175.45448240284728,
  "mean_ttft": 0.10128868639003485,
  "median_ttft": 0.0792227485217154,
  "std_ttft": 0.07691416228153741,
  "p99_ttft": 0.3497956136427819,
  "mean_tpot": 0.012463149365116093,
  "mean_intvty": 80.2365413993163,
  "median_tpot": 0.012481249622181494,
  "median_intvty": 80.12018269571459,
  "std_tpot": 5.933650243197739e-05,
  "std_intvty": 16853.032433894925,
  "p99_tpot": 0.012540597510557128,
  "p99_intvty": 79.7410170574539,
  "mean_itl": 0.01246400385216291,
  "median_itl": 0.01243639551103115,
  "std_itl": 0.0016438704422106788,
  "p99_itl": 0.013104176409542562,
  "mean_e2el": 91.79896489843959,
  "median_e2el": 92.08972422452644,
  "std_e2el": 5.791123056136762,
  "p99_e2el": 102.32192411500961
}