{
  "hw": "mi300x",
  "tp": 2,
  "conc": 32,
  "model": "amd/Llama-3.3-70B-Instruct-FP8-KV",
  "framework": "vllm",
  "precision": "fp8",
  "tput_per_gpu": 672.7060173425245,
  "mean_ttft": 0.4986340817492419,
  "median_ttft": 0.21615517800091766,
  "std_ttft": 0.8983764982164012,
  "p99_ttft": 3.4413394154125125,
  "mean_tpot": 0.025998431773690357,
  "mean_intvty": 38.46385846287738,
  "median_tpot": 0.026142095529644895,
  "median_intvty": 38.25248052001069,
  "std_tpot": 0.00039058310672169334,
  "std_intvty": 2560.2745812366675,
  "p99_tpot": 0.026412784628400895,
  "p99_intvty": 37.860453339884856,
  "mean_itl": 0.026002898070658597,
  "median_itl": 0.025527093006530777,
  "std_itl": 0.009123582701778295,
  "p99_itl": 0.02746131310123019,
  "mean_e2el": 193.30939179964653,
  "median_e2el": 193.80902198948024,
  "std_e2el": 12.631517694911667,
  "p99_e2el": 214.2785219906934
}