{
  "hw": "h200",
  "tp": 8,
  "conc": 16,
  "model": "nvidia/Llama-3.3-70B-Instruct-FP8",
  "framework": "vllm",
  "precision": "fp8",
  "tput_per_gpu": 401.55230289713563,
  "mean_ttft": 0.10483539240667597,
  "median_ttft": 0.07126212026923895,
  "std_ttft": 0.09559371077763187,
  "p99_ttft": 0.4892769140563905,
  "mean_tpot": 0.009677425910932236,
  "mean_intvty": 103.333263328871,
  "median_tpot": 0.009723705956473322,
  "median_intvty": 102.84144794961372,
  "std_tpot": 0.0001695817852979346,
  "std_intvty": 5896.8597260791985,
  "p99_tpot": 0.009883750654697251,
  "p99_intvty": 101.17616630937063,
  "mean_itl": 0.009679500911338937,
  "median_itl": 0.009115914814174175,
  "std_itl": 0.004705880085326142,
  "p99_itl": 0.04436192557215691,
  "mean_e2el": 8.960550115484512,
  "median_e2el": 8.99230977986008,
  "std_e2el": 0.6437310914418538,
  "p99_e2el": 10.133828347269446
}