{
  "hw": "mi300x",
  "tp": 8,
  "conc": 8,
  "model": "amd/Llama-3.3-70B-Instruct-FP8-KV",
  "framework": "vllm",
  "precision": "fp8",
  "tput_per_gpu": 118.15627561996216,
  "mean_ttft": 0.20191065062535926,
  "median_ttft": 0.12787944311276078,
  "std_ttft": 0.23413952305177796,
  "p99_ttft": 0.9591937503032386,
  "mean_tpot": 0.009252025959394512,
  "mean_intvty": 108.08443517007207,
  "median_tpot": 0.009271872520723366,
  "median_intvty": 107.85307905872531,
  "std_tpot": 6.72345550971039e-05,
  "std_intvty": 14873.304338159805,
  "p99_tpot": 0.0093145487496992,
  "p99_intvty": 107.35893137413593,
  "mean_itl": 0.00925278668533179,
  "median_itl": 0.009177764877676964,
  "std_itl": 0.0028930944404809747,
  "p99_itl": 0.009468779992312193,
  "mean_e2el": 68.27466193101137,
  "median_e2el": 68.51462814910337,
  "std_e2el": 4.304616742319779,
  "p99_e2el": 76.17645999507047
}