{
  "hw": "mi355x",
  "tp": 2,
  "conc": 64,
  "model": "amd/Llama-3.3-70B-Instruct-MXFP4-Preview",
  "framework": "vllm",
  "precision": "fp4",
  "tput_per_gpu": 2678.0168937454114,
  "mean_ttft": 0.3476653628044005,
  "median_ttft": 0.13562924251891673,
  "std_ttft": 0.6429270841406393,
  "p99_ttft": 2.422141533778049,
  "mean_tpot": 0.022776135064499034,
  "mean_intvty": 43.905605457999386,
  "median_tpot": 0.023180858656592633,
  "median_intvty": 43.1390404822472,
  "std_tpot": 0.0011918628198460662,
  "std_intvty": 839.022732607058,
  "p99_tpot": 0.024164352735716828,
  "p99_intvty": 41.38327274630124,
  "mean_itl": 0.02279476129732472,
  "median_itl": 0.018936725100502372,
  "std_itl": 0.0183872296742729,
  "p99_itl": 0.09888493907637895,
  "mean_e2el": 21.33740196661056,
  "median_e2el": 21.444061484537087,
  "std_e2el": 1.8179848897340636,
  "p99_e2el": 24.74751472957665
}