{
  "hw": "mi300x",
  "tp": 4,
  "conc": 64,
  "model": "openai/gpt-oss-120b",
  "framework": "vllm",
  "precision": "fp4",
  "tput_per_gpu": 7329.781383546326,
  "mean_ttft": 0.813650151015463,
  "median_ttft": 0.25411904556676745,
  "std_ttft": 1.8041154027310455,
  "p99_ttft": 8.706526829381474,
  "mean_tpot": 0.018492911469369246,
  "mean_intvty": 54.074773550738676,
  "median_tpot": 0.018915970577940817,
  "median_intvty": 52.86538144472306,
  "std_tpot": 0.0020482478602498965,
  "std_intvty": 488.2221626624792,
  "p99_tpot": 0.022911336537028724,
  "p99_intvty": 43.64651526914745,
  "mean_itl": 0.018526345991963164,
  "median_itl": 0.011110982857644558,
  "std_itl": 0.03181297668756196,
  "p99_itl": 0.13290435788221658,
  "mean_e2el": 17.871985693767783,
  "median_e2el": 17.8432122154627,
  "std_e2el": 2.8611571685037984,
  "p99_e2el": 26.793071273760873
}