{
  "hw": "h200",
  "tp": 4,
  "conc": 64,
  "model": "nvidia/Llama-3.3-70B-Instruct-FP8",
  "framework": "vllm",
  "precision": "fp8",
  "tput_per_gpu": 946.2707821933807,
  "mean_ttft": 0.2596054975700099,
  "median_ttft": 0.1010740241035819,
  "std_ttft": 0.5271932450915855,
  "p99_ttft": 2.7666810031514615,
  "mean_tpot": 0.018415425958583982,
  "mean_intvty": 54.30230081286119,
  "median_tpot": 0.018679925913839303,
  "median_intvty": 53.53340289530458,
  "std_tpot": 0.0008718484598619579,
  "std_intvty": 1146.9883196884155,
  "p99_tpot": 0.019074430218606386,
  "p99_intvty": 52.426205581991,
  "mean_itl": 0.018416659391723073,
  "median_itl": 0.017995486967265606,
  "std_itl": 0.005153896879604274,
  "p99_itl": 0.0227506717853248,
  "mean_e2el": 136.26784358456354,
  "median_e2el": 135.95941596617922,
  "std_e2el": 10.715340273201905,
  "p99_e2el": 154.5433104589954
}