{
  "hw": "mi355x",
  "tp": 4,
  "conc": 8,
  "model": "amd/Llama-3.3-70B-Instruct-MXFP4-Preview",
  "framework": "vllm",
  "precision": "fp4",
  "tput_per_gpu": 399.3393303926631,
  "mean_ttft": 0.3032562876702286,
  "median_ttft": 0.13596803648397326,
  "std_ttft": 0.4673880347786334,
  "p99_ttft": 1.7117446816223674,
  "mean_tpot": 0.00944878719305218,
  "mean_intvty": 105.83368844790085,
  "median_tpot": 0.00930943296833113,
  "median_intvty": 107.41792796637608,
  "std_tpot": 0.0005644413307371646,
  "std_intvty": 1771.6633165292706,
  "p99_tpot": 0.01092801969738804,
  "p99_intvty": 91.5078877684504,
  "mean_itl": 0.009456647924465078,
  "median_itl": 0.008551039500162005,
  "std_itl": 0.01945197096278675,
  "p99_itl": 0.008941439888440072,
  "mean_e2el": 9.079734514659503,
  "median_e2el": 9.053928473964334,
  "std_e2el": 1.0038160223104988,
  "p99_e2el": 11.64650937635917
}