{
  "hw": "mi300x",
  "tp": 2,
  "conc": 4,
  "model": "amd/Llama-3.3-70B-Instruct-FP8-KV",
  "framework": "vllm",
  "precision": "fp8",
  "tput_per_gpu": 833.5513489312068,
  "mean_ttft": 1.2276820231927559,
  "median_ttft": 1.0606114644324407,
  "std_ttft": 0.6031591724112185,
  "p99_ttft": 3.327271077926271,
  "mean_tpot": 0.019807613644691236,
  "mean_intvty": 50.485637388631936,
  "median_tpot": 0.01997637188438422,
  "median_intvty": 50.059140157563476,
  "std_tpot": 0.0008800555601165628,
  "std_intvty": 1136.291894874854,
  "p99_tpot": 0.021012802651944513,
  "p99_intvty": 47.59003435019938,
  "mean_itl": 0.020188394085151246,
  "median_itl": 0.016806290368549526,
  "std_itl": 0.056382609164611935,
  "p99_itl": 0.0340685674874112,
  "mean_e2el": 19.426509672525572,
  "median_e2el": 19.160535339964554,
  "std_e2el": 1.5886470827822547,
  "p99_e2el": 23.08263838240644
}