{
  "hw": "h200",
  "tp": 2,
  "conc": 4,
  "model": "nvidia/Llama-3.3-70B-Instruct-FP8",
  "framework": "vllm",
  "precision": "fp8",
  "tput_per_gpu": 156.78443094361074,
  "mean_ttft": 0.12958295785356314,
  "median_ttft": 0.11383537389338017,
  "std_ttft": 0.049659717090881905,
  "p99_ttft": 0.3069393922016024,
  "mean_tpot": 0.014131111058826504,
  "mean_intvty": 70.76584394794526,
  "median_tpot": 0.014136715696197628,
  "median_intvty": 70.73778814615133,
  "std_tpot": 2.9581842647664722e-05,
  "std_intvty": 33804.520290048364,
  "p99_tpot": 0.014184493311557555,
  "p99_intvty": 70.49952212147035,
  "mean_itl": 0.014131422825942482,
  "median_itl": 0.014103788882493973,
  "std_itl": 0.0015224802752363705,
  "p99_itl": 0.015041208267211918,
  "mean_e2el": 102.73855047794059,
  "median_e2el": 101.78113288246095,
  "std_e2el": 6.447080236140137,
  "p99_e2el": 114.80058402894996
}