{
  "hw": "h200",
  "tp": 2,
  "conc": 16,
  "model": "nvidia/Llama-3.3-70B-Instruct-FP8",
  "framework": "vllm",
  "precision": "fp8",
  "tput_per_gpu": 509.6804392201549,
  "mean_ttft": 0.19761986398661974,
  "median_ttft": 0.1221795289311558,
  "std_ttft": 0.2465823363427354,
  "p99_ttft": 1.123329627923667,
  "mean_tpot": 0.017157612616586937,
  "mean_intvty": 58.2831669152654,
  "median_tpot": 0.017322803624810576,
  "median_intvty": 57.727376102546735,
  "std_tpot": 0.0004268277567510711,
  "std_intvty": 2342.8654397075843,
  "p99_tpot": 0.01754417437859779,
  "p99_intvty": 56.998977462279676,
  "mean_itl": 0.01715791418013066,
  "median_itl": 0.017012383555993438,
  "std_itl": 0.003578111567888299,
  "p99_itl": 0.019309256132692097,
  "mean_e2el": 126.77112368990201,
  "median_e2el": 127.24526644521393,
  "std_e2el": 8.926517990029776,
  "p99_e2el": 141.93238044949248
}