{
  "hw": "h200",
  "tp": 4,
  "conc": 16,
  "model": "nvidia/Llama-3.3-70B-Instruct-FP8",
  "framework": "vllm",
  "precision": "fp8",
  "tput_per_gpu": 707.0449912825499,
  "mean_ttft": 0.1280597051780205,
  "median_ttft": 0.07669534115120769,
  "std_ttft": 0.14860167362424384,
  "p99_ttft": 0.7276024860888719,
  "mean_tpot": 0.010973688615243046,
  "mean_intvty": 91.12706174393776,
  "median_tpot": 0.011032315325566668,
  "median_intvty": 90.642804387812,
  "std_tpot": 0.000194357034116941,
  "std_intvty": 5145.1700965879045,
  "p99_tpot": 0.011226589161977768,
  "p99_intvty": 89.07424913942711,
  "mean_itl": 0.010976120890825057,
  "median_itl": 0.010295499116182327,
  "std_itl": 0.006116807516494281,
  "p99_itl": 0.054685709569603176,
  "mean_e2el": 10.17004394888645,
  "median_e2el": 10.174184752628207,
  "std_e2el": 0.7335862060107352,
  "p99_e2el": 11.636892763134092
}