{
  "hw": "mi300x",
  "tp": 8,
  "conc": 4,
  "model": "amd/Llama-3.3-70B-Instruct-FP8-KV",
  "framework": "vllm",
  "precision": "fp8",
  "tput_per_gpu": 64.9857196651194,
  "mean_ttft": 0.20061490174848587,
  "median_ttft": 0.13594607799313962,
  "std_ttft": 0.20121168777859086,
  "p99_ttft": 0.8348560271807947,
  "mean_tpot": 0.008510568390147027,
  "mean_intvty": 117.50096517146068,
  "median_tpot": 0.008517530632637825,
  "median_intvty": 117.40491970385862,
  "std_tpot": 2.848216602312971e-05,
  "std_intvty": 35109.68931182843,
  "p99_tpot": 0.008546198394278823,
  "p99_intvty": 117.01109123203145,
  "mean_itl": 0.00882541782111723,
  "median_itl": 0.00846815388649702,
  "std_itl": 0.003501465191002222,
  "p99_itl": 0.017158153178170325,
  "mean_e2el": 61.998175994172925,
  "median_e2el": 61.561107236426324,
  "std_e2el": 3.9316904536992667,
  "p99_e2el": 69.23613697277382
}