{
  "hw": "mi300x",
  "tp": 1,
  "conc": 4,
  "model": "openai/gpt-oss-120b",
  "framework": "vllm",
  "precision": "fp4",
  "tput_per_gpu": 3443.003073239643,
  "mean_ttft": 0.5163043763954193,
  "median_ttft": 0.33866599900648,
  "std_ttft": 0.40308672299687726,
  "p99_ttft": 1.8523826559726146,
  "mean_tpot": 0.009687951308690948,
  "mean_intvty": 103.22099772558845,
  "median_tpot": 0.009668246949217568,
  "median_intvty": 103.43136716019941,
  "std_tpot": 0.0004823128043035438,
  "std_intvty": 2073.343255823351,
  "p99_tpot": 0.010743021674261378,
  "p99_intvty": 93.08368076700857,
  "mean_itl": 0.009682357928026748,
  "median_itl": 0.008804422803223133,
  "std_itl": 0.018887228346868505,
  "p99_itl": 0.009438396282494068,
  "mean_e2el": 9.415601345314645,
  "median_e2el": 9.26643589977175,
  "std_e2el": 0.8034527237864483,
  "p99_e2el": 11.253708160612732
}