{
  "hw": "h200",
  "tp": 4,
  "conc": 8,
  "model": "nvidia/Llama-3.3-70B-Instruct-FP8",
  "framework": "vllm",
  "precision": "fp8",
  "tput_per_gpu": 211.10757099431564,
  "mean_ttft": 0.11292559528956189,
  "median_ttft": 0.08862944971770048,
  "std_ttft": 0.08613900560122684,
  "p99_ttft": 0.39149634207598866,
  "mean_tpot": 0.010350271100975236,
  "mean_intvty": 96.61582679759728,
  "median_tpot": 0.010360159715864143,
  "median_intvty": 96.5236084602765,
  "std_tpot": 3.768057051968083e-05,
  "std_intvty": 26538.876301718752,
  "p99_tpot": 0.010398920054107988,
  "p99_intvty": 96.16383189761711,
  "mean_itl": 0.010350883934672542,
  "median_itl": 0.010351683478802443,
  "std_itl": 0.0016544797245194157,
  "p99_itl": 0.011491360040381555,
  "mean_e2el": 76.26437853598036,
  "median_e2el": 76.45012240111828,
  "std_e2el": 4.7896894850053675,
  "p99_e2el": 84.92221005895175
}