{
  "hw": "mi300x",
  "tp": 4,
  "conc": 4,
  "model": "openai/gpt-oss-120b",
  "framework": "vllm",
  "precision": "fp4",
  "tput_per_gpu": 1469.8470475078475,
  "mean_ttft": 0.3103628929820843,
  "median_ttft": 0.1604091578628868,
  "std_ttft": 0.3242919725911311,
  "p99_ttft": 1.2797364393342285,
  "mean_tpot": 0.0056480975600511855,
  "mean_intvty": 177.05076609741448,
  "median_tpot": 0.005594715131962183,
  "median_intvty": 178.74011033860793,
  "std_tpot": 0.0002808686624951759,
  "std_intvty": 3560.3829601929183,
  "p99_tpot": 0.006382195809513201,
  "p99_intvty": 156.68588521044995,
  "mean_itl": 0.005644287094808218,
  "median_itl": 0.0051932004280388355,
  "std_itl": 0.010856751798053564,
  "p99_itl": 0.005542921535670758,
  "mean_e2el": 5.498168084246572,
  "median_e2el": 5.491724406601861,
  "std_e2el": 0.5185480375834006,
  "p99_e2el": 6.778615958974696
}