{
  "hw": "mi300x",
  "tp": 2,
  "conc": 16,
  "model": "amd/Llama-3.3-70B-Instruct-FP8-KV",
  "framework": "vllm",
  "precision": "fp8",
  "tput_per_gpu": 1441.0675304763995,
  "mean_ttft": 2.9568258897750637,
  "median_ttft": 1.9272734106052667,
  "std_ttft": 3.120094884835185,
  "p99_ttft": 12.528574703843333,
  "mean_tpot": 0.04589890538559126,
  "mean_intvty": 21.787011947215706,
  "median_tpot": 0.04820370303530079,
  "median_intvty": 20.745294179322173,
  "std_tpot": 0.007497257137640244,
  "std_intvty": 133.3821131703573,
  "p99_tpot": 0.055688128268989494,
  "p99_intvty": 17.957148697289945,
  "mean_itl": 0.046072282491906334,
  "median_itl": 0.020977962063625455,
  "std_itl": 0.21390228744709508,
  "p99_itl": 1.6879306891001762,
  "mean_e2el": 45.07437866963446,
  "median_e2el": 46.145468953065574,
  "std_e2el": 7.106083432776935,
  "p99_e2el": 57.3779813958425
}