{
  "hw": "mi325x",
  "tp": 8,
  "conc": 16,
  "model": "amd/Llama-3.3-70B-Instruct-FP8-KV",
  "framework": "vllm",
  "precision": "fp8",
  "tput_per_gpu": 227.58987406901613,
  "mean_ttft": 0.1775966490909923,
  "median_ttft": 0.0905356639996171,
  "std_ttft": 0.2694271698404052,
  "p99_ttft": 1.0180615092092193,
  "mean_tpot": 0.009599394082826706,
  "mean_intvty": 104.17324170376521,
  "median_tpot": 0.00961272157541791,
  "median_intvty": 104.02881141977996,
  "std_tpot": 8.052958921262964e-05,
  "std_intvty": 12417.795865810373,
  "p99_tpot": 0.009691942084402294,
  "p99_intvty": 103.17849521710905,
  "mean_itl": 0.009599885484614552,
  "median_itl": 0.009510373929515481,
  "std_itl": 0.002417616502510098,
  "p99_itl": 0.010735785274300729,
  "mean_e2el": 70.99571154715667,
  "median_e2el": 71.346359463525,
  "std_e2el": 4.78030839177374,
  "p99_e2el": 78.78535374238622
}