{
  "hw": "h200",
  "tp": 4,
  "conc": 16,
  "model": "nvidia/Llama-3.3-70B-Instruct-FP8",
  "framework": "vllm",
  "precision": "fp8",
  "tput_per_gpu": 386.8813309453908,
  "mean_ttft": 0.13182925144210458,
  "median_ttft": 0.09018891211599112,
  "std_ttft": 0.14357949044887094,
  "p99_ttft": 0.7277405390236527,
  "mean_tpot": 0.011287805608783483,
  "mean_intvty": 88.59117836170574,
  "median_tpot": 0.011315861611572508,
  "median_intvty": 88.37152965685969,
  "std_tpot": 8.917313607196947e-05,
  "std_intvty": 11214.139639464112,
  "p99_tpot": 0.011377939155333498,
  "p99_intvty": 87.88937841447694,
  "mean_itl": 0.011288210459493481,
  "median_itl": 0.011169299017637968,
  "std_itl": 0.0024476354735980957,
  "p99_itl": 0.013074647029861818,
  "mean_e2el": 83.40467545008869,
  "median_e2el": 83.65578064788133,
  "std_e2el": 5.601565071165636,
  "p99_e2el": 92.42072851010599
}