{
  "hw": "mi300x",
  "tp": 8,
  "conc": 16,
  "model": "amd/Llama-3.3-70B-Instruct-FP8-KV",
  "framework": "vllm",
  "precision": "fp8",
  "tput_per_gpu": 896.7273662379098,
  "mean_ttft": 1.0213777636934538,
  "median_ttft": 0.6427727965638041,
  "std_ttft": 1.1389134214081986,
  "p99_ttft": 4.5242462031124155,
  "mean_tpot": 0.01854461095921864,
  "mean_intvty": 53.92402149600738,
  "median_tpot": 0.019243777202326364,
  "median_intvty": 51.96485022073062,
  "std_tpot": 0.002319421257127566,
  "std_intvty": 431.1420346463613,
  "p99_tpot": 0.021637427295786927,
  "p99_intvty": 46.216215372088726,
  "mean_itl": 0.0185986505630837,
  "median_itl": 0.010728793917223811,
  "std_itl": 0.06742983486983715,
  "p99_itl": 0.5425853320863098,
  "mean_e2el": 18.023566487253994,
  "median_e2el": 18.15945132751949,
  "std_e2el": 2.4070563878704836,
  "p99_e2el": 22.582677675904705
}