{
  "hw": "mi355x",
  "tp": 2,
  "conc": 16,
  "model": "amd/Llama-3.3-70B-Instruct-MXFP4-Preview",
  "framework": "vllm",
  "precision": "fp4",
  "tput_per_gpu": 1011.3793590272082,
  "mean_ttft": 0.6362785454519326,
  "median_ttft": 0.22044178599026054,
  "std_ttft": 1.1322219855192983,
  "p99_ttft": 4.1006222854647785,
  "mean_tpot": 0.014912135132101642,
  "mean_intvty": 67.0594781459082,
  "median_tpot": 0.01491321540365949,
  "median_intvty": 67.05462054511827,
  "std_tpot": 0.0011310094680164486,
  "std_intvty": 884.1658962889042,
  "p99_tpot": 0.01711053611697248,
  "p99_intvty": 58.44352235159181,
  "mean_itl": 0.015032060231658545,
  "median_itl": 0.011786779039539397,
  "std_itl": 0.03407562865767015,
  "p99_itl": 0.19148784361779694,
  "mean_e2el": 14.294971895503114,
  "median_e2el": 14.172984744422138,
  "std_e2el": 1.64682202290344,
  "p99_e2el": 19.420231991594193
}