{
  "hw": "h200",
  "tp": 1,
  "conc": 16,
  "model": "nvidia/Llama-3.3-70B-Instruct-FP8",
  "framework": "vllm",
  "precision": "fp8",
  "tput_per_gpu": 637.2089965017311,
  "mean_ttft": 0.3149084973090794,
  "median_ttft": 0.18917835783213377,
  "std_ttft": 0.4086760526030505,
  "p99_ttft": 2.0020501391030847,
  "mean_tpot": 0.0274398591819134,
  "mean_intvty": 36.443335709941834,
  "median_tpot": 0.027647817979144132,
  "median_intvty": 36.16921960186299,
  "std_tpot": 0.0006872116443849616,
  "std_intvty": 1455.1557852238907,
  "p99_tpot": 0.028067820176225947,
  "p99_intvty": 35.62798940998709,
  "mean_itl": 0.027442474004499375,
  "median_itl": 0.02727889479137957,
  "std_itl": 0.005624876098422488,
  "p99_itl": 0.03127753459848464,
  "mean_e2el": 202.75735303734254,
  "median_e2el": 203.49694538116455,
  "std_e2el": 14.499438231382102,
  "p99_e2el": 226.93483320761936
}