{
  "hw": "b200",
  "tp": 8,
  "conc": 4,
  "model": "nvidia/Llama-3.3-70B-Instruct-FP8",
  "framework": "vllm",
  "precision": "fp8",
  "tput_per_gpu": 152.58601430130028,
  "mean_ttft": 0.0900572681290214,
  "median_ttft": 0.07136776702827774,
  "std_ttft": 0.060436818327138445,
  "p99_ttft": 0.3331342955946457,
  "mean_tpot": 0.006279135434285302,
  "mean_intvty": 159.2575937349281,
  "median_tpot": 0.006283007579916269,
  "median_intvty": 159.1594451034112,
  "std_tpot": 4.9614519660942854e-05,
  "std_intvty": 20155.390132441655,
  "p99_tpot": 0.006391163589629626,
  "p99_intvty": 156.46603094663564,
  "mean_itl": 0.0062797075310196656,
  "median_itl": 0.006131116999313235,
  "std_itl": 0.0027737439204395566,
  "p99_itl": 0.006553326868452131,
  "mean_e2el": 5.846821974974591,
  "median_e2el": 5.887539713992737,
  "std_e2el": 0.4093129679926503,
  "p99_e2el": 6.641802163842949
}