{
  "hw": "h200",
  "tp": 1,
  "conc": 4,
  "model": "nvidia/Llama-3.3-70B-Instruct-FP8",
  "framework": "vllm",
  "precision": "fp8",
  "tput_per_gpu": 200.6542367443756,
  "mean_ttft": 0.20712538592051716,
  "median_ttft": 0.18058038875460625,
  "std_ttft": 0.09212782277134347,
  "p99_ttft": 0.4832200891897082,
  "mean_tpot": 0.02208502623505702,
  "mean_intvty": 45.2795477513463,
  "median_tpot": 0.02208694481493626,
  "median_intvty": 45.27561454872434,
  "std_tpot": 0.00013428933845043042,
  "std_intvty": 7446.607538163763,
  "p99_tpot": 0.022361763308606012,
  "p99_intvty": 44.71919258778426,
  "mean_itl": 0.02208617072606596,
  "median_itl": 0.02199022751301527,
  "std_itl": 0.002205553824282056,
  "p99_itl": 0.023474515909329058,
  "mean_e2el": 160.57370658749716,
  "median_e2el": 158.30460985004902,
  "std_e2el": 10.17092590860281,
  "p99_e2el": 180.73319769554772
}