{
  "hw": "b200-trt",
  "tp": 1,
  "conc": 128,
  "model": "nvidia/Llama-3.3-70B-Instruct-FP8",
  "framework": "trt",
  "precision": "fp8",
  "tput_per_gpu": 8139.260472996085,
  "mean_ttft": 1.0294391358245776,
  "median_ttft": 0.678124861093238,
  "std_ttft": 1.2320743069312945,
  "p99_ttft": 6.749924377487041,
  "mean_tpot": 0.029462931364914412,
  "mean_intvty": 33.94095406239307,
  "median_tpot": 0.02994672697440818,
  "median_intvty": 33.392630882652995,
  "std_tpot": 0.0019269729963173042,
  "std_intvty": 518.9486318236582,
  "p99_tpot": 0.032867302188447224,
  "p99_intvty": 30.42537517276053,
  "mean_itl": 0.29318770572168823,
  "median_itl": 0.2312951274216175,
  "std_itl": 0.17853396032288885,
  "p99_itl": 0.7234635942173184,
  "mean_e2el": 28.133268051080087,
  "median_e2el": 28.068066139589064,
  "std_e2el": 2.93386676025306,
  "p99_e2el": 35.668934421725574
}