{
  "hw": "mi300x",
  "tp": 8,
  "conc": 64,
  "model": "amd/Llama-3.3-70B-Instruct-FP8-KV",
  "framework": "vllm",
  "precision": "fp8",
  "tput_per_gpu": 561.3656598202305,
  "mean_ttft": 0.3512349798187643,
  "median_ttft": 0.13872764038387686,
  "std_ttft": 0.638405975786566,
  "p99_ttft": 2.7228378580952994,
  "mean_tpot": 0.015518018453207744,
  "mean_intvty": 64.44121735100072,
  "median_tpot": 0.015637563909675016,
  "median_intvty": 63.94857957263385,
  "std_tpot": 0.00038891795699416644,
  "std_intvty": 2571.236380363377,
  "p99_tpot": 0.0158765083336668,
  "p99_intvty": 62.986141472899185,
  "mean_itl": 0.015535245247297184,
  "median_itl": 0.014850986422970891,
  "std_itl": 0.009075709051581362,
  "p99_itl": 0.029559954213909806,
  "mean_e2el": 114.977604928652,
  "median_e2el": 114.56717086746357,
  "std_e2el": 8.207609573234086,
  "p99_e2el": 129.39308985389303
}