{
  "hw": "mi300x",
  "tp": 8,
  "conc": 32,
  "model": "amd/Llama-3.3-70B-Instruct-FP8-KV",
  "framework": "vllm",
  "precision": "fp8",
  "tput_per_gpu": 342.2274859483869,
  "mean_ttft": 0.28574979450413596,
  "median_ttft": 0.13823595049325377,
  "std_ttft": 0.4476460880978365,
  "p99_ttft": 1.6733134661210352,
  "mean_tpot": 0.012758972800343622,
  "mean_intvty": 78.37621536218559,
  "median_tpot": 0.012821434766248412,
  "median_intvty": 77.99439128547723,
  "std_tpot": 0.00018747385114496341,
  "std_intvty": 5334.077226731497,
  "p99_tpot": 0.012950375882867696,
  "p99_intvty": 77.217835918023,
  "mean_itl": 0.012761373630590687,
  "median_itl": 0.012479737983085215,
  "std_itl": 0.005524972885941738,
  "p99_itl": 0.013087979092961177,
  "mean_e2el": 94.91097621075023,
  "median_e2el": 95.30699852250109,
  "std_e2el": 6.21356751587816,
  "p99_e2el": 105.08501299276453
}