{
  "hw": "mi300x",
  "tp": 4,
  "conc": 4,
  "model": "amd/Llama-3.3-70B-Instruct-FP8-KV",
  "framework": "vllm",
  "precision": "fp8",
  "tput_per_gpu": 174.2343053586104,
  "mean_ttft": 0.18890820284723303,
  "median_ttft": 0.1282740804599598,
  "std_ttft": 0.20550942615479864,
  "p99_ttft": 0.9106099142087624,
  "mean_tpot": 0.01098682345006191,
  "mean_intvty": 91.01811861683872,
  "median_tpot": 0.011007573352731738,
  "median_intvty": 90.8465442796101,
  "std_tpot": 0.00016976647989379534,
  "std_intvty": 5890.444336394279,
  "p99_tpot": 0.011443654864843333,
  "p99_intvty": 87.38466965411143,
  "mean_itl": 0.011289746245288826,
  "median_itl": 0.010689429938793182,
  "std_itl": 0.00762954749628118,
  "p99_itl": 0.0216562029812485,
  "mean_e2el": 10.260490618197945,
  "median_e2el": 10.324097769567743,
  "std_e2el": 0.7415831704211607,
  "p99_e2el": 11.899848577557131
}