{
  "hw": "mi325x",
  "tp": 4,
  "conc": 32,
  "model": "amd/Llama-3.3-70B-Instruct-FP8-KV",
  "framework": "vllm",
  "precision": "fp8",
  "tput_per_gpu": 890.8291538007375,
  "mean_ttft": 0.37372647753509225,
  "median_ttft": 0.13739969686139375,
  "std_ttft": 0.6841254116742397,
  "p99_ttft": 2.4660385164571927,
  "mean_tpot": 0.017043928921030196,
  "mean_intvty": 58.67191799691901,
  "median_tpot": 0.017255318900490698,
  "median_intvty": 57.953145100758604,
  "std_tpot": 0.0006786569413348803,
  "std_intvty": 1473.4985219970724,
  "p99_tpot": 0.017886133471779777,
  "p99_intvty": 55.909232790741,
  "mean_itl": 0.01705358426843504,
  "median_itl": 0.014817503048107028,
  "std_itl": 0.013632248704406096,
  "p99_itl": 0.09382252297364176,
  "mean_e2el": 16.10890847699047,
  "median_e2el": 16.09913998353295,
  "std_e2el": 1.3052421229823339,
  "p99_e2el": 19.443411680089778
}