{
  "hw": "h200",
  "tp": 8,
  "conc": 8,
  "model": "nvidia/Llama-3.3-70B-Instruct-FP8",
  "framework": "vllm",
  "precision": "fp8",
  "tput_per_gpu": 129.52336922416958,
  "mean_ttft": 0.08467667754739523,
  "median_ttft": 0.07033885968849063,
  "std_ttft": 0.050232455322558864,
  "p99_ttft": 0.2759311861125752,
  "mean_tpot": 0.008440412539365933,
  "mean_intvty": 118.47762124612012,
  "median_tpot": 0.00844997796795033,
  "median_intvty": 118.34350382839698,
  "std_tpot": 3.420910694821639e-05,
  "std_intvty": 29231.982042493473,
  "p99_tpot": 0.008472385697350697,
  "p99_intvty": 118.03050943640332,
  "mean_itl": 0.008440809275795332,
  "median_itl": 0.008411640068516135,
  "std_itl": 0.0011490223502348107,
  "p99_itl": 0.008858698010444642,
  "mean_e2el": 62.183710368088214,
  "median_e2el": 62.313483249628916,
  "std_e2el": 3.8956792004234733,
  "p99_e2el": 69.2383345819125
}