{
  "hw": "mi300x",
  "tp": 1,
  "conc": 8,
  "model": "amd/Llama-3.3-70B-Instruct-FP8-KV",
  "framework": "vllm",
  "precision": "fp8",
  "tput_per_gpu": 1397.5858710416285,
  "mean_ttft": 3.0017440861905924,
  "median_ttft": 2.3859212463721633,
  "std_ttft": 2.148529202658493,
  "p99_ttft": 10.409434154620394,
  "mean_tpot": 0.04695548517165251,
  "mean_intvty": 21.29676642344034,
  "median_tpot": 0.04790632285636799,
  "median_intvty": 20.874071320359626,
  "std_tpot": 0.004772416819955683,
  "std_intvty": 209.53743935746294,
  "p99_tpot": 0.054434433835870225,
  "p99_intvty": 18.37072473308316,
  "mean_itl": 0.04709453696625721,
  "median_itl": 0.0317614171653986,
  "std_itl": 0.18944650825610307,
  "p99_itl": 0.03257757503539323,
  "mean_e2el": 46.557715088641274,
  "median_e2el": 46.55133589031175,
  "std_e2el": 5.966869430531213,
  "p99_e2el": 59.098778838785364
}