{
  "hw": "mi300x",
  "tp": 2,
  "conc": 16,
  "model": "amd/Llama-3.3-70B-Instruct-FP8-KV",
  "framework": "vllm",
  "precision": "fp8",
  "tput_per_gpu": 451.61009225323903,
  "mean_ttft": 0.35948449230199914,
  "median_ttft": 0.183624180033803,
  "std_ttft": 0.5434658885960802,
  "p99_ttft": 2.044622305063531,
  "mean_tpot": 0.019340841380324138,
  "mean_intvty": 51.70405880156392,
  "median_tpot": 0.01937876812996472,
  "median_intvty": 51.6028672872005,
  "std_tpot": 0.0001422868341514129,
  "std_intvty": 7028.057135179924,
  "p99_tpot": 0.01950197860388643,
  "p99_intvty": 51.276848380949204,
  "mean_itl": 0.019342364721826787,
  "median_itl": 0.0191705139586702,
  "std_itl": 0.005444548501182686,
  "p99_itl": 0.02011531130410731,
  "mean_e2el": 143.0476252899447,
  "median_e2el": 143.5223099240102,
  "std_e2el": 9.68903214436455,
  "p99_e2el": 159.00430523846765
}