{
  "hw": "h200-trt",
  "tp": 2,
  "conc": 16,
  "model": "nvidia/Llama-3.3-70B-Instruct-FP8",
  "framework": "trt",
  "precision": "fp8",
  "tput_per_gpu": 633.5510688086798,
  "mean_ttft": 0.19401967314770446,
  "median_ttft": 0.09768722858279943,
  "std_ttft": 0.29219397364597605,
  "p99_ttft": 1.099480047961697,
  "mean_tpot": 0.013782595203762738,
  "mean_intvty": 72.55527607217206,
  "median_tpot": 0.013804357440905576,
  "median_intvty": 72.44089442633262,
  "std_tpot": 8.137659478841657e-05,
  "std_intvty": 12288.54565124103,
  "p99_tpot": 0.01389028380746609,
  "p99_intvty": 71.992769468288,
  "mean_itl": 0.13773345373647966,
  "median_itl": 0.1372190210968256,
  "std_itl": 0.009521965000917381,
  "p99_itl": 0.19211547747254362,
  "mean_e2el": 101.87315916585503,
  "median_e2el": 102.18290080456063,
  "std_e2el": 6.849634429667597,
  "p99_e2el": 113.0327677224949
}