{
  "hw": "h200",
  "tp": 2,
  "conc": 8,
  "model": "nvidia/Llama-3.3-70B-Instruct-FP8",
  "framework": "vllm",
  "precision": "fp8",
  "tput_per_gpu": 294.47603263305245,
  "mean_ttft": 0.15797755602397956,
  "median_ttft": 0.11697864974848926,
  "std_ttft": 0.13708291482406518,
  "p99_ttft": 0.6011966148158535,
  "mean_tpot": 0.014843184562000311,
  "mean_intvty": 67.37098739310137,
  "median_tpot": 0.014852583241549595,
  "median_intvty": 67.32835519160963,
  "std_tpot": 7.815652577606936e-05,
  "std_intvty": 12794.83690031407,
  "p99_tpot": 0.014956354639887117,
  "p99_intvty": 66.86121211201419,
  "mean_itl": 0.014844215317578072,
  "median_itl": 0.014761081896722317,
  "std_itl": 0.002354817291338571,
  "p99_itl": 0.016219473597593608,
  "mean_e2el": 109.3668694984226,
  "median_e2el": 109.56991341337562,
  "std_e2el": 6.896165507381474,
  "p99_e2el": 122.02983807065525
}