{
  "hw": "mi325x",
  "tp": 4,
  "conc": 4,
  "model": "amd/Llama-3.3-70B-Instruct-FP8-KV",
  "framework": "vllm",
  "precision": "fp8",
  "tput_per_gpu": 159.36223192350508,
  "mean_ttft": 0.16132929775631055,
  "median_ttft": 0.11400613153818995,
  "std_ttft": 0.14518221611764065,
  "p99_ttft": 0.628925756770186,
  "mean_tpot": 0.012066129276363347,
  "mean_intvty": 82.87661909597853,
  "median_tpot": 0.012092143390373178,
  "median_intvty": 82.6983246655942,
  "std_tpot": 0.00012549419021167755,
  "std_intvty": 7968.496376710733,
  "p99_tpot": 0.012173809509693314,
  "p99_intvty": 82.14355573772998,
  "mean_itl": 0.012066920719960388,
  "median_itl": 0.011852978961542249,
  "std_itl": 0.0037002280301249523,
  "p99_itl": 0.01284067970700562,
  "mean_e2el": 11.223376825533341,
  "median_e2el": 11.299414311069995,
  "std_e2el": 0.7919150901867303,
  "p99_e2el": 12.795261198906228
}