{
  "hw": "b200",
  "tp": 8,
  "conc": 64,
  "model": "nvidia/Llama-3.3-70B-Instruct-FP8",
  "framework": "vllm",
  "precision": "fp8",
  "tput_per_gpu": 1252.2879645268283,
  "mean_ttft": 0.2577821239938203,
  "median_ttft": 0.09131195954978466,
  "std_ttft": 0.4566326246173676,
  "p99_ttft": 1.9843528105830774,
  "mean_tpot": 0.012165282248707904,
  "mean_intvty": 82.20113430629294,
  "median_tpot": 0.011707404788743722,
  "median_intvty": 85.41602669803187,
  "std_tpot": 0.001702323800668503,
  "std_intvty": 587.4323084758021,
  "p99_tpot": 0.015206559324738435,
  "p99_intvty": 65.76109550127973,
  "mean_itl": 0.01218076495667652,
  "median_itl": 0.008558422094210982,
  "std_itl": 0.037725870535559834,
  "p99_itl": 0.06612077213358135,
  "mean_e2el": 11.474001676917032,
  "median_e2el": 11.280176611966453,
  "std_e2el": 1.742768503152497,
  "p99_e2el": 15.096610424520915
}