{
  "hw": "b200-trt",
  "tp": 1,
  "conc": 8,
  "model": "nvidia/Llama-3.3-70B-Instruct-FP8",
  "framework": "trt",
  "precision": "fp8",
  "tput_per_gpu": 1015.0590673928523,
  "mean_ttft": 0.4099549503516755,
  "median_ttft": 0.381073412951082,
  "std_ttft": 0.12396360318642922,
  "p99_ttft": 0.7624882229079958,
  "mean_tpot": 0.014908657341943665,
  "mean_intvty": 67.07512132475026,
  "median_tpot": 0.01494289684229258,
  "median_intvty": 66.92142832504338,
  "std_tpot": 0.00011174031874862557,
  "std_intvty": 8949.321168929459,
  "p99_tpot": 0.015088892579058492,
  "p99_intvty": 66.27391604522892,
  "mean_itl": 0.1482255029601996,
  "median_itl": 0.14570138393901289,
  "std_itl": 0.01694693684259615,
  "p99_itl": 0.23379769477993237,
  "mean_e2el": 14.248658302224067,
  "median_e2el": 14.354516648454592,
  "std_e2el": 0.9162078210153167,
  "p99_e2el": 15.709935395303182
}