{
  "hw": "mi300x",
  "tp": 4,
  "conc": 32,
  "model": "amd/Llama-3.3-70B-Instruct-FP8-KV",
  "framework": "vllm",
  "precision": "fp8",
  "tput_per_gpu": 901.3709728283316,
  "mean_ttft": 0.36438051717996134,
  "median_ttft": 0.14354189345613122,
  "std_ttft": 0.6090355287048184,
  "p99_ttft": 2.2520822647120804,
  "mean_tpot": 0.01690450530508713,
  "mean_intvty": 59.1558275117975,
  "median_tpot": 0.017144340106576707,
  "median_intvty": 58.32828757383272,
  "std_tpot": 0.0008277464192647517,
  "std_intvty": 1208.0994574259266,
  "p99_tpot": 0.0178874464694505,
  "p99_intvty": 55.90512886833085,
  "mean_itl": 0.016914969131786153,
  "median_itl": 0.014423427172005177,
  "std_itl": 0.015394250783181926,
  "p99_itl": 0.10158658754080535,
  "mean_e2el": 15.971663627328235,
  "median_e2el": 15.984570811036974,
  "std_e2el": 1.3413305938631197,
  "p99_e2el": 19.05928507124074
}