{
  "hw": "mi300x",
  "tp": 4,
  "conc": 32,
  "model": "amd/Llama-3.3-70B-Instruct-FP8-KV",
  "framework": "vllm",
  "precision": "fp8",
  "tput_per_gpu": 516.4739617563304,
  "mean_ttft": 0.33935639941191764,
  "median_ttft": 0.13723347056657076,
  "std_ttft": 0.6170103306563984,
  "p99_ttft": 2.2256567692849787,
  "mean_tpot": 0.01692972091579832,
  "mean_intvty": 59.06771912978372,
  "median_tpot": 0.016994139044022506,
  "median_intvty": 58.84381653048428,
  "std_tpot": 0.00023313812286423986,
  "std_intvty": 4289.302786324296,
  "p99_tpot": 0.017220397258592875,
  "p99_intvty": 58.07066962412879,
  "mean_itl": 0.016932037464898134,
  "median_itl": 0.016630280762910843,
  "std_itl": 0.005542588454041325,
  "p99_itl": 0.018290385697036983,
  "mean_e2el": 125.8899378505128,
  "median_e2el": 126.25278793182224,
  "std_e2el": 8.140665139574933,
  "p99_e2el": 139.7829846760817
}