{
  "hw": "h200",
  "tp": 4,
  "conc": 4,
  "model": "nvidia/Llama-3.3-70B-Instruct-FP8",
  "framework": "vllm",
  "precision": "fp8",
  "tput_per_gpu": 111.10060298590504,
  "mean_ttft": 0.09561855748761446,
  "median_ttft": 0.08683533687144518,
  "std_ttft": 0.030043366987216352,
  "p99_ttft": 0.2049774641729891,
  "mean_tpot": 0.009971545090124597,
  "mean_intvty": 100.28536109116715,
  "median_tpot": 0.009974865908431958,
  "median_intvty": 100.25197423001742,
  "std_tpot": 2.4674954356555017e-05,
  "std_intvty": 40526.924003583634,
  "p99_tpot": 0.010009880444060157,
  "p99_intvty": 99.90129308621243,
  "mean_itl": 0.00997180668794984,
  "median_itl": 0.009938329458236694,
  "std_itl": 0.0011300758914573094,
  "p99_itl": 0.010945551609620458,
  "mean_e2el": 72.50140531677752,
  "median_e2el": 71.81770628504455,
  "std_e2el": 4.5566829701239895,
  "p99_e2el": 81.01553217615933
}