{
  "hw": "mi300x",
  "tp": 8,
  "conc": 8,
  "model": "amd/Llama-3.3-70B-Instruct-FP8-KV",
  "framework": "vllm",
  "precision": "fp8",
  "tput_per_gpu": 648.9718748862309,
  "mean_ttft": 0.710099418903701,
  "median_ttft": 0.5016171005554497,
  "std_ttft": 0.592986142456837,
  "p99_ttft": 2.722780299494043,
  "mean_tpot": 0.012722008519976851,
  "mean_intvty": 78.60394044145944,
  "median_tpot": 0.012944583125131724,
  "median_intvty": 77.25239123834852,
  "std_tpot": 0.0009847339228682339,
  "std_intvty": 1015.5027432052921,
  "p99_tpot": 0.014016394158187511,
  "p99_intvty": 71.34502559746166,
  "mean_itl": 0.012750924972563265,
  "median_itl": 0.009901167824864388,
  "std_itl": 0.036684797098038985,
  "p99_itl": 0.010730646550655365,
  "mean_e2el": 12.502951578760985,
  "median_e2el": 12.45128146186471,
  "std_e2el": 1.3706533736655393,
  "p99_e2el": 15.277590181771663
}