{
  "hw": "h200",
  "tp": 1,
  "conc": 4,
  "model": "nvidia/Llama-3.3-70B-Instruct-FP8",
  "framework": "vllm",
  "precision": "fp8",
  "tput_per_gpu": 358.6752662920311,
  "mean_ttft": 0.202808371395804,
  "median_ttft": 0.17445052973926067,
  "std_ttft": 0.09467378587178382,
  "p99_ttft": 0.48641024019569157,
  "mean_tpot": 0.02147337992107925,
  "mean_intvty": 46.56928735370413,
  "median_tpot": 0.021506287217119363,
  "median_intvty": 46.49803054820096,
  "std_tpot": 0.00012470258077770344,
  "std_intvty": 8019.080228841566,
  "p99_tpot": 0.021635387299675134,
  "p99_intvty": 46.22057308930243,
  "mean_itl": 0.021479462803313275,
  "median_itl": 0.021152161993086338,
  "std_itl": 0.00591426970585108,
  "p99_itl": 0.021699322760105135,
  "mean_e2el": 19.889272880298087,
  "median_e2el": 20.049826425034553,
  "std_e2el": 1.3677334238020722,
  "p99_e2el": 22.156556579899043
}