{
  "hw": "mi300x",
  "tp": 2,
  "conc": 32,
  "model": "openai/gpt-oss-120b",
  "framework": "vllm",
  "precision": "fp4",
  "tput_per_gpu": 1458.934746191516,
  "mean_ttft": 0.38902857878274516,
  "median_ttft": 0.09126374940387905,
  "std_ttft": 0.8965216203496806,
  "p99_ttft": 4.021313087530436,
  "mean_tpot": 0.012020593177069282,
  "mean_intvty": 83.19057015485888,
  "median_tpot": 0.012142786825852691,
  "median_intvty": 82.35341806964301,
  "std_tpot": 0.0006282701316018625,
  "std_intvty": 1591.6720367564828,
  "p99_tpot": 0.01316474210191127,
  "p99_intvty": 75.96047019066322,
  "mean_itl": 0.012023181706265106,
  "median_itl": 0.011885123327374458,
  "std_itl": 0.005220609467945674,
  "p99_itl": 0.01379708992317319,
  "mean_e2el": 89.54058262333274,
  "median_e2el": 89.76875616214238,
  "std_e2el": 7.2088963505031405,
  "p99_e2el": 105.23585371371824
}