{
  "hw": "h200",
  "tp": 2,
  "conc": 8,
  "model": "nvidia/Llama-3.3-70B-Instruct-FP8",
  "framework": "vllm",
  "precision": "fp8",
  "tput_per_gpu": 532.173044932185,
  "mean_ttft": 0.15022976336767896,
  "median_ttft": 0.11129491403698921,
  "std_ttft": 0.1269801096245938,
  "p99_ttft": 0.5930539573915303,
  "mean_tpot": 0.014472621823283044,
  "mean_intvty": 69.09598082575717,
  "median_tpot": 0.014520254312365687,
  "median_intvty": 68.86931719566259,
  "std_tpot": 0.0001611383605378381,
  "std_intvty": 6205.846929696065,
  "p99_tpot": 0.014723127204613171,
  "p99_intvty": 67.92035320367754,
  "mean_itl": 0.014475945616059428,
  "median_itl": 0.014002264477312565,
  "std_itl": 0.006098600392494652,
  "p99_itl": 0.016147203138098132,
  "mean_e2el": 13.584992825484369,
  "median_e2el": 13.667159066069871,
  "std_e2el": 0.9086967863481239,
  "p99_e2el": 15.008686340861022
}