{
  "hw": "mi300x",
  "tp": 4,
  "conc": 32,
  "model": "amd/Llama-3.3-70B-Instruct-FP8-KV",
  "framework": "vllm",
  "precision": "fp8",
  "tput_per_gpu": 878.0178252342315,
  "mean_ttft": 0.34561328815761955,
  "median_ttft": 0.1310188714414835,
  "std_ttft": 0.6057019617823232,
  "p99_ttft": 2.222363852262497,
  "mean_tpot": 0.017364251104466454,
  "mean_intvty": 57.589584139495585,
  "median_tpot": 0.01759220822703008,
  "median_intvty": 56.84334718500658,
  "std_tpot": 0.0008582301090723812,
  "std_intvty": 1165.1886707643605,
  "p99_tpot": 0.01841857701230142,
  "p99_intvty": 54.293010764736,
  "mean_itl": 0.01737529114447261,
  "median_itl": 0.014754937961697578,
  "std_itl": 0.015403458836504211,
  "p99_itl": 0.10237950664013624,
  "mean_e2el": 16.377631388705048,
  "median_e2el": 16.36025929218158,
  "std_e2el": 1.3636486063931255,
  "p99_e2el": 19.35966259469744
}