{
  "hw": "mi300x",
  "tp": 4,
  "conc": 32,
  "model": "amd/Llama-3.3-70B-Instruct-FP8-KV",
  "framework": "vllm",
  "precision": "fp8",
  "tput_per_gpu": 1990.8043246409236,
  "mean_ttft": 1.674946144618025,
  "median_ttft": 0.5883974044991191,
  "std_ttft": 3.1005807845318296,
  "p99_ttft": 13.765295656920934,
  "mean_tpot": 0.033406220561826745,
  "mean_intvty": 29.934544620192657,
  "median_tpot": 0.034485422823333806,
  "median_intvty": 28.997759578675424,
  "std_tpot": 0.004244550562745418,
  "std_intvty": 235.5962039366519,
  "p99_tpot": 0.040537504549285244,
  "p99_intvty": 24.668514037024806,
  "mean_itl": 0.03348471867400162,
  "median_itl": 0.01875650600413792,
  "std_itl": 0.09657106752840086,
  "p99_itl": 0.5250085023720747,
  "mean_e2el": 32.62978952761559,
  "median_e2el": 32.692824116995325,
  "std_e2el": 5.065520240469326,
  "p99_e2el": 46.45477511882579
}