{
  "hw": "mi300x",
  "tp": 4,
  "conc": 64,
  "model": "openai/gpt-oss-120b",
  "framework": "vllm",
  "precision": "fp4",
  "tput_per_gpu": 7325.326061612967,
  "mean_ttft": 0.7682435813534539,
  "median_ttft": 0.2612022035755217,
  "std_ttft": 1.6634065015366364,
  "p99_ttft": 8.177774868165143,
  "mean_tpot": 0.018556092555366905,
  "mean_intvty": 53.8906559673725,
  "median_tpot": 0.018886205298371282,
  "median_intvty": 52.94869902140894,
  "std_tpot": 0.0020461701562062974,
  "std_intvty": 488.71790890257654,
  "p99_tpot": 0.023018398685458363,
  "p99_intvty": 43.443508545698265,
  "mean_itl": 0.018591073156355185,
  "median_itl": 0.011138888075947762,
  "std_itl": 0.03272083181137749,
  "p99_itl": 0.13354308403097093,
  "mean_e2el": 17.886177373615645,
  "median_e2el": 17.824969940586016,
  "std_e2el": 2.995247322868269,
  "p99_e2el": 27.771999149825426
}