{
  "hw": "mi300x",
  "tp": 8,
  "conc": 8,
  "model": "amd/Llama-3.3-70B-Instruct-FP8-KV",
  "framework": "vllm",
  "precision": "fp8",
  "tput_per_gpu": 693.3281284995809,
  "mean_ttft": 0.6888905662170146,
  "median_ttft": 0.4924606499262154,
  "std_ttft": 0.5271614942559819,
  "p99_ttft": 2.3332979258801787,
  "mean_tpot": 0.011885864487816353,
  "mean_intvty": 84.13355217241906,
  "median_tpot": 0.012096695222141077,
  "median_intvty": 82.66720634323819,
  "std_tpot": 0.0009275272802332859,
  "std_intvty": 1078.135405083165,
  "p99_tpot": 0.01334951079410213,
  "p99_intvty": 74.90911205838376,
  "mean_itl": 0.0122612361367553,
  "median_itl": 0.009096389054320753,
  "std_itl": 0.03689230828089989,
  "p99_itl": 0.02008877743501208,
  "mean_e2el": 11.70653063725913,
  "median_e2el": 11.738414728082716,
  "std_e2el": 1.305652100886347,
  "p99_e2el": 14.303461079390251
}