{
  "hw": "mi300x",
  "tp": 2,
  "conc": 64,
  "model": "openai/gpt-oss-120b",
  "framework": "vllm",
  "precision": "fp4",
  "tput_per_gpu": 2185.872411272181,
  "mean_ttft": 0.26810682376890327,
  "median_ttft": 0.10191496415063739,
  "std_ttft": 0.5114002696368867,
  "p99_ttft": 2.189526550616138,
  "mean_tpot": 0.016056820911965856,
  "mean_intvty": 62.2788287596071,
  "median_tpot": 0.016208590943324823,
  "median_intvty": 61.69567752660386,
  "std_tpot": 0.0008228823082229152,
  "std_intvty": 1215.240612183759,
  "p99_tpot": 0.017293032540912693,
  "p99_intvty": 57.82675754724636,
  "mean_itl": 0.016057592359413297,
  "median_itl": 0.015842248685657978,
  "std_itl": 0.008433699512768903,
  "p99_itl": 0.018167293267324566,
  "mean_e2el": 118.85397823392923,
  "median_e2el": 118.37070972332731,
  "std_e2el": 9.693532853762786,
  "p99_e2el": 138.50900132032578
}