{
  "hw": "b200-trt",
  "tp": 2,
  "conc": 128,
  "model": "nvidia/Llama-3.3-70B-Instruct-FP8",
  "framework": "trt",
  "precision": "fp8",
  "tput_per_gpu": 6490.621311915187,
  "mean_ttft": 0.6605070330844682,
  "median_ttft": 0.43113571096910164,
  "std_ttft": 0.8061653222259046,
  "p99_ttft": 4.370889561846853,
  "mean_tpot": 0.01844732036358257,
  "mean_intvty": 54.208415113456326,
  "median_tpot": 0.018789651732553016,
  "median_intvty": 53.220784197266575,
  "std_tpot": 0.0012352683409911794,
  "std_intvty": 809.5407020612217,
  "p99_tpot": 0.020438091749281805,
  "p99_intvty": 48.928246935535945,
  "mean_itl": 0.18357790553190625,
  "median_itl": 0.1438058009953238,
  "std_itl": 0.11147996272179646,
  "p99_itl": 0.4601703043607995,
  "mean_e2el": 17.631423747040845,
  "median_e2el": 17.630707719014026,
  "std_e2el": 1.8451849858085847,
  "p99_e2el": 22.280689037883427
}