{
  "hw": "h200",
  "tp": 1,
  "conc": 4,
  "model": "openai/gpt-oss-120b",
  "framework": "vllm",
  "precision": "fp4",
  "tput_per_gpu": 674.632027123104,
  "mean_ttft": 0.09256862184702186,
  "median_ttft": 0.08301309452508576,
  "std_ttft": 0.03697818982611584,
  "p99_ttft": 0.22207459740398916,
  "mean_tpot": 0.006579077296304775,
  "mean_intvty": 151.99699820545703,
  "median_tpot": 0.0067209032783574,
  "median_intvty": 148.78952405403484,
  "std_tpot": 0.00023298623059248315,
  "std_intvty": 4292.0991401809615,
  "p99_tpot": 0.006853512230289039,
  "p99_intvty": 145.91058808949205,
  "mean_itl": 0.006581754004792472,
  "median_itl": 0.006652297539403662,
  "std_itl": 0.0011702969359776482,
  "p99_itl": 0.007120946293580348,
  "mean_e2el": 47.88301337682496,
  "median_e2el": 47.19743931750418,
  "std_e2el": 3.696861180569292,
  "p99_e2el": 55.040868678303084
}