{
  "hw": "mi300x",
  "tp": 8,
  "conc": 8,
  "model": "deepseek-ai/DeepSeek-R1-0528",
  "framework": "sglang",
  "precision": "fp8",
  "tput_per_gpu": 43.57596809577265,
  "mean_ttft": 0.22023568809963762,
  "median_ttft": 0.14704749174416065,
  "std_ttft": 0.2636113882214239,
  "p99_ttft": 1.2343666328955443,
  "mean_tpot": 0.025092683490940217,
  "mean_intvty": 39.8522541585101,
  "median_tpot": 0.02511058343146396,
  "median_intvty": 39.82384569953815,
  "std_tpot": 0.00014782572266303144,
  "std_intvty": 6764.722552917931,
  "p99_tpot": 0.025320322508223924,
  "p99_intvty": 39.49396772790728,
  "mean_itl": 0.02509378498129975,
  "median_itl": 0.025064514484256506,
  "std_itl": 0.0034161390964657957,
  "p99_itl": 0.025702624619007113,
  "mean_e2el": 184.83521161678945,
  "median_e2el": 185.4836934376508,
  "std_e2el": 11.594283872857897,
  "p99_e2el": 206.0449738557357
}