{
  "hw": "mi355x",
  "tp": 2,
  "conc": 16,
  "model": "amd/Llama-3.3-70B-Instruct-MXFP4-Preview",
  "framework": "vllm",
  "precision": "fp4",
  "tput_per_gpu": 993.5213397754553,
  "mean_ttft": 0.6281875000262517,
  "median_ttft": 0.2209693379700184,
  "std_ttft": 1.082747831149168,
  "p99_ttft": 4.135956854219549,
  "mean_tpot": 0.015214709960769618,
  "mean_intvty": 65.72586678145366,
  "median_tpot": 0.015110078158319298,
  "median_intvty": 66.18099453373249,
  "std_tpot": 0.0010862911548878455,
  "std_intvty": 920.5635114494191,
  "p99_tpot": 0.01781972047941791,
  "p99_intvty": 56.11760303170959,
  "mean_itl": 0.01522273691359854,
  "median_itl": 0.011842516018077731,
  "std_itl": 0.03943622061156243,
  "p99_itl": 0.19159277584869414,
  "mean_e2el": 14.555374114176084,
  "median_e2el": 14.329326392035,
  "std_e2el": 1.928217510248968,
  "p99_e2el": 21.580199153863358
}