{
  "hw": "mi300x",
  "tp": 2,
  "conc": 16,
  "model": "amd/Llama-3.3-70B-Instruct-FP8-KV",
  "framework": "vllm",
  "precision": "fp8",
  "tput_per_gpu": 720.9119214393596,
  "mean_ttft": 0.3738928375998512,
  "median_ttft": 0.20072938548400998,
  "std_ttft": 0.5186898297978374,
  "p99_ttft": 1.9814348334725946,
  "mean_tpot": 0.0214058595642659,
  "mean_intvty": 46.716180539152965,
  "median_tpot": 0.02156496751867075,
  "median_intvty": 46.37150504095169,
  "std_tpot": 0.0006688025968842662,
  "std_intvty": 1495.2095052541283,
  "p99_tpot": 0.02222559687401333,
  "p99_intvty": 44.993167367721966,
  "mean_itl": 0.021415239202044634,
  "median_itl": 0.019432779401540756,
  "std_itl": 0.01690115412795542,
  "p99_itl": 0.14841942932456728,
  "mean_e2el": 19.966561182501028,
  "median_e2el": 19.93011758243665,
  "std_e2el": 1.5025465602315775,
  "p99_e2el": 22.86451708458364
}