{
  "hw": "mi300x",
  "tp": 4,
  "conc": 64,
  "model": "amd/Llama-3.3-70B-Instruct-FP8-KV",
  "framework": "vllm",
  "precision": "fp8",
  "tput_per_gpu": 2537.0386427985686,
  "mean_ttft": 2.522280050787958,
  "median_ttft": 0.9989224756136537,
  "std_ttft": 5.28454185718022,
  "p99_ttft": 26.430687703248115,
  "mean_tpot": 0.0533901279192238,
  "mean_intvty": 18.7300543934441,
  "median_tpot": 0.0554713033189794,
  "median_intvty": 18.02733918562631,
  "std_tpot": 0.008053962067560651,
  "std_intvty": 124.16249190292942,
  "p99_tpot": 0.06723142134074704,
  "p99_intvty": 14.873997604955118,
  "mean_itl": 0.053526008905731386,
  "median_itl": 0.023657833226025105,
  "std_itl": 0.14970465992037468,
  "p99_itl": 0.5621869979240001,
  "mean_e2el": 51.80693782940652,
  "median_e2el": 52.29218802927062,
  "std_e2el": 9.148758947950382,
  "p99_e2el": 76.4614862542227
}