{
  "hw": "h200-trt",
  "tp": 8,
  "conc": 4,
  "model": "deepseek-ai/DeepSeek-R1-0528",
  "framework": "trt",
  "precision": "fp8",
  "tput_per_gpu": 26.935854007570796,
  "mean_ttft": 0.6104517090250738,
  "median_ttft": 0.25035350304096937,
  "std_ttft": 1.0192001963666182,
  "p99_ttft": 3.676627656552009,
  "mean_tpot": 0.020569405263772968,
  "mean_intvty": 48.615892738581486,
  "median_tpot": 0.02034744281869017,
  "median_intvty": 49.14622485541272,
  "std_tpot": 0.0012327508215685971,
  "std_intvty": 811.1939432557534,
  "p99_tpot": 0.023218860648120093,
  "p99_intvty": 43.06843540494588,
  "mean_itl": 0.2055225963583331,
  "median_itl": 0.20162198320031166,
  "std_itl": 0.026635564926825058,
  "p99_itl": 0.24895491374190898,
  "mean_e2el": 149.95344613173512,
  "median_e2el": 149.3557200296782,
  "std_e2el": 12.668932519156582,
  "p99_e2el": 178.9944158979645
}