{
  "hw": "mi300x",
  "tp": 2,
  "conc": 4,
  "model": "amd/Llama-3.3-70B-Instruct-FP8-KV",
  "framework": "vllm",
  "precision": "fp8",
  "tput_per_gpu": 749.8450208497155,
  "mean_ttft": 1.325326274870895,
  "median_ttft": 1.1982274721376598,
  "std_ttft": 0.5175835420994684,
  "p99_ttft": 3.516877671936527,
  "mean_tpot": 0.02206384967023318,
  "mean_intvty": 45.32300640849279,
  "median_tpot": 0.022322278211699964,
  "median_intvty": 44.79829480289613,
  "std_tpot": 0.0011058941994054315,
  "std_intvty": 904.2456326632656,
  "p99_tpot": 0.023778911660934484,
  "p99_intvty": 42.05406934762552,
  "mean_itl": 0.02206168270895457,
  "median_itl": 0.01870287675410509,
  "std_itl": 0.06200131614768985,
  "p99_itl": 0.019167519435286523,
  "mean_e2el": 21.602770181093366,
  "median_e2el": 21.35610899562016,
  "std_e2el": 1.7478324488393906,
  "p99_e2el": 25.32797679696232
}