{
  "hw": "mi300x",
  "tp": 1,
  "conc": 64,
  "model": "openai/gpt-oss-120b",
  "framework": "vllm",
  "precision": "fp4",
  "tput_per_gpu": 11550.393048872285,
  "mean_ttft": 1.62580406215493,
  "median_ttft": 0.4349732880946249,
  "std_ttft": 3.649399566004772,
  "p99_ttft": 18.554146695584063,
  "mean_tpot": 0.04750954565017558,
  "mean_intvty": 21.048401669913765,
  "median_tpot": 0.04862165963470483,
  "median_intvty": 20.566965576926275,
  "std_tpot": 0.005232005204276795,
  "std_intvty": 191.131308352402,
  "p99_tpot": 0.057201234029884286,
  "p99_intvty": 17.482140323713274,
  "mean_itl": 0.04759685256531584,
  "median_itl": 0.028438094072043896,
  "std_itl": 0.07503380976053614,
  "p99_itl": 0.34564987567253413,
  "mean_e2el": 45.451126484948325,
  "median_e2el": 45.6058395113796,
  "std_e2el": 7.114403721255035,
  "p99_e2el": 66.54494783878793
}