{
  "hw": "mi300x",
  "tp": 4,
  "conc": 4,
  "model": "amd/Llama-3.3-70B-Instruct-FP8-KV",
  "framework": "vllm",
  "precision": "fp8",
  "tput_per_gpu": 646.0550120266141,
  "mean_ttft": 0.7597334529506042,
  "median_ttft": 0.6750870505347848,
  "std_ttft": 0.30526651545248984,
  "p99_ttft": 1.9038959055952722,
  "mean_tpot": 0.012794625227980097,
  "mean_intvty": 78.1578187857458,
  "median_tpot": 0.01294802051241966,
  "median_intvty": 77.23188259091853,
  "std_tpot": 0.000542423406517831,
  "std_intvty": 1843.5782600526975,
  "p99_tpot": 0.013581393659156768,
  "p99_intvty": 73.63014614673111,
  "mean_itl": 0.012796304514487227,
  "median_itl": 0.010988456662744284,
  "std_itl": 0.03313074362791805,
  "p99_itl": 0.011650631949305528,
  "mean_e2el": 12.520176676381379,
  "median_e2el": 12.303081455640495,
  "std_e2el": 0.989230013098648,
  "p99_e2el": 14.860315835420042
}