{
  "hw": "mi300x",
  "tp": 1,
  "conc": 32,
  "model": "amd/Llama-3.3-70B-Instruct-FP8-KV",
  "framework": "vllm",
  "precision": "fp8",
  "tput_per_gpu": 3298.159024294729,
  "mean_ttft": 4.462053026940703,
  "median_ttft": 1.4513435879489407,
  "std_ttft": 8.976722219645719,
  "p99_ttft": 39.40797960202676,
  "mean_tpot": 0.08034972925569413,
  "mean_intvty": 12.445592651815105,
  "median_tpot": 0.08311555389345412,
  "median_intvty": 12.031442409466472,
  "std_tpot": 0.011015727571075194,
  "std_intvty": 90.77929656010862,
  "p99_tpot": 0.09885635471250444,
  "p99_intvty": 10.115687584356264,
  "mean_itl": 0.08054180734851862,
  "median_itl": 0.042428061133250594,
  "std_itl": 0.253554386843776,
  "p99_itl": 1.36700142796617,
  "mean_e2el": 78.91867494474718,
  "median_e2el": 78.96670265402645,
  "std_e2el": 13.264081702977533,
  "p99_e2el": 116.47181105010911
}