{
  "hw": "mi325x",
  "tp": 4,
  "conc": 32,
  "model": "amd/Llama-3.3-70B-Instruct-FP8-KV",
  "framework": "vllm",
  "precision": "fp8",
  "tput_per_gpu": 868.7984322459652,
  "mean_ttft": 0.3791624510835391,
  "median_ttft": 0.14209574298001826,
  "std_ttft": 0.6820586000349901,
  "p99_ttft": 2.499609722031746,
  "mean_tpot": 0.017489874619917866,
  "mean_intvty": 57.17593874922221,
  "median_tpot": 0.017717547459164665,
  "median_intvty": 56.44122033846932,
  "std_tpot": 0.000721027149456414,
  "std_intvty": 1386.9103275152747,
  "p99_tpot": 0.01841534512560972,
  "p99_intvty": 54.30253916932175,
  "mean_itl": 0.017500315641222695,
  "median_itl": 0.015159301925450563,
  "std_itl": 0.014617139795833881,
  "p99_itl": 0.09746137307956837,
  "mean_e2el": 16.526539294100075,
  "median_e2el": 16.516111469478346,
  "std_e2el": 1.3474323455850463,
  "p99_e2el": 19.932797940766907
}