{
  "hw": "h200",
  "tp": 1,
  "conc": 8,
  "model": "nvidia/Llama-3.3-70B-Instruct-FP8",
  "framework": "vllm",
  "precision": "fp8",
  "tput_per_gpu": 682.0040303025784,
  "mean_ttft": 0.24562792498691124,
  "median_ttft": 0.1774473985133227,
  "std_ttft": 0.200843754039252,
  "p99_ttft": 1.0276201285189017,
  "mean_tpot": 0.02257840917198204,
  "mean_intvty": 44.29009999698819,
  "median_tpot": 0.02264027177275787,
  "median_intvty": 44.16908109748311,
  "std_tpot": 0.0002865434663180488,
  "std_intvty": 3489.8719305993545,
  "p99_tpot": 0.02290989720186282,
  "p99_intvty": 43.649257401237456,
  "mean_itl": 0.022583350731030263,
  "median_itl": 0.021767611004179344,
  "std_itl": 0.009433786458270262,
  "p99_itl": 0.02360457851900721,
  "mean_e2el": 21.20467099714806,
  "median_e2el": 21.31399427948054,
  "std_e2el": 1.4232918168856867,
  "p99_e2el": 23.426291674042005
}