{
  "hw": "mi300x",
  "tp": 8,
  "conc": 64,
  "model": "amd/Llama-3.3-70B-Instruct-FP8-KV",
  "framework": "vllm",
  "precision": "fp8",
  "tput_per_gpu": 1781.8305616043947,
  "mean_ttft": 1.6923757747761556,
  "median_ttft": 0.6607154230587184,
  "std_ttft": 3.579236940716086,
  "p99_ttft": 17.796565496530384,
  "mean_tpot": 0.03805981096728286,
  "mean_intvty": 26.2744342282631,
  "median_tpot": 0.039534268609895104,
  "median_intvty": 25.29451119653971,
  "std_tpot": 0.0054143798294575265,
  "std_intvty": 184.6933594424592,
  "p99_tpot": 0.04726702971139244,
  "p99_intvty": 21.156396035585395,
  "mean_itl": 0.03815135032627655,
  "median_itl": 0.018060524947941303,
  "std_itl": 0.10033053442840338,
  "p99_itl": 0.3730318813212216,
  "mean_e2el": 36.820648725626235,
  "median_e2el": 37.2236160854809,
  "std_e2el": 6.250034071531438,
  "p99_e2el": 53.90296916374937
}