{
  "hw": "mi300x",
  "tp": 1,
  "conc": 4,
  "model": "openai/gpt-oss-120b",
  "framework": "vllm",
  "precision": "fp4",
  "tput_per_gpu": 510.4702671208956,
  "mean_ttft": 0.31337582552805543,
  "median_ttft": 0.1049970667809248,
  "std_ttft": 0.6387282340349155,
  "p99_ttft": 2.5763154312223198,
  "mean_tpot": 0.008665764076236909,
  "mean_intvty": 115.39663337272023,
  "median_tpot": 0.008812694543667635,
  "median_intvty": 113.47267229618784,
  "std_tpot": 0.0004653258400782729,
  "std_intvty": 2149.0317404934767,
  "p99_tpot": 0.009263558092787007,
  "p99_intvty": 107.94988167436892,
  "mean_itl": 0.008671220532875817,
  "median_itl": 0.008791862521320581,
  "std_itl": 0.002463793532818877,
  "p99_itl": 0.009469459699466826,
  "mean_e2el": 63.27554147555493,
  "median_e2el": 62.38853932265192,
  "std_e2el": 5.8620426408631205,
  "p99_e2el": 73.84058125006966
}