{
  "hw": "mi300x",
  "tp": 1,
  "conc": 8,
  "model": "openai/gpt-oss-120b",
  "framework": "vllm",
  "precision": "fp4",
  "tput_per_gpu": 5313.450276902558,
  "mean_ttft": 0.6115176430786959,
  "median_ttft": 0.3658690075390041,
  "std_ttft": 0.606340350386281,
  "p99_ttft": 3.0399503786489355,
  "mean_tpot": 0.012547746778102534,
  "mean_intvty": 79.69558341304204,
  "median_tpot": 0.01263656242268498,
  "median_intvty": 79.13544574470775,
  "std_tpot": 0.0007995909887471828,
  "std_intvty": 1250.6394069883436,
  "p99_tpot": 0.014153209914257628,
  "p99_intvty": 70.65534999185041,
  "mean_itl": 0.012576303572284944,
  "median_itl": 0.0104677090421319,
  "std_itl": 0.02730075280580327,
  "p99_itl": 0.012171940691769122,
  "mean_e2el": 12.238467126421165,
  "median_e2el": 12.266971519682556,
  "std_e2el": 1.3663082875267794,
  "p99_e2el": 15.511038218438623
}