{
  "hw": "h200",
  "tp": 2,
  "conc": 8,
  "model": "openai/gpt-oss-120b",
  "framework": "vllm",
  "precision": "fp4",
  "tput_per_gpu": 702.0156020071929,
  "mean_ttft": 0.07133451601257548,
  "median_ttft": 0.058675380889326334,
  "std_ttft": 0.0444709813172393,
  "p99_ttft": 0.23888839471153914,
  "mean_tpot": 0.00625329227091648,
  "mean_intvty": 159.9157622379036,
  "median_tpot": 0.0062699017340297975,
  "median_intvty": 159.49213279891055,
  "std_tpot": 0.00018709634010971148,
  "std_intvty": 5344.839986787607,
  "p99_tpot": 0.006552664453875183,
  "p99_intvty": 152.60967611558524,
  "mean_itl": 0.00625677908664085,
  "median_itl": 0.006241357885301113,
  "std_itl": 0.0011284548995379772,
  "p99_itl": 0.006956730298697946,
  "mean_e2el": 46.085486586333715,
  "median_e2el": 46.21589247742668,
  "std_e2el": 3.2808232236533037,
  "p99_e2el": 52.20016480636783
}