{
  "hw": "mi300x",
  "tp": 1,
  "conc": 16,
  "model": "amd/Llama-3.3-70B-Instruct-FP8-KV",
  "framework": "vllm",
  "precision": "fp8",
  "tput_per_gpu": 1695.4415667544267,
  "mean_ttft": 4.928418194569531,
  "median_ttft": 3.451161418808624,
  "std_ttft": 4.807610052690785,
  "p99_ttft": 20.171416099807246,
  "mean_tpot": 0.07824706754078921,
  "mean_intvty": 12.780031653949367,
  "median_tpot": 0.08221823502813043,
  "median_intvty": 12.162751969290714,
  "std_tpot": 0.01344150966338634,
  "std_intvty": 74.39640524337268,
  "p99_tpot": 0.09476393795333542,
  "p99_intvty": 10.55253740607983,
  "mean_itl": 0.07855787946713585,
  "median_itl": 0.03280294896103442,
  "std_itl": 0.3890643551977236,
  "p99_itl": 3.044368168502115,
  "mean_e2el": 76.74308551323774,
  "median_e2el": 78.44620122853667,
  "std_e2el": 12.916422253727864,
  "p99_e2el": 99.17030619024764
}