{
  "hw": "mi300x",
  "tp": 2,
  "conc": 8,
  "model": "amd/Llama-3.3-70B-Instruct-FP8-KV",
  "framework": "vllm",
  "precision": "fp8",
  "tput_per_gpu": 430.6260001407007,
  "mean_ttft": 0.25094648551312276,
  "median_ttft": 0.15970773645676672,
  "std_ttft": 0.2839089678033675,
  "p99_ttft": 1.2475496786134317,
  "mean_tpot": 0.01782186986368838,
  "mean_intvty": 56.11083503855426,
  "median_tpot": 0.017897972353881124,
  "median_intvty": 55.872250790640706,
  "std_tpot": 0.0002461369949381639,
  "std_intvty": 4062.7781299240546,
  "p99_tpot": 0.01809609707419854,
  "p99_intvty": 55.26053468323854,
  "mean_itl": 0.01782599953999828,
  "median_itl": 0.01710306666791439,
  "std_itl": 0.009225163606384547,
  "p99_itl": 0.01771641296800226,
  "mean_e2el": 16.79481069938629,
  "median_e2el": 16.872572935419157,
  "std_e2el": 1.1391204512872983,
  "p99_e2el": 18.648877383144573
}