{
  "hw": "h200",
  "tp": 8,
  "conc": 64,
  "model": "openai/gpt-oss-120b",
  "framework": "vllm",
  "precision": "fp4",
  "tput_per_gpu": 1177.5882404052456,
  "mean_ttft": 0.08853053883358371,
  "median_ttft": 0.048386682756245136,
  "std_ttft": 0.13347275282305873,
  "p99_ttft": 0.7034263864532113,
  "mean_tpot": 0.007405032038658288,
  "mean_intvty": 135.0433049822684,
  "median_tpot": 0.0074798899653649486,
  "median_intvty": 133.69180624720718,
  "std_tpot": 0.00017911632467522323,
  "std_intvty": 5582.964042016924,
  "p99_tpot": 0.0075707607173034685,
  "p99_intvty": 132.0871227265755,
  "mean_itl": 0.007406797014493121,
  "median_itl": 0.007320413365960121,
  "std_itl": 0.0015591055165072832,
  "p99_itl": 0.013664881084114306,
  "mean_e2el": 54.77563243040204,
  "median_e2el": 54.60207001119852,
  "std_e2el": 3.744361323093503,
  "p99_e2el": 61.568586192308
}