{
  "hw": "h200",
  "tp": 8,
  "conc": 8,
  "model": "deepseek-ai/DeepSeek-R1-0528",
  "framework": "sglang",
  "precision": "fp8",
  "tput_per_gpu": 78.04035783611542,
  "mean_ttft": 0.17349907322786748,
  "median_ttft": 0.13744334399234504,
  "std_ttft": 0.1064635879142424,
  "p99_ttft": 0.5172062684036791,
  "mean_tpot": 0.014042776257290201,
  "mean_intvty": 71.2109900263388,
  "median_tpot": 0.014035334172963947,
  "median_intvty": 71.24874888453208,
  "std_tpot": 0.00022680207476707566,
  "std_intvty": 4409.130741096588,
  "p99_tpot": 0.014594956634753709,
  "p99_intvty": 68.51681885911098,
  "mean_itl": 0.14033514458498653,
  "median_itl": 0.13994698401074857,
  "std_itl": 0.011699367472832541,
  "p99_itl": 0.1490263350034365,
  "mean_e2el": 103.48121554420213,
  "median_e2el": 103.89194158799364,
  "std_e2el": 6.5359306764306355,
  "p99_e2el": 115.1937345103704
}