{
  "hw": "mi300x",
  "tp": 8,
  "conc": 4,
  "model": "openai/gpt-oss-120b",
  "framework": "vllm",
  "precision": "fp4",
  "tput_per_gpu": 111.5890794207814,
  "mean_ttft": 0.264351553004235,
  "median_ttft": 0.04283136082813144,
  "std_ttft": 0.6564231863682561,
  "p99_ttft": 2.5727686135657133,
  "mean_tpot": 0.004935563366625939,
  "mean_intvty": 202.61111563513816,
  "median_tpot": 0.004937502522894125,
  "median_intvty": 202.5315420829088,
  "std_tpot": 4.087336596889072e-05,
  "std_intvty": 24465.80985674421,
  "p99_tpot": 0.005029677590516281,
  "p99_intvty": 198.81990087904484,
  "mean_itl": 0.004936396108631759,
  "median_itl": 0.004925565794110298,
  "std_itl": 0.0021681698046845483,
  "p99_itl": 0.005073374304920435,
  "mean_e2el": 36.10777036091313,
  "median_e2el": 35.56157969776541,
  "std_e2el": 2.5535905683410745,
  "p99_e2el": 41.33063589424826
}