{
  "hw": "mi300x",
  "tp": 8,
  "conc": 32,
  "model": "deepseek-ai/DeepSeek-R1-0528",
  "framework": "sglang",
  "precision": "fp8",
  "tput_per_gpu": 128.64456809021436,
  "mean_ttft": 0.38851486614075836,
  "median_ttft": 0.1632856774958782,
  "std_ttft": 0.6884539850155279,
  "p99_ttft": 2.4933103415591176,
  "mean_tpot": 0.03405498597092819,
  "mean_intvty": 29.36427578780014,
  "median_tpot": 0.033694836858569374,
  "median_intvty": 29.67813746056696,
  "std_tpot": 0.0013832248264748258,
  "std_intvty": 722.9482733826565,
  "p99_tpot": 0.03644487613151428,
  "p99_intvty": 27.438699376873153,
  "mean_itl": 0.03405755322934085,
  "median_itl": 0.03401600001961924,
  "std_itl": 0.00601860088018253,
  "p99_itl": 0.03738162389781792,
  "mean_e2el": 252.9243140247535,
  "median_e2el": 252.31570895950426,
  "std_e2el": 18.923242003729694,
  "p99_e2el": 293.696043436981
}