{
  "hw": "b200",
  "tp": 4,
  "conc": 4,
  "model": "nvidia/Llama-3.3-70B-Instruct-FP8",
  "framework": "vllm",
  "precision": "fp8",
  "tput_per_gpu": 237.0136945782119,
  "mean_ttft": 0.13305616750440094,
  "median_ttft": 0.13902835303451866,
  "std_ttft": 0.0414135764344085,
  "p99_ttft": 0.25150967120192946,
  "mean_tpot": 0.008070385212265666,
  "mean_intvty": 123.90982260427464,
  "median_tpot": 0.00807310878662702,
  "median_intvty": 123.86801992021768,
  "std_tpot": 0.00011973113286243432,
  "std_intvty": 8352.046590496684,
  "p99_tpot": 0.00826811465936189,
  "p99_intvty": 120.9465568873929,
  "mean_itl": 0.0080726928333816,
  "median_itl": 0.0077821179293096066,
  "std_itl": 0.005142941969199902,
  "p99_itl": 0.009123968239873647,
  "mean_e2el": 7.533494920676458,
  "median_e2el": 7.533362536050845,
  "std_e2el": 0.5476377794923991,
  "p99_e2el": 8.45350054973387
}