{
  "hw": "mi300x",
  "tp": 2,
  "conc": 16,
  "model": "amd/Llama-3.3-70B-Instruct-FP8-KV",
  "framework": "vllm",
  "precision": "fp8",
  "tput_per_gpu": 1363.514225477166,
  "mean_ttft": 2.983345882809954,
  "median_ttft": 2.0348396645858884,
  "std_ttft": 3.055893093239678,
  "p99_ttft": 13.11106356668286,
  "mean_tpot": 0.048683069087049134,
  "mean_intvty": 20.541022140817002,
  "median_tpot": 0.05080011145473658,
  "median_intvty": 19.684996181376693,
  "std_tpot": 0.007416058491844216,
  "std_intvty": 134.84251790890625,
  "p99_tpot": 0.05900456465818431,
  "p99_intvty": 16.94784133724294,
  "mean_itl": 0.04885230335329622,
  "median_itl": 0.022022245451807976,
  "std_itl": 0.22900670737587484,
  "p99_itl": 1.7766159606166185,
  "mean_e2el": 47.64228948140517,
  "median_e2el": 48.387224830221385,
  "std_e2el": 7.560462235332884,
  "p99_e2el": 61.504370972551406
}