{
  "hw": "b200-trt",
  "tp": 1,
  "conc": 64,
  "model": "nvidia/Llama-3.3-70B-Instruct-FP8",
  "framework": "trt",
  "precision": "fp8",
  "tput_per_gpu": 5584.415936829699,
  "mean_ttft": 0.7354593488505998,
  "median_ttft": 0.5680391670321114,
  "std_ttft": 0.6422855898155124,
  "p99_ttft": 3.655692952966783,
  "mean_tpot": 0.021314954996341513,
  "mean_intvty": 46.9154169066573,
  "median_tpot": 0.02158270790585358,
  "median_intvty": 46.333388950178204,
  "std_tpot": 0.0009765696215554489,
  "std_intvty": 1023.9925325623296,
  "p99_tpot": 0.02273095248623483,
  "p99_intvty": 43.99287713990733,
  "mean_itl": 0.2121091423715671,
  "median_itl": 0.1825762449298054,
  "std_itl": 0.09846407370980848,
  "p99_itl": 0.610301714777015,
  "mean_e2el": 20.381074261763388,
  "median_e2el": 20.37762109003961,
  "std_e2el": 1.7886876234799922,
  "p99_e2el": 24.398825628414052
}