{
  "hw": "h200-trt",
  "tp": 8,
  "conc": 64,
  "model": "deepseek-ai/DeepSeek-R1-0528",
  "framework": "trt",
  "precision": "fp8",
  "tput_per_gpu": 274.70028223863625,
  "mean_ttft": 0.579311334202066,
  "median_ttft": 0.14418840361759067,
  "std_ttft": 1.376591489165486,
  "p99_ttft": 6.41251059706323,
  "mean_tpot": 0.03183147149297214,
  "mean_intvty": 31.41544996500659,
  "median_tpot": 0.03204862469816079,
  "median_intvty": 31.202586988308052,
  "std_tpot": 0.0007943779915932563,
  "std_intvty": 1258.8465574107042,
  "p99_tpot": 0.032635001859386344,
  "p99_intvty": 30.641947082113745,
  "mean_itl": 0.3180834481764118,
  "median_itl": 0.3156151631847024,
  "std_itl": 0.028368611014042137,
  "p99_itl": 0.3830035403743386,
  "mean_e2el": 235.67130867973611,
  "median_e2el": 234.87589178979397,
  "std_e2el": 16.339653938723526,
  "p99_e2el": 263.7909593505319
}