{
  "hw": "h100",
  "tp": 8,
  "conc": 32,
  "model": "nvidia/Llama-3.3-70B-Instruct-FP8",
  "framework": "vllm",
  "precision": "fp8",
  "tput_per_gpu": 624.3131117673148,
  "mean_ttft": 0.12031740632664878,
  "median_ttft": 0.058512646704912186,
  "std_ttft": 0.1840574304357639,
  "p99_ttft": 0.9526137275714427,
  "mean_tpot": 0.012318556163658668,
  "mean_intvty": 81.17834482503146,
  "median_tpot": 0.012402021951911014,
  "median_intvty": 80.63201338277837,
  "std_tpot": 0.00034004581439287917,
  "std_intvty": 2940.780205706719,
  "p99_tpot": 0.012746344255651326,
  "p99_intvty": 78.45386723778715,
  "mean_itl": 0.012323222334716694,
  "median_itl": 0.011202344670891762,
  "std_itl": 0.006989803601288196,
  "p99_itl": 0.047539349459111695,
  "mean_e2el": 11.490839006009628,
  "median_e2el": 11.477166940458119,
  "std_e2el": 0.8519076233415949,
  "p99_e2el": 13.291119761317969
}