{
  "hw": "mi300x",
  "tp": 4,
  "conc": 8,
  "model": "openai/gpt-oss-120b",
  "framework": "vllm",
  "precision": "fp4",
  "tput_per_gpu": 395.5362657043433,
  "mean_ttft": 0.14852808332361747,
  "median_ttft": 0.04422408202663064,
  "std_ttft": 0.29333767693700463,
  "p99_ttft": 1.0646659466577695,
  "mean_tpot": 0.005526065821349249,
  "mean_intvty": 180.96056621993677,
  "median_tpot": 0.005494948832932597,
  "median_intvty": 181.98531604275382,
  "std_tpot": 0.0001441163083470462,
  "std_intvty": 6938.839965230735,
  "p99_tpot": 0.005795508155121054,
  "p99_intvty": 172.54742349320574,
  "mean_itl": 0.005980516798028331,
  "median_itl": 0.005497129983268678,
  "std_itl": 0.0037581958478287653,
  "p99_itl": 0.011811047489754856,
  "mean_e2el": 40.80198784267414,
  "median_e2el": 40.93557318102103,
  "std_e2el": 2.720712597303596,
  "p99_e2el": 46.70594764287583
}