{
  "hw": "h200",
  "tp": 8,
  "conc": 4,
  "model": "deepseek-ai/DeepSeek-R1-0528",
  "framework": "sglang",
  "precision": "fp8",
  "tput_per_gpu": 44.316242252889964,
  "mean_ttft": 0.16557167964056135,
  "median_ttft": 0.15433671651408076,
  "std_ttft": 0.04254087813906976,
  "p99_ttft": 0.3082992965914309,
  "mean_tpot": 0.012508928184015677,
  "mean_intvty": 79.9429004059543,
  "median_tpot": 0.01257203053304446,
  "median_intvty": 79.54164582814123,
  "std_tpot": 0.00012782917583443155,
  "std_intvty": 7822.940212766702,
  "p99_tpot": 0.012646177025173984,
  "p99_intvty": 79.07528085439262,
  "mean_itl": 0.1250239795303012,
  "median_itl": 0.12489014072343707,
  "std_itl": 0.008246755840834466,
  "p99_itl": 0.12884878180921078,
  "mean_e2el": 90.99549256192986,
  "median_e2el": 89.57619072776288,
  "std_e2el": 5.772066312511963,
  "p99_e2el": 101.6192037421465
}