{
  "hw": "mi325x",
  "tp": 2,
  "conc": 32,
  "model": "amd/Llama-3.3-70B-Instruct-FP8-KV",
  "framework": "vllm",
  "precision": "fp8",
  "tput_per_gpu": 1378.9967496303216,
  "mean_ttft": 0.6148369135713437,
  "median_ttft": 0.21709428390022367,
  "std_ttft": 1.153961048339834,
  "p99_ttft": 4.2001830894080925,
  "mean_tpot": 0.021940579920736673,
  "mean_intvty": 45.577646699067934,
  "median_tpot": 0.022324054289338674,
  "median_intvty": 44.79473069896498,
  "std_tpot": 0.001270378445605342,
  "std_intvty": 787.1670079568255,
  "p99_tpot": 0.02358686817348795,
  "p99_intvty": 42.39647216598333,
  "mean_itl": 0.02195963719974565,
  "median_itl": 0.01778642600402236,
  "std_itl": 0.02629231163957709,
  "p99_itl": 0.16517517813481392,
  "mean_e2el": 20.87678796624823,
  "median_e2el": 20.90862236788962,
  "std_e2el": 1.930706257521198,
  "p99_e2el": 25.940072101156694
}