{
  "hw": "h200",
  "tp": 1,
  "conc": 16,
  "model": "nvidia/Llama-3.3-70B-Instruct-FP8",
  "framework": "vllm",
  "precision": "fp8",
  "tput_per_gpu": 1252.9254786360311,
  "mean_ttft": 0.31562115903070664,
  "median_ttft": 0.1814713638741523,
  "std_ttft": 0.4088969852750879,
  "p99_ttft": 1.9988422624440865,
  "mean_tpot": 0.0247458544872386,
  "mean_intvty": 40.41080903129445,
  "median_tpot": 0.024920187955484507,
  "median_intvty": 40.128108254493206,
  "std_tpot": 0.0005918369745956023,
  "std_intvty": 1689.6544875103357,
  "p99_tpot": 0.02538017989970962,
  "p99_intvty": 39.40082394811714,
  "mean_itl": 0.024754124926493825,
  "median_itl": 0.023177668917924166,
  "std_itl": 0.015404267776093132,
  "p99_itl": 0.1274086412973702,
  "mean_e2el": 22.963015218338114,
  "median_e2el": 22.940947719383985,
  "std_e2el": 1.6915600930456485,
  "p99_e2el": 25.969852048186585
}