{
  "hw": "mi300x",
  "tp": 1,
  "conc": 16,
  "model": "openai/gpt-oss-120b",
  "framework": "vllm",
  "precision": "fp4",
  "tput_per_gpu": 7194.629125195536,
  "mean_ttft": 0.821089178393595,
  "median_ttft": 0.38070364063605666,
  "std_ttft": 1.2306527691988791,
  "p99_ttft": 6.032619301835071,
  "mean_tpot": 0.018752249678196112,
  "mean_intvty": 53.32693501637484,
  "median_tpot": 0.018902562686766954,
  "median_intvty": 52.90287970847817,
  "std_tpot": 0.0014711859843865873,
  "std_intvty": 679.7237131217989,
  "p99_tpot": 0.0221028173543376,
  "p99_intvty": 45.24310109289092,
  "mean_itl": 0.01877672297127499,
  "median_itl": 0.014208891429007053,
  "std_itl": 0.0391411271526301,
  "p99_itl": 0.29356058314442635,
  "mean_e2el": 17.984304511290976,
  "median_e2el": 17.790226215030998,
  "std_e2el": 2.181413821028351,
  "p99_e2el": 23.76478692314587
}