{
  "hw": "h200",
  "tp": 4,
  "conc": 8,
  "model": "openai/gpt-oss-120b",
  "framework": "vllm",
  "precision": "fp4",
  "tput_per_gpu": 453.2897988655033,
  "mean_ttft": 0.05005610491498373,
  "median_ttft": 0.04135179775767028,
  "std_ttft": 0.03081996152666999,
  "p99_ttft": 0.14984498158562928,
  "mean_tpot": 0.004836202319896411,
  "mean_intvty": 206.77381421491472,
  "median_tpot": 0.004842183975097385,
  "median_intvty": 206.51838202407174,
  "std_tpot": 0.00010453137358845994,
  "std_intvty": 9566.505879249233,
  "p99_tpot": 0.0050028169155392635,
  "p99_intvty": 199.88738682279123,
  "mean_itl": 0.004837611974858967,
  "median_itl": 0.004830897552892566,
  "std_itl": 0.0008522271284283321,
  "p99_itl": 0.005231985845603049,
  "mean_e2el": 35.640367257746405,
  "median_e2el": 35.55098458239809,
  "std_e2el": 2.488080700374765,
  "p99_e2el": 40.76085674189962
}