{
  "hw": "mi300x",
  "tp": 8,
  "conc": 8,
  "model": "openai/gpt-oss-120b",
  "framework": "vllm",
  "precision": "fp4",
  "tput_per_gpu": 1431.906101969357,
  "mean_ttft": 0.2871561100124381,
  "median_ttft": 0.12620279332622886,
  "std_ttft": 0.38208989158190043,
  "p99_ttft": 1.5786487786425274,
  "mean_tpot": 0.005796432674000933,
  "mean_intvty": 172.51990254029113,
  "median_tpot": 0.00573639861361087,
  "median_intvty": 174.32540298494592,
  "std_tpot": 0.0003464945576283628,
  "std_intvty": 2886.048216297131,
  "p99_tpot": 0.006684255814486392,
  "p99_intvty": 149.60528557760452,
  "mean_itl": 0.005810930981556197,
  "median_itl": 0.005073689855635166,
  "std_itl": 0.012827630033449883,
  "p99_itl": 0.0061927362345159,
  "mean_e2el": 5.657400419632904,
  "median_e2el": 5.55481068440713,
  "std_e2el": 0.7586426378679666,
  "p99_e2el": 7.930031499508768
}