{
  "hw": "h100",
  "tp": 4,
  "conc": 4,
  "model": "nvidia/Llama-3.3-70B-Instruct-FP8",
  "framework": "vllm",
  "precision": "fp8",
  "tput_per_gpu": 167.3956491742918,
  "mean_ttft": 0.07932870283257216,
  "median_ttft": 0.07188323978334665,
  "std_ttft": 0.03003722149593619,
  "p99_ttft": 0.18481358047574759,
  "mean_tpot": 0.011535372101943928,
  "mean_intvty": 86.68987798247801,
  "median_tpot": 0.011545021220652346,
  "median_intvty": 86.61742415952834,
  "std_tpot": 5.776492547168805e-05,
  "std_intvty": 17311.54315242947,
  "p99_tpot": 0.011615773172474987,
  "p99_intvty": 86.08983536021725,
  "mean_itl": 0.011535633785470366,
  "median_itl": 0.011385926976799965,
  "std_itl": 0.002661106072427388,
  "p99_itl": 0.01165689218789339,
  "mean_e2el": 10.654332445771434,
  "median_e2el": 10.739429493900388,
  "std_e2el": 0.7310218833860113,
  "p99_e2el": 11.847180203646422
}