{
  "hw": "h200",
  "tp": 2,
  "conc": 4,
  "model": "nvidia/Llama-3.3-70B-Instruct-FP8",
  "framework": "vllm",
  "precision": "fp8",
  "tput_per_gpu": 278.0454144375792,
  "mean_ttft": 0.1244671349413693,
  "median_ttft": 0.10994396172463894,
  "std_ttft": 0.05974986227701477,
  "p99_ttft": 0.33405629673041404,
  "mean_tpot": 0.013857733776027429,
  "mean_intvty": 72.16187120941129,
  "median_tpot": 0.013869322760323625,
  "median_intvty": 72.10157390386279,
  "std_tpot": 7.987038598547404e-05,
  "std_intvty": 12520.285055112532,
  "p99_tpot": 0.014015771446399412,
  "p99_intvty": 71.34819541145525,
  "mean_itl": 0.013859080114074013,
  "median_itl": 0.013651635497808456,
  "std_itl": 0.0038078537595233565,
  "p99_itl": 0.01412019543349743,
  "mean_e2el": 12.829432213772089,
  "median_e2el": 12.930751540698111,
  "std_e2el": 0.8804298965400328,
  "p99_e2el": 14.289747003903612
}