{
  "hw": "mi300x",
  "tp": 2,
  "conc": 8,
  "model": "openai/gpt-oss-120b",
  "framework": "vllm",
  "precision": "fp4",
  "tput_per_gpu": 3634.266876718144,
  "mean_ttft": 0.4425937070620421,
  "median_ttft": 0.23761966300662607,
  "std_ttft": 0.4918731131073467,
  "p99_ttft": 2.3209588095120846,
  "mean_tpot": 0.009162875636897248,
  "mean_intvty": 109.13604414461115,
  "median_tpot": 0.009218800297213885,
  "median_intvty": 108.47398444049395,
  "std_tpot": 0.0005052345559861272,
  "std_intvty": 1979.278709565262,
  "p99_tpot": 0.010270966719796553,
  "p99_intvty": 97.36181873441102,
  "mean_itl": 0.009180255156713089,
  "median_itl": 0.007708786026341841,
  "std_itl": 0.019534847694605565,
  "p99_itl": 0.008948804218089208,
  "mean_e2el": 8.933067268576632,
  "median_e2el": 8.861417202511802,
  "std_e2el": 1.0162949928743759,
  "p99_e2el": 11.679687300161458
}