{
  "hw": "mi300x",
  "tp": 4,
  "conc": 16,
  "model": "amd/Llama-3.3-70B-Instruct-FP8-KV",
  "framework": "vllm",
  "precision": "fp8",
  "tput_per_gpu": 580.6236055477925,
  "mean_ttft": 0.2703149335517082,
  "median_ttft": 0.13543207617476583,
  "std_ttft": 0.3845766201893348,
  "p99_ttft": 1.458188911806792,
  "mean_tpot": 0.013253834417322707,
  "mean_intvty": 75.44986367816729,
  "median_tpot": 0.013395161823274687,
  "median_intvty": 74.65382002794887,
  "std_tpot": 0.0004048443285737747,
  "std_intvty": 2470.0852387457126,
  "p99_tpot": 0.01374138742072937,
  "p99_intvty": 72.77285541716584,
  "mean_itl": 0.01325973552538055,
  "median_itl": 0.0119793601334095,
  "std_itl": 0.010810194476179558,
  "p99_itl": 0.10040885074064136,
  "mean_e2el": 12.40156374811777,
  "median_e2el": 12.406886215787381,
  "std_e2el": 0.9464256599526814,
  "p99_e2el": 14.504680000208317
}