{
  "hw": "mi300x",
  "tp": 8,
  "conc": 4,
  "model": "amd/Llama-3.3-70B-Instruct-FP8-KV",
  "framework": "vllm",
  "precision": "fp8",
  "tput_per_gpu": 405.97611004960515,
  "mean_ttft": 0.4898951103205036,
  "median_ttft": 0.41100461248424836,
  "std_ttft": 0.23117453166639257,
  "p99_ttft": 1.174330650222546,
  "mean_tpot": 0.01029865973889877,
  "mean_intvty": 97.10001353117133,
  "median_tpot": 0.010401373314278994,
  "median_intvty": 96.1411507677742,
  "std_tpot": 0.00038886888681499644,
  "std_intvty": 2571.560836842542,
  "p99_tpot": 0.010841086105465012,
  "p99_intvty": 92.2416804249805,
  "mean_itl": 0.0102982364787442,
  "median_itl": 0.009233279008185491,
  "std_itl": 0.0200352617182197,
  "p99_itl": 0.009696108999196441,
  "mean_e2el": 9.955261561374936,
  "median_e2el": 9.882837132012355,
  "std_e2el": 0.7339243043718081,
  "p99_e2el": 11.440843027947995
}