{
  "hw": "mi300x",
  "tp": 8,
  "conc": 16,
  "model": "amd/Llama-3.3-70B-Instruct-FP8-KV",
  "framework": "vllm",
  "precision": "fp8",
  "tput_per_gpu": 870.1293867786333,
  "mean_ttft": 1.0074514147254376,
  "median_ttft": 0.6623078439879464,
  "std_ttft": 1.1021131178213812,
  "p99_ttft": 4.809890153879824,
  "mean_tpot": 0.01915902251653844,
  "mean_intvty": 52.19472961821412,
  "median_tpot": 0.019859435813799578,
  "median_intvty": 50.35389773284181,
  "std_tpot": 0.0023314330238702833,
  "std_intvty": 428.920749496786,
  "p99_tpot": 0.02220339473737821,
  "p99_intvty": 45.03815798565948,
  "mean_itl": 0.019210467779619596,
  "median_itl": 0.011097055481513962,
  "std_itl": 0.07064390235477597,
  "p99_itl": 0.5566639277618378,
  "mean_e2el": 18.56894051616291,
  "median_e2el": 18.7466310664895,
  "std_e2el": 2.461900533274151,
  "p99_e2el": 22.962526811192802
}