{
  "hw": "b200",
  "tp": 2,
  "conc": 4,
  "model": "nvidia/Llama-3.3-70B-Instruct-FP8",
  "framework": "vllm",
  "precision": "fp8",
  "tput_per_gpu": 364.3570151348162,
  "mean_ttft": 0.08947390671237372,
  "median_ttft": 0.07889586652163416,
  "std_ttft": 0.030336521968363842,
  "p99_ttft": 0.18057414464768953,
  "mean_tpot": 0.010584172253739461,
  "mean_intvty": 94.48069967367483,
  "median_tpot": 0.01059362641618606,
  "median_intvty": 94.396381438569,
  "std_tpot": 6.316663561457294e-05,
  "std_intvty": 15831.142347073077,
  "p99_tpot": 0.010660752991735469,
  "p99_intvty": 93.80200449022968,
  "mean_itl": 0.010584788032209386,
  "median_itl": 0.010443303966894746,
  "std_itl": 0.002636195558429721,
  "p99_itl": 0.010863887825980783,
  "mean_e2el": 9.792813549001584,
  "median_e2el": 9.867356795934029,
  "std_e2el": 0.6730789902387868,
  "p99_e2el": 10.900672404920915
}