{
  "hw": "mi300x",
  "tp": 2,
  "conc": 8,
  "model": "amd/Llama-3.3-70B-Instruct-FP8-KV",
  "framework": "vllm",
  "precision": "fp8",
  "tput_per_gpu": 1127.358635111086,
  "mean_ttft": 1.8609142560162582,
  "median_ttft": 1.464172677602619,
  "std_ttft": 1.2484085318975309,
  "p99_ttft": 6.866436773529276,
  "mean_tpot": 0.029089220551459138,
  "mean_intvty": 34.3769953626289,
  "median_tpot": 0.029520371247372626,
  "median_intvty": 33.874912738063955,
  "std_tpot": 0.002879737652021077,
  "std_intvty": 347.25385463435293,
  "p99_tpot": 0.03320724756263187,
  "p99_intvty": 30.1139080591943,
  "mean_itl": 0.029185355341961414,
  "median_itl": 0.01995908748358488,
  "std_itl": 0.11388205669194196,
  "p99_itl": 0.02078859731554985,
  "mean_e2el": 28.853354786674025,
  "median_e2el": 28.81880481215194,
  "std_e2el": 3.7780359849631555,
  "p99_e2el": 36.19077781816012
}