{
  "hw": "h100",
  "tp": 2,
  "conc": 64,
  "model": "openai/gpt-oss-120b",
  "framework": "vllm",
  "precision": "fp4",
  "tput_per_gpu": 2112.9880317709126,
  "mean_ttft": 0.15400276718573877,
  "median_ttft": 0.06537885731086135,
  "std_ttft": 0.2932534342810426,
  "p99_ttft": 1.55891059178859,
  "mean_tpot": 0.01661772586637094,
  "mean_intvty": 60.17670576836787,
  "median_tpot": 0.0167102987306913,
  "median_intvty": 59.843334707316174,
  "std_tpot": 0.0005227864240975253,
  "std_intvty": 1912.8270243939062,
  "p99_tpot": 0.017234363846353826,
  "p99_intvty": 58.02360962755026,
  "mean_itl": 0.016618391516340283,
  "median_itl": 0.01642848365008831,
  "std_itl": 0.0032936858959995235,
  "p99_itl": 0.018057035189121967,
  "mean_e2el": 122.88357641550392,
  "median_e2el": 123.0483767921105,
  "std_e2el": 8.839883789195966,
  "p99_e2el": 139.03087232992985
}