{
  "hw": "h200",
  "tp": 2,
  "conc": 32,
  "model": "nvidia/Llama-3.3-70B-Instruct-FP8",
  "framework": "vllm",
  "precision": "fp8",
  "tput_per_gpu": 1515.470908147203,
  "mean_ttft": 0.2785228342050686,
  "median_ttft": 0.12187262019142509,
  "std_ttft": 0.4695649336173854,
  "p99_ttft": 2.395069412253797,
  "mean_tpot": 0.020256217233556605,
  "mean_intvty": 49.36755902989589,
  "median_tpot": 0.02046254447113103,
  "median_intvty": 48.86977772538602,
  "std_tpot": 0.0007045734872329374,
  "std_intvty": 1419.298367196994,
  "p99_tpot": 0.02106442463744601,
  "p99_intvty": 47.47340680847795,
  "mean_itl": 0.02026502930407395,
  "median_itl": 0.01813433412462473,
  "std_itl": 0.014047316927762135,
  "p99_itl": 0.08589945174753666,
  "mean_e2el": 18.976875247232964,
  "median_e2el": 18.97409321088344,
  "std_e2el": 1.4862485410462847,
  "p99_e2el": 22.28272314249538
}