{
  "hw": "mi300x",
  "tp": 1,
  "conc": 4,
  "model": "amd/Llama-3.3-70B-Instruct-FP8-KV",
  "framework": "vllm",
  "precision": "fp8",
  "tput_per_gpu": 295.1148452821173,
  "mean_ttft": 0.2595445832819678,
  "median_ttft": 0.210206444025971,
  "std_ttft": 0.13319820655939854,
  "p99_ttft": 0.690437517063692,
  "mean_tpot": 0.026136301146432773,
  "mean_intvty": 38.26096104407971,
  "median_tpot": 0.026135611644366924,
  "median_intvty": 38.261970433568656,
  "std_tpot": 0.00026497112604842926,
  "std_intvty": 3773.9961138906438,
  "p99_tpot": 0.026678962456875996,
  "p99_intvty": 37.48271701406698,
  "mean_itl": 0.026334134066231578,
  "median_itl": 0.02572353952564299,
  "std_itl": 0.011820757081308617,
  "p99_itl": 0.05125811606645584,
  "mean_e2el": 24.22228965644026,
  "median_e2el": 24.39092733443249,
  "std_e2el": 1.7153956029877624,
  "p99_e2el": 27.446162769554647
}