{
  "hw": "h200",
  "tp": 8,
  "conc": 4,
  "model": "nvidia/Llama-3.3-70B-Instruct-FP8",
  "framework": "vllm",
  "precision": "fp8",
  "tput_per_gpu": 122.06270770519878,
  "mean_ttft": 0.07300946952309459,
  "median_ttft": 0.06617754884064198,
  "std_ttft": 0.02629427756154653,
  "p99_ttft": 0.16517257552593947,
  "mean_tpot": 0.007889541411021442,
  "mean_intvty": 126.75007936494653,
  "median_tpot": 0.007897051008863974,
  "median_intvty": 126.6295480271761,
  "std_tpot": 4.0776287471816815e-05,
  "std_intvty": 24524.0570439662,
  "p99_tpot": 0.007943738870756887,
  "p99_intvty": 125.88530618513634,
  "mean_itl": 0.007889781381767559,
  "median_itl": 0.007782728411257267,
  "std_itl": 0.001997222979665735,
  "p99_itl": 0.008059865348041057,
  "mean_e2el": 7.305769171728753,
  "median_e2el": 7.366986759472638,
  "std_e2el": 0.501162774517975,
  "p99_e2el": 8.131805750727654
}