{
  "hw": "mi300x",
  "tp": 1,
  "conc": 8,
  "model": "amd/Llama-3.3-70B-Instruct-FP8-KV",
  "framework": "vllm",
  "precision": "fp8",
  "tput_per_gpu": 1494.3258070101183,
  "mean_ttft": 3.0388703566015467,
  "median_ttft": 2.3416261810343713,
  "std_ttft": 2.2608075822925056,
  "p99_ttft": 10.183755599365105,
  "mean_tpot": 0.0436735407769431,
  "mean_intvty": 22.897158833705955,
  "median_tpot": 0.04474650296090702,
  "median_intvty": 22.348115133682164,
  "std_tpot": 0.004766755154341433,
  "std_intvty": 209.78631534897,
  "p99_tpot": 0.050423736502441606,
  "p99_intvty": 19.83192974902957,
  "mean_itl": 0.04384731754539664,
  "median_itl": 0.02889614994637668,
  "std_itl": 0.18417833826605057,
  "p99_itl": 0.04884810805320717,
  "mean_e2el": 43.56091674733907,
  "median_e2el": 43.653513235156424,
  "std_e2el": 5.846943995147329,
  "p99_e2el": 54.897711298980276
}