{
  "hw": "mi355x",
  "tp": 1,
  "conc": 64,
  "model": "amd/Llama-3.3-70B-Instruct-MXFP4-Preview",
  "framework": "vllm",
  "precision": "fp4",
  "tput_per_gpu": 4442.261923554609,
  "mean_ttft": 0.41770531829824903,
  "median_ttft": 0.1889507785672322,
  "std_ttft": 0.6689445353604737,
  "p99_ttft": 2.4395837397407742,
  "mean_tpot": 0.02743154006888124,
  "mean_intvty": 36.45438781377118,
  "median_tpot": 0.028114004366355187,
  "median_intvty": 35.569461645126864,
  "std_tpot": 0.0019101494012495688,
  "std_intvty": 523.5192594599284,
  "p99_tpot": 0.029724413913336075,
  "p99_intvty": 33.6423790529758,
  "mean_itl": 0.02745825737051572,
  "median_itl": 0.02149580209515989,
  "std_itl": 0.025900855086026957,
  "p99_itl": 0.14702931302599612,
  "mean_e2el": 25.7016546894356,
  "median_e2el": 25.985994130955078,
  "std_e2el": 2.4313962830514817,
  "p99_e2el": 30.230978473871946
}