{
  "hw": "h200",
  "tp": 8,
  "conc": 32,
  "model": "deepseek-ai/DeepSeek-R1-0528",
  "framework": "sglang",
  "precision": "fp8",
  "tput_per_gpu": 177.53584011283743,
  "mean_ttft": 0.24635042737645563,
  "median_ttft": 0.13441598624922335,
  "std_ttft": 0.3406381611286912,
  "p99_ttft": 1.3020621087169275,
  "mean_tpot": 0.024748958611765813,
  "mean_intvty": 40.405740527789064,
  "median_tpot": 0.02487649591866873,
  "median_intvty": 40.19858758522109,
  "std_tpot": 0.0007784565394381556,
  "std_intvty": 1284.5932294714123,
  "p99_tpot": 0.026025263730363613,
  "p99_intvty": 38.42420235816102,
  "mean_itl": 0.24739202544071778,
  "median_itl": 0.24594087759032845,
  "std_itl": 0.023546146954696243,
  "p99_itl": 0.34467904930934307,
  "mean_e2el": 183.79654426317285,
  "median_e2el": 184.48676718911156,
  "std_e2el": 13.173568825119238,
  "p99_e2el": 209.3959416281758
}