{
  "hw": "mi300x",
  "tp": 2,
  "conc": 4,
  "model": "openai/gpt-oss-120b",
  "framework": "vllm",
  "precision": "fp4",
  "tput_per_gpu": 2314.394693561608,
  "mean_ttft": 0.3690422581275925,
  "median_ttft": 0.22883964190259576,
  "std_ttft": 0.3497525920335628,
  "p99_ttft": 1.5121867022383957,
  "mean_tpot": 0.0072068198871796775,
  "mean_intvty": 138.75745691645704,
  "median_tpot": 0.007164919584866886,
  "median_intvty": 139.56890766954484,
  "std_tpot": 0.0003851668427896548,
  "std_intvty": 2596.2774800584652,
  "p99_tpot": 0.008294729103220275,
  "p99_intvty": 120.55848811406855,
  "mean_itl": 0.007207780113899958,
  "median_itl": 0.006586402654647827,
  "std_itl": 0.014771537875053054,
  "p99_itl": 0.006971212401986122,
  "mean_e2el": 6.993892956455238,
  "median_e2el": 6.880703153088689,
  "std_e2el": 0.7160931088927474,
  "p99_e2el": 9.163541244845835
}