{
  "hw": "mi355x",
  "tp": 8,
  "conc": 32,
  "model": "amd/Llama-3.3-70B-Instruct-MXFP4-Preview",
  "framework": "vllm",
  "precision": "fp4",
  "tput_per_gpu": 610.5348449665656,
  "mean_ttft": 0.13175669643678703,
  "median_ttft": 0.07318840909283608,
  "std_ttft": 0.16066549698336546,
  "p99_ttft": 0.6216174369119107,
  "mean_tpot": 0.012565065211181368,
  "mean_intvty": 79.58573896696713,
  "median_tpot": 0.012655655804968396,
  "median_intvty": 79.01605538350822,
  "std_tpot": 0.00034042463269494627,
  "std_intvty": 2937.5077593051196,
  "p99_tpot": 0.01302210462428908,
  "p99_intvty": 76.79250235286705,
  "mean_itl": 0.012569951824814707,
  "median_itl": 0.011485310038551688,
  "std_itl": 0.006591743112189235,
  "p99_itl": 0.05016647009178996,
  "mean_e2el": 11.729933249767782,
  "median_e2el": 11.70986962155439,
  "std_e2el": 0.8450449695959427,
  "p99_e2el": 13.350487900478765
}