{
  "hw": "mi300x",
  "tp": 2,
  "conc": 4,
  "model": "openai/gpt-oss-120b",
  "framework": "vllm",
  "precision": "fp4",
  "tput_per_gpu": 377.45931697206817,
  "mean_ttft": 0.20313270093756727,
  "median_ttft": 0.06530310190282762,
  "std_ttft": 0.4871147349584564,
  "p99_ttft": 1.9140844898228533,
  "mean_tpot": 0.0058554213309647985,
  "mean_intvty": 170.78190338102107,
  "median_tpot": 0.005762502610863356,
  "median_intvty": 173.53571313179447,
  "std_tpot": 0.0002607203117996682,
  "std_intvty": 3835.527784917572,
  "p99_tpot": 0.0063893479153225505,
  "p99_intvty": 156.51049422459218,
  "mean_itl": 0.006268978433584392,
  "median_itl": 0.0058919929433614016,
  "std_itl": 0.00434542925359592,
  "p99_itl": 0.013000168739818036,
  "mean_e2el": 42.74739789310843,
  "median_e2el": 43.09035129554104,
  "std_e2el": 3.7785419632276525,
  "p99_e2el": 50.48851204623235
}