{
  "hw": "mi300x",
  "tp": 8,
  "conc": 4,
  "model": "deepseek-ai/DeepSeek-R1-0528",
  "framework": "sglang",
  "precision": "fp8",
  "tput_per_gpu": 25.73349765522443,
  "mean_ttft": 0.17593723477912135,
  "median_ttft": 0.15910714550409466,
  "std_ttft": 0.05142880876060684,
  "p99_ttft": 0.348246139655821,
  "mean_tpot": 0.021529211763848012,
  "mean_intvty": 46.448518922518396,
  "median_tpot": 0.021572570868149468,
  "median_intvty": 46.355161195758846,
  "std_tpot": 0.00010017833774944762,
  "std_intvty": 9982.19797278992,
  "p99_tpot": 0.02167431236468508,
  "p99_intvty": 46.13756520503711,
  "mean_itl": 0.021530017427266953,
  "median_itl": 0.021539880079217255,
  "std_itl": 0.002260062467539718,
  "p99_itl": 0.021806946401484312,
  "mean_e2el": 156.5064700808667,
  "median_e2el": 154.4156232245732,
  "std_e2el": 9.887593635369992,
  "p99_e2el": 175.28450839465484
}