{
  "hw": "h200-trt",
  "tp": 8,
  "conc": 8,
  "model": "deepseek-ai/DeepSeek-R1-0528",
  "framework": "trt",
  "precision": "fp8",
  "tput_per_gpu": 67.2117626960733,
  "mean_ttft": 0.5086324436706491,
  "median_ttft": 0.10692042182199657,
  "std_ttft": 1.1362220424702663,
  "p99_ttft": 3.982627704348415,
  "mean_tpot": 0.01628681179412015,
  "mean_intvty": 61.39937101508222,
  "median_tpot": 0.01639737085574442,
  "median_intvty": 60.98538654748266,
  "std_tpot": 0.0003858660572770885,
  "std_intvty": 2591.572855764053,
  "p99_tpot": 0.016710128440044558,
  "p99_intvty": 59.84394456260287,
  "mean_itl": 0.1627165502349654,
  "median_itl": 0.16308148996904492,
  "std_itl": 0.03292066501127881,
  "p99_itl": 0.16991239320486784,
  "mean_e2el": 120.31072632494033,
  "median_e2el": 120.26002536760643,
  "std_e2el": 7.728019003648722,
  "p99_e2el": 137.2611562926648
}