{
  "hw": "mi355x",
  "tp": 1,
  "conc": 32,
  "model": "amd/Llama-3.3-70B-Instruct-MXFP4-Preview",
  "framework": "vllm",
  "precision": "fp4",
  "tput_per_gpu": 2697.539114236212,
  "mean_ttft": 0.28506086501147365,
  "median_ttft": 0.17996941599994898,
  "std_ttft": 0.33610443126214795,
  "p99_ttft": 1.5238949128100654,
  "mean_tpot": 0.022705776793467,
  "mean_intvty": 44.04165552652328,
  "median_tpot": 0.022956682189274935,
  "median_intvty": 43.560301604348865,
  "std_tpot": 0.0009136703388294796,
  "std_intvty": 1094.4866627509425,
  "p99_tpot": 0.023977421114236834,
  "p99_intvty": 41.70590303417743,
  "mean_itl": 0.02272043434880485,
  "median_itl": 0.0195883815176785,
  "std_itl": 0.01943889833781589,
  "p99_itl": 0.14174286431167274,
  "mean_e2el": 21.248779409361305,
  "median_e2el": 21.216040343861096,
  "std_e2el": 1.6929100789254807,
  "p99_e2el": 24.471503135368692
}