{
  "hw": "h100",
  "tp": 8,
  "conc": 64,
  "model": "openai/gpt-oss-120b",
  "framework": "vllm",
  "precision": "fp4",
  "tput_per_gpu": 961.7760998710453,
  "mean_ttft": 0.08521816658321768,
  "median_ttft": 0.040448255836963654,
  "std_ttft": 0.14117992800095636,
  "p99_ttft": 0.7381619620602577,
  "mean_tpot": 0.009091389174587952,
  "mean_intvty": 109.9941912942389,
  "median_tpot": 0.009121772283974084,
  "median_intvty": 109.62781890059745,
  "std_tpot": 0.00020473083537636734,
  "std_intvty": 4884.462070218431,
  "p99_tpot": 0.009356522049134718,
  "p99_intvty": 106.87731987896925,
  "mean_itl": 0.009091260366360331,
  "median_itl": 0.008984132669866085,
  "std_itl": 0.0017349806480453421,
  "p99_itl": 0.010126149328425534,
  "mean_e2el": 67.22568159177027,
  "median_e2el": 67.00657218229026,
  "std_e2el": 4.5603439181285825,
  "p99_e2el": 75.39114304515533
}