{
  "hw": "mi300x",
  "tp": 1,
  "conc": 4,
  "model": "amd/Llama-3.3-70B-Instruct-FP8-KV",
  "framework": "vllm",
  "precision": "fp8",
  "tput_per_gpu": 965.1313684904072,
  "mean_ttft": 2.0174776782245316,
  "median_ttft": 1.7727933024871163,
  "std_ttft": 0.8696762124014861,
  "p99_ttft": 5.616235814230459,
  "mean_tpot": 0.03432209856425385,
  "mean_intvty": 29.135747574639588,
  "median_tpot": 0.0347157958530038,
  "median_intvty": 28.805331274393776,
  "std_tpot": 0.0017585323429160956,
  "std_intvty": 568.6560182008052,
  "p99_tpot": 0.03691142518944089,
  "p99_intvty": 27.091882658761875,
  "mean_itl": 0.03433519759863813,
  "median_itl": 0.029289489990333095,
  "std_itl": 0.09334641455955588,
  "p99_itl": 0.029738648602506145,
  "mean_e2el": 33.57581592019851,
  "median_e2el": 32.96103795598901,
  "std_e2el": 2.724592073686731,
  "p99_e2el": 39.79823627452977
}