{
  "hw": "b200",
  "tp": 8,
  "conc": 4,
  "model": "nvidia/Llama-3.3-70B-Instruct-FP8",
  "framework": "vllm",
  "precision": "fp8",
  "tput_per_gpu": 151.47731840422725,
  "mean_ttft": 0.0977323261438869,
  "median_ttft": 0.0715100200031884,
  "std_ttft": 0.07833761924784682,
  "p99_ttft": 0.3544337465043645,
  "mean_tpot": 0.006317175594317259,
  "mean_intvty": 158.29859168384837,
  "median_tpot": 0.006325607663578257,
  "median_intvty": 158.08757880414007,
  "std_tpot": 4.9084193022831984e-05,
  "std_intvty": 20373.15759749458,
  "p99_tpot": 0.006382701238146868,
  "p99_intvty": 156.67347768424403,
  "mean_itl": 0.00631794623988607,
  "median_itl": 0.006174117908813059,
  "std_itl": 0.0026136935106424327,
  "p99_itl": 0.0065533127775415775,
  "mean_e2el": 5.889551452742308,
  "median_e2el": 5.92807979794452,
  "std_e2el": 0.4130581271764352,
  "p99_e2el": 6.723330135815777
}