{
  "hw": "mi300x",
  "tp": 2,
  "conc": 32,
  "model": "amd/Llama-3.3-70B-Instruct-FP8-KV",
  "framework": "vllm",
  "precision": "fp8",
  "tput_per_gpu": 2405.5884794913018,
  "mean_ttft": 2.966026619306649,
  "median_ttft": 1.0331999491900206,
  "std_ttft": 5.637701984417697,
  "p99_ttft": 24.973554640831427,
  "mean_tpot": 0.05517437847887134,
  "mean_intvty": 18.12435459300993,
  "median_tpot": 0.05719849482969139,
  "median_intvty": 17.482977532494548,
  "std_tpot": 0.007526584363782706,
  "std_intvty": 132.8623917127557,
  "p99_tpot": 0.06759212826113546,
  "p99_intvty": 14.794622180508943,
  "mean_itl": 0.05530915691902421,
  "median_itl": 0.029348036274313927,
  "std_itl": 0.17559992615200085,
  "p99_itl": 0.939621242545545,
  "mean_e2el": 54.09640373958391,
  "median_e2el": 54.1432999833487,
  "std_e2el": 8.814762168117868,
  "p99_e2el": 78.23600420062431
}