{
  "hw": "h200",
  "tp": 1,
  "conc": 4,
  "model": "nvidia/Llama-3.3-70B-Instruct-FP8",
  "framework": "vllm",
  "precision": "fp8",
  "tput_per_gpu": 358.5247561680056,
  "mean_ttft": 0.20162882440490648,
  "median_ttft": 0.17314821807667613,
  "std_ttft": 0.09406469629317948,
  "p99_ttft": 0.48336539041716603,
  "mean_tpot": 0.02148352215260648,
  "mean_intvty": 46.547302295060376,
  "median_tpot": 0.021511948671443286,
  "median_intvty": 46.485793326918895,
  "std_tpot": 0.0001228408142402315,
  "std_intvty": 8140.616831506565,
  "p99_tpot": 0.021647247983429235,
  "p99_intvty": 46.19524850297325,
  "mean_itl": 0.021484806383656314,
  "median_itl": 0.021162244956940413,
  "std_itl": 0.005848442678459175,
  "p99_itl": 0.021918757129460575,
  "mean_e2el": 19.89728779788129,
  "median_e2el": 20.060048015089706,
  "std_e2el": 1.3664468973435273,
  "p99_e2el": 22.169103533620945
}