{
  "hw": "mi325x",
  "tp": 2,
  "conc": 4,
  "model": "amd/Llama-3.3-70B-Instruct-FP8-KV",
  "framework": "vllm",
  "precision": "fp8",
  "tput_per_gpu": 257.8646084733539,
  "mean_ttft": 0.23552431862335652,
  "median_ttft": 0.17871153657324612,
  "std_ttft": 0.1774571523814689,
  "p99_ttft": 0.8865511561674065,
  "mean_tpot": 0.014883787392734415,
  "mean_intvty": 67.18719997896196,
  "median_tpot": 0.014903297558173205,
  "median_intvty": 67.09924404962203,
  "std_tpot": 0.00019757170061546287,
  "std_intvty": 5061.453623595197,
  "p99_tpot": 0.015129783476814092,
  "p99_intvty": 66.09479914451306,
  "mean_itl": 0.01488524735256055,
  "median_itl": 0.014519429998472333,
  "std_itl": 0.006779652752791337,
  "p99_itl": 0.015560600692406296,
  "mean_e2el": 13.881202311912784,
  "median_e2el": 13.999102768022567,
  "std_e2el": 0.9833893361893068,
  "p99_e2el": 15.861051740294787
}