{
  "hw": "h200",
  "tp": 8,
  "conc": 16,
  "model": "deepseek-ai/DeepSeek-R1-0528",
  "framework": "sglang",
  "precision": "fp8",
  "tput_per_gpu": 122.9025597265403,
  "mean_ttft": 0.17687780121341348,
  "median_ttft": 0.12201123079285026,
  "std_ttft": 0.16205880874416262,
  "p99_ttft": 0.6813500240119172,
  "mean_tpot": 0.01787779413781449,
  "mean_intvty": 55.9353123932015,
  "median_tpot": 0.01791215227986454,
  "median_intvty": 55.828020238758405,
  "std_tpot": 0.00040436676210424687,
  "std_intvty": 2473.0024663654162,
  "p99_tpot": 0.018469594819872395,
  "p99_intvty": 54.143039398138185,
  "mean_itl": 0.17865233230917288,
  "median_itl": 0.1776695370208472,
  "std_itl": 0.015503970390233554,
  "p99_itl": 0.26847986140754077,
  "mean_e2el": 132.04686360003834,
  "median_e2el": 132.0187002425082,
  "std_e2el": 9.061905669685842,
  "p99_e2el": 147.6818856795877
}