{
  "hw": "mi300x",
  "tp": 2,
  "conc": 64,
  "model": "amd/Llama-3.3-70B-Instruct-FP8-KV",
  "framework": "vllm",
  "precision": "fp8",
  "tput_per_gpu": 3007.5309730553327,
  "mean_ttft": 4.471126082263072,
  "median_ttft": 1.630591420456767,
  "std_ttft": 9.735886265801973,
  "p99_ttft": 48.50126909986138,
  "mean_tpot": 0.0899395449457393,
  "mean_intvty": 11.118579714888506,
  "median_tpot": 0.09361650287713716,
  "median_intvty": 10.681877332166591,
  "std_tpot": 0.014052696109661162,
  "std_intvty": 71.16072191388987,
  "p99_tpot": 0.11491467136218914,
  "p99_intvty": 8.702109035740012,
  "mean_itl": 0.0901766629261165,
  "median_itl": 0.03860822878777981,
  "std_itl": 0.26377128595727856,
  "p99_itl": 0.9405554983764888,
  "mean_e2el": 87.50227442813048,
  "median_e2el": 88.24554465152323,
  "std_e2el": 16.206855950314484,
  "p99_e2el": 132.4637618945446
}