{
  "hw": "mi300x",
  "tp": 2,
  "conc": 16,
  "model": "openai/gpt-oss-120b",
  "framework": "vllm",
  "precision": "fp4",
  "tput_per_gpu": 868.5499615739791,
  "mean_ttft": 0.3493743071972858,
  "median_ttft": 0.08838874939829111,
  "std_ttft": 0.780115814602653,
  "p99_ttft": 3.5197730671521277,
  "mean_tpot": 0.010102939271086925,
  "mean_intvty": 98.98109581454653,
  "median_tpot": 0.01023543569037481,
  "median_intvty": 97.69979805943963,
  "std_tpot": 0.00037116192403211054,
  "std_intvty": 2694.24188003047,
  "p99_tpot": 0.010542363265013855,
  "p99_intvty": 94.85539198963333,
  "mean_itl": 0.01010267257392543,
  "median_itl": 0.01009783148765564,
  "std_itl": 0.006021504883279243,
  "p99_itl": 0.011062445538118483,
  "mean_e2el": 74.87653715889319,
  "median_e2el": 75.4513622475788,
  "std_e2el": 5.584356082054578,
  "p99_e2el": 84.85021656330674
}