{
  "hw": "h200",
  "tp": 4,
  "conc": 32,
  "model": "nvidia/Llama-3.3-70B-Instruct-FP8",
  "framework": "vllm",
  "precision": "fp8",
  "tput_per_gpu": 1071.0439832622624,
  "mean_ttft": 0.17850320005672984,
  "median_ttft": 0.08244682755321264,
  "std_ttft": 0.28471414232820325,
  "p99_ttft": 1.4485798761807382,
  "mean_tpot": 0.014352540263799174,
  "mean_intvty": 69.67407731454055,
  "median_tpot": 0.01448055393388367,
  "median_intvty": 69.0581316547606,
  "std_tpot": 0.00046662517316271407,
  "std_intvty": 2143.0476911953824,
  "p99_tpot": 0.014816257406113838,
  "p99_intvty": 67.49342783335798,
  "mean_itl": 0.01435786517285948,
  "median_itl": 0.01297643780708313,
  "std_itl": 0.008777600019436796,
  "p99_itl": 0.05654132254421712,
  "mean_e2el": 13.426370679514367,
  "median_e2el": 13.45117034111172,
  "std_e2el": 1.0335528941903367,
  "p99_e2el": 15.761782573061065
}