{
  "hw": "h200",
  "tp": 4,
  "conc": 4,
  "model": "openai/gpt-oss-120b",
  "framework": "vllm",
  "precision": "fp4",
  "tput_per_gpu": 260.30308766716456,
  "mean_ttft": 0.043574598676059395,
  "median_ttft": 0.04002420557662845,
  "std_ttft": 0.013164598362901223,
  "p99_ttft": 0.09832540202885866,
  "mean_tpot": 0.004259150641698478,
  "mean_intvty": 234.78859616038767,
  "median_tpot": 0.0042668075015531975,
  "median_intvty": 234.36726396397808,
  "std_tpot": 7.361696588185412e-05,
  "std_intvty": 13583.825250348853,
  "p99_tpot": 0.004366120565122149,
  "p99_intvty": 229.03627719039488,
  "mean_itl": 0.0042600618564621875,
  "median_itl": 0.004262510687112808,
  "std_itl": 0.0004195204320227343,
  "p99_itl": 0.00455749066080898,
  "mean_e2el": 30.976096586394124,
  "median_e2el": 30.51713316491805,
  "std_e2el": 2.1036991691246127,
  "p99_e2el": 34.893359055686744
}