{
  "hw": "mi300x",
  "tp": 8,
  "conc": 32,
  "model": "amd/Llama-3.3-70B-Instruct-FP8-KV",
  "framework": "vllm",
  "precision": "fp8",
  "tput_per_gpu": 1409.9726825753532,
  "mean_ttft": 1.1249343563657022,
  "median_ttft": 0.41195269161835313,
  "std_ttft": 2.0831599641597918,
  "p99_ttft": 9.430942339175381,
  "mean_tpot": 0.023590621792603055,
  "mean_intvty": 42.38972625611566,
  "median_tpot": 0.024350234635619233,
  "median_intvty": 41.06736608349605,
  "std_tpot": 0.002836321703146323,
  "std_intvty": 352.569315000729,
  "p99_tpot": 0.028194224488368877,
  "p99_intvty": 35.46825699754699,
  "mean_itl": 0.023642767054040826,
  "median_itl": 0.01395479030907154,
  "std_itl": 0.063765536320023,
  "p99_itl": 0.3500388251338154,
  "mean_e2el": 22.981416321676807,
  "median_e2el": 23.02876218315214,
  "std_e2el": 3.327170015730863,
  "p99_e2el": 31.865447667338888
}