{
  "hw": "mi300x",
  "tp": 4,
  "conc": 8,
  "model": "amd/Llama-3.3-70B-Instruct-FP8-KV",
  "framework": "vllm",
  "precision": "fp8",
  "tput_per_gpu": 927.3042072695754,
  "mean_ttft": 1.1274813942371111,
  "median_ttft": 0.8393189549969975,
  "std_ttft": 0.8553589463642246,
  "p99_ttft": 4.02711248733307,
  "mean_tpot": 0.01767939105031161,
  "mean_intvty": 56.563034165273145,
  "median_tpot": 0.017989830788097492,
  "median_intvty": 55.58695975404194,
  "std_tpot": 0.0016280405984077666,
  "std_intvty": 614.2352966983784,
  "p99_tpot": 0.020083818681787994,
  "p99_intvty": 49.791327826853966,
  "mean_itl": 0.01772889727420471,
  "median_itl": 0.012719388003461063,
  "std_itl": 0.0627695495676555,
  "p99_itl": 0.013695060106692835,
  "mean_e2el": 17.524273444865685,
  "median_e2el": 17.364264535499387,
  "std_e2el": 2.1419345257686375,
  "p99_e2el": 21.79494501684035
}