{
  "hw": "mi300x",
  "tp": 8,
  "conc": 32,
  "model": "openai/gpt-oss-120b",
  "framework": "vllm",
  "precision": "fp4",
  "tput_per_gpu": 581.1011883049351,
  "mean_ttft": 0.2577776858583093,
  "median_ttft": 0.04786870954558253,
  "std_ttft": 0.5873408040949172,
  "p99_ttft": 2.004290614100173,
  "mean_tpot": 0.007517742385086687,
  "mean_intvty": 133.0186575671639,
  "median_tpot": 0.0075278495257082405,
  "median_intvty": 132.84006230264245,
  "std_tpot": 0.0002084274091452968,
  "std_intvty": 4797.833471618362,
  "p99_tpot": 0.007841009841242062,
  "p99_intvty": 127.53459315153648,
  "mean_itl": 0.007519698223979718,
  "median_itl": 0.007430726662278175,
  "std_itl": 0.004797389673097917,
  "p99_itl": 0.008052420802414417,
  "mean_e2el": 56.01612837970606,
  "median_e2el": 56.27549197897315,
  "std_e2el": 3.8693961253530444,
  "p99_e2el": 63.230807148618624
}