{
  "hw": "mi300x",
  "tp": 8,
  "conc": 16,
  "model": "deepseek-ai/DeepSeek-R1-0528",
  "framework": "sglang",
  "precision": "fp8",
  "tput_per_gpu": 86.8066831291323,
  "mean_ttft": 0.3171398012782447,
  "median_ttft": 0.18150168424472213,
  "std_ttft": 0.41822264613128374,
  "p99_ttft": 1.6193071261048317,
  "mean_tpot": 0.025168784735641003,
  "mean_intvty": 39.73175544641695,
  "median_tpot": 0.025177254673172098,
  "median_intvty": 39.718389196164466,
  "std_tpot": 0.0002992534642346352,
  "std_intvty": 3341.648867984137,
  "p99_tpot": 0.025631842138963464,
  "p99_intvty": 39.0139731111983,
  "mean_itl": 0.025169309871873262,
  "median_itl": 0.025005334056913853,
  "std_itl": 0.005666778026331115,
  "p99_itl": 0.025906655844300987,
  "mean_e2el": 185.99050911464147,
  "median_e2el": 186.5808457317762,
  "std_e2el": 12.569818510420166,
  "p99_e2el": 207.18904119805433
}