{
  "hw": "mi300x",
  "tp": 4,
  "conc": 4,
  "model": "openai/gpt-oss-120b",
  "framework": "vllm",
  "precision": "fp4",
  "tput_per_gpu": 1517.0863129654294,
  "mean_ttft": 0.30734617518028245,
  "median_ttft": 0.15555700939148664,
  "std_ttft": 0.33028825370879733,
  "p99_ttft": 1.282702874452807,
  "mean_tpot": 0.005465030304020628,
  "mean_intvty": 182.98160199849195,
  "median_tpot": 0.005410861708602988,
  "median_intvty": 184.8134463333358,
  "std_tpot": 0.00028225238568978695,
  "std_intvty": 3542.9284239923577,
  "p99_tpot": 0.006212285071514121,
  "p99_intvty": 160.97136375557054,
  "mean_itl": 0.005462364271279603,
  "median_itl": 0.005032418295741081,
  "std_itl": 0.01075841502926816,
  "p99_itl": 0.0055495789833366884,
  "mean_e2el": 5.327941500942688,
  "median_e2el": 5.304191996110603,
  "std_e2el": 0.5161595868910209,
  "p99_e2el": 6.6062707452848555
}