{
  "hw": "mi300x",
  "tp": 1,
  "conc": 4,
  "model": "openai/gpt-oss-120b",
  "framework": "vllm",
  "precision": "fp4",
  "tput_per_gpu": 3472.45342801526,
  "mean_ttft": 0.5155000914230186,
  "median_ttft": 0.3350338610180188,
  "std_ttft": 0.40637705166199845,
  "p99_ttft": 1.8526992025173967,
  "mean_tpot": 0.009602452219870123,
  "mean_intvty": 104.1400651732194,
  "median_tpot": 0.009519268865136595,
  "median_intvty": 105.05008464068113,
  "std_tpot": 0.0004618684262854351,
  "std_intvty": 2165.1187721197443,
  "p99_tpot": 0.010661165582807854,
  "p99_intvty": 93.79837431777585,
  "mean_itl": 0.0095980485970606,
  "median_itl": 0.008723756996914744,
  "std_itl": 0.01874856712859897,
  "p99_itl": 0.009331285555381328,
  "mean_e2el": 9.337306248548703,
  "median_e2el": 9.247418282990111,
  "std_e2el": 0.840977717389635,
  "p99_e2el": 11.377326898935717
}