{
  "hw": "mi300x",
  "tp": 1,
  "conc": 32,
  "model": "openai/gpt-oss-120b",
  "framework": "vllm",
  "precision": "fp4",
  "tput_per_gpu": 8962.690666734023,
  "mean_ttft": 1.0755917462782236,
  "median_ttft": 0.392993594519794,
  "std_ttft": 2.065937436705046,
  "p99_ttft": 10.549668415235356,
  "mean_tpot": 0.030201628964092442,
  "mean_intvty": 33.110796811288814,
  "median_tpot": 0.030750803486310443,
  "median_intvty": 32.51947548119116,
  "std_tpot": 0.003080599622237869,
  "std_intvty": 324.6121283601147,
  "p99_tpot": 0.03666266095465498,
  "p99_intvty": 27.275707053473763,
  "mean_itl": 0.030255767105357437,
  "median_itl": 0.020945345982909203,
  "std_itl": 0.053959891581392534,
  "p99_itl": 0.32767477907240383,
  "mean_e2el": 29.045440930707265,
  "median_e2el": 28.87841801578179,
  "std_e2el": 4.265725647507123,
  "p99_e2el": 41.58810241405852
}