{
  "hw": "h200",
  "tp": 1,
  "conc": 8,
  "model": "openai/gpt-oss-120b",
  "framework": "vllm",
  "precision": "fp4",
  "tput_per_gpu": 1032.411148254748,
  "mean_ttft": 0.10681968507124111,
  "median_ttft": 0.08874833513982594,
  "std_ttft": 0.06077146459471185,
  "p99_ttft": 0.3654648330435157,
  "mean_tpot": 0.008525856248366308,
  "mean_intvty": 117.29027218722062,
  "median_tpot": 0.008522669908806003,
  "median_intvty": 117.33412307412672,
  "std_tpot": 0.00034944767120455555,
  "std_intvty": 2861.658790150105,
  "p99_tpot": 0.009094393541387923,
  "p99_intvty": 109.9578543032114,
  "mean_itl": 0.008524765935134656,
  "median_itl": 0.00850804802030325,
  "std_itl": 0.0018247571927529477,
  "p99_itl": 0.010200040480121977,
  "mean_e2el": 62.823522524203874,
  "median_e2el": 62.91872024536133,
  "std_e2el": 4.535964119491092,
  "p99_e2el": 72.15818140482064
}