{
  "hw": "h200-trt",
  "tp": 8,
  "conc": 16,
  "model": "deepseek-ai/DeepSeek-R1-0528",
  "framework": "trt",
  "precision": "fp8",
  "tput_per_gpu": 112.79762802942084,
  "mean_ttft": 0.3494878700119443,
  "median_ttft": 0.12705507222563028,
  "std_ttft": 0.6951532195342505,
  "p99_ttft": 3.0509700374584643,
  "mean_tpot": 0.0194392233532994,
  "mean_intvty": 51.44238439084919,
  "median_tpot": 0.019418586681463026,
  "median_intvty": 51.49705364266286,
  "std_tpot": 0.00031074767585547645,
  "std_intvty": 3218.0449853632476,
  "p99_tpot": 0.019896039450860957,
  "p99_intvty": 50.26125940641554,
  "mean_itl": 0.19425485518921032,
  "median_itl": 0.19328299816697836,
  "std_itl": 0.0188652285061081,
  "p99_itl": 0.26644915524870155,
  "mean_e2el": 143.75449219045112,
  "median_e2el": 143.87316144956276,
  "std_e2el": 9.832356253333865,
  "p99_e2el": 160.87330074626954
}