{
  "hw": "b200-trt",
  "tp": 4,
  "conc": 4,
  "model": "nvidia/Llama-3.3-70B-Instruct-FP8",
  "framework": "trt",
  "precision": "fp8",
  "tput_per_gpu": 285.5028622999125,
  "mean_ttft": 0.18993954219622539,
  "median_ttft": 0.18666305055376142,
  "std_ttft": 0.030910926922043204,
  "p99_ttft": 0.2642572852736339,
  "mean_tpot": 0.006608732001788778,
  "mean_intvty": 151.3149572004631,
  "median_tpot": 0.006613970112540843,
  "median_intvty": 151.19511926790926,
  "std_tpot": 3.006135814266563e-05,
  "std_intvty": 33265.29677249396,
  "p99_tpot": 0.0066554872418149984,
  "p99_intvty": 150.2519595736304,
  "mean_itl": 0.06565809782076676,
  "median_itl": 0.06519709597341716,
  "std_itl": 0.006832815980565779,
  "p99_itl": 0.09619824518449605,
  "mean_e2el": 6.248540339578176,
  "median_e2el": 6.304213912575506,
  "std_e2el": 0.4214986634699472,
  "p99_e2el": 6.925518011436798
}