{
  "hw": "mi300x",
  "tp": 4,
  "conc": 16,
  "model": "amd/Llama-3.3-70B-Instruct-FP8-KV",
  "framework": "vllm",
  "precision": "fp8",
  "tput_per_gpu": 1201.6998786071827,
  "mean_ttft": 1.5998648182227044,
  "median_ttft": 1.075374144129455,
  "std_ttft": 1.6499118873806518,
  "p99_ttft": 6.85775567500852,
  "mean_tpot": 0.027677583492287394,
  "mean_intvty": 36.13032186421401,
  "median_tpot": 0.028987818094925746,
  "median_intvty": 34.49724973177777,
  "std_tpot": 0.004158706858443279,
  "std_intvty": 240.45936249864175,
  "p99_tpot": 0.03266080073903393,
  "p99_intvty": 30.61774290196349,
  "mean_itl": 0.027771638477615497,
  "median_itl": 0.013888224959373474,
  "std_itl": 0.11836721735367899,
  "p99_itl": 0.9400086085079238,
  "mean_e2el": 26.987655126833126,
  "median_e2el": 27.465616713510826,
  "std_e2el": 4.048480766954325,
  "p99_e2el": 34.03376761334483
}