{
  "hw": "b200",
  "tp": 8,
  "conc": 16,
  "model": "nvidia/Llama-3.3-70B-Instruct-FP8",
  "framework": "vllm",
  "precision": "fp8",
  "tput_per_gpu": 515.3815054816931,
  "mean_ttft": 0.12097937936559902,
  "median_ttft": 0.07307831547223032,
  "std_ttft": 0.1524873606617892,
  "p99_ttft": 0.5231451954937074,
  "mean_tpot": 0.00750516191518173,
  "mean_intvty": 133.24162906827655,
  "median_tpot": 0.007434474119824664,
  "median_intvty": 134.50850509162635,
  "std_tpot": 0.0005103108811969485,
  "std_intvty": 1959.589804658823,
  "p99_tpot": 0.009083503678228971,
  "p99_intvty": 110.08967854515936,
  "mean_itl": 0.0075073936199934665,
  "median_itl": 0.006682554958388209,
  "std_itl": 0.015246673354444424,
  "p99_itl": 0.05306738008046522,
  "mean_e2el": 6.989446764335298,
  "median_e2el": 6.952374606509693,
  "std_e2el": 0.6668737729267782,
  "p99_e2el": 8.867840918955626
}