{
  "hw": "h200-trt",
  "tp": 8,
  "conc": 32,
  "model": "deepseek-ai/DeepSeek-R1-0528",
  "framework": "trt",
  "precision": "fp8",
  "tput_per_gpu": 173.13056886314303,
  "mean_ttft": 0.46712134744157086,
  "median_ttft": 0.13472324050962925,
  "std_ttft": 1.0434020569687292,
  "p99_ttft": 4.795291722817347,
  "mean_tpot": 0.02532938290083555,
  "mean_intvty": 39.47984062284488,
  "median_tpot": 0.025376289217876203,
  "median_intvty": 39.406864865630354,
  "std_tpot": 0.000452299510600972,
  "std_intvty": 2210.924346726125,
  "p99_tpot": 0.025866192200333375,
  "p99_intvty": 38.660502955170635,
  "mean_itl": 0.2531207374498516,
  "median_itl": 0.25160890258848667,
  "std_itl": 0.026190344510748288,
  "p99_itl": 0.3208157847076654,
  "mean_e2el": 188.29615535278572,
  "median_e2el": 188.46646706433967,
  "std_e2el": 12.295196834134096,
  "p99_e2el": 209.36147676387802
}