{
  "hw": "mi300x",
  "tp": 4,
  "conc": 8,
  "model": "openai/gpt-oss-120b",
  "framework": "vllm",
  "precision": "fp4",
  "tput_per_gpu": 2469.776311895829,
  "mean_ttft": 0.31323833801434375,
  "median_ttft": 0.15956301311962306,
  "std_ttft": 0.4122300100125782,
  "p99_ttft": 1.8593597668502466,
  "mean_tpot": 0.006746380311392489,
  "mean_intvty": 148.22763524186715,
  "median_tpot": 0.006693100257041843,
  "median_intvty": 149.40759313262865,
  "std_tpot": 0.0004320111902728628,
  "std_intvty": 2314.7548547721403,
  "p99_tpot": 0.007787215824365778,
  "p99_intvty": 128.41560097397763,
  "mean_itl": 0.006760701920763936,
  "median_itl": 0.005725514609366655,
  "std_itl": 0.015608407558737847,
  "p99_itl": 0.006632958245463671,
  "mean_e2el": 6.564183156867512,
  "median_e2el": 6.504144944716245,
  "std_e2el": 0.8461895306721755,
  "p99_e2el": 9.101176555748097
}