{
  "hw": "h100",
  "tp": 8,
  "conc": 16,
  "model": "openai/gpt-oss-120b",
  "framework": "vllm",
  "precision": "fp4",
  "tput_per_gpu": 379.2699505019139,
  "mean_ttft": 0.04392593670636415,
  "median_ttft": 0.031657479237765074,
  "std_ttft": 0.03808561813445969,
  "p99_ttft": 0.2035584450699389,
  "mean_tpot": 0.005777501056064239,
  "mean_intvty": 173.08521284481114,
  "median_tpot": 0.005772678051718936,
  "median_intvty": 173.22982349625906,
  "std_tpot": 9.096680132564036e-05,
  "std_intvty": 10993.021469670331,
  "p99_tpot": 0.005947237473262889,
  "p99_intvty": 168.1452951047809,
  "mean_itl": 0.005776591119110855,
  "median_itl": 0.005749013274908066,
  "std_itl": 0.0006865692463287065,
  "p99_itl": 0.006125019071623685,
  "mean_e2el": 42.657694077392804,
  "median_e2el": 42.65654490701854,
  "std_e2el": 2.8056384347941905,
  "p99_e2el": 47.56447663060389
}