{
  "hw": "b200-trt",
  "tp": 2,
  "conc": 64,
  "model": "nvidia/Llama-3.3-70B-Instruct-FP8",
  "framework": "trt",
  "precision": "fp8",
  "tput_per_gpu": 4489.478391721909,
  "mean_ttft": 0.4703672922194528,
  "median_ttft": 0.3529625501250848,
  "std_ttft": 0.41533254616835036,
  "p99_ttft": 2.2917420813208444,
  "mean_tpot": 0.013273601794900775,
  "mean_intvty": 75.33750186661189,
  "median_tpot": 0.013448774384636337,
  "median_intvty": 74.35621800172244,
  "std_tpot": 0.0005942283170876182,
  "std_intvty": 1682.854840881895,
  "p99_tpot": 0.014037379747646827,
  "p99_intvty": 71.23836627470565,
  "mean_itl": 0.13208508870975033,
  "median_itl": 0.11326164309866726,
  "std_itl": 0.060326110847304194,
  "p99_itl": 0.3818449961021543,
  "mean_e2el": 12.704129342026135,
  "median_e2el": 12.716480389004573,
  "std_e2el": 1.102067418137996,
  "p99_e2el": 15.149413263476454
}