{
  "hw": "h200-trt",
  "tp": 8,
  "conc": 16,
  "model": "deepseek-ai/DeepSeek-R1-0528",
  "framework": "trt",
  "precision": "fp8",
  "tput_per_gpu": 191.99972042892628,
  "mean_ttft": 0.5302130413911073,
  "median_ttft": 0.11276261298917234,
  "std_ttft": 1.2180209116038998,
  "p99_ttft": 4.61628507128451,
  "mean_tpot": 0.019953467665489298,
  "mean_intvty": 50.116602124730385,
  "median_tpot": 0.019942406057514166,
  "median_intvty": 50.144400686456116,
  "std_tpot": 0.0007411184213098753,
  "std_intvty": 1349.3120279382201,
  "p99_tpot": 0.021505018086802538,
  "p99_intvty": 46.50077465471616,
  "mean_itl": 0.19846245032913842,
  "median_itl": 0.1901526339352131,
  "std_itl": 0.054073966886782815,
  "p99_itl": 0.30396686440333726,
  "mean_e2el": 18.794960258464563,
  "median_e2el": 18.617873096605763,
  "std_e2el": 1.837032554677829,
  "p99_e2el": 24.063938694526442
}