{
  "hw": "mi300x",
  "tp": 4,
  "conc": 8,
  "model": "amd/Llama-3.3-70B-Instruct-FP8-KV",
  "framework": "vllm",
  "precision": "fp8",
  "tput_per_gpu": 991.8978765016525,
  "mean_ttft": 1.076015995175112,
  "median_ttft": 0.8195728384889662,
  "std_ttft": 0.8302674088358877,
  "p99_ttft": 3.915652668820694,
  "mean_tpot": 0.016506410727627062,
  "mean_intvty": 60.58252254236488,
  "median_tpot": 0.01682013805191392,
  "median_intvty": 59.452544141646484,
  "std_tpot": 0.0015400705993090407,
  "std_intvty": 649.3208820742726,
  "p99_tpot": 0.01850238631488819,
  "p99_intvty": 54.047082521206285,
  "mean_itl": 0.016554165193229903,
  "median_itl": 0.011860924772918224,
  "std_itl": 0.058940010734655386,
  "p99_itl": 0.013191253468394273,
  "mean_e2el": 16.386342208809218,
  "median_e2el": 16.277511614840478,
  "std_e2el": 2.0046958807026787,
  "p99_e2el": 20.51698874730616
}