{
  "hw": "h200",
  "tp": 4,
  "conc": 8,
  "model": "nvidia/Llama-3.3-70B-Instruct-FP8",
  "framework": "vllm",
  "precision": "fp8",
  "tput_per_gpu": 378.2394602631502,
  "mean_ttft": 0.0979003430402372,
  "median_ttft": 0.07502026949077845,
  "std_ttft": 0.06984990066541277,
  "p99_ttft": 0.3788884297106415,
  "mean_tpot": 0.010189179298238088,
  "mean_intvty": 98.14333134494159,
  "median_tpot": 0.01019799607772781,
  "median_intvty": 98.05848054638668,
  "std_tpot": 0.00011810697065981564,
  "std_intvty": 8466.900763040543,
  "p99_tpot": 0.010387198381624295,
  "p99_intvty": 96.27235018145724,
  "mean_itl": 0.01019123944716837,
  "median_itl": 0.009848490124568343,
  "std_itl": 0.0041568269449532924,
  "p99_itl": 0.010311473067849877,
  "mean_e2el": 9.556134755682432,
  "median_e2el": 9.581424839328974,
  "std_e2el": 0.6392614449377768,
  "p99_e2el": 10.533696195245719
}