{
  "hw": "h200-trt",
  "tp": 2,
  "conc": 128,
  "model": "nvidia/Llama-3.3-70B-Instruct-FP8",
  "framework": "trt",
  "precision": "fp8",
  "tput_per_gpu": 2385.6827449204648,
  "mean_ttft": 0.6592344599019271,
  "median_ttft": 0.15638119541108608,
  "std_ttft": 1.665664435990165,
  "p99_ttft": 8.148671325799079,
  "mean_tpot": 0.029311403840180543,
  "mean_intvty": 34.116414398043396,
  "median_tpot": 0.029517219675566433,
  "median_intvty": 33.87852958345441,
  "std_tpot": 0.000784691834172117,
  "std_intvty": 1274.3856332531384,
  "p99_tpot": 0.03015815415780231,
  "p99_intvty": 33.158528030843925,
  "mean_itl": 0.29297904008492504,
  "median_itl": 0.2910918975248933,
  "std_itl": 0.06340665854325334,
  "p99_itl": 0.4307656631432474,
  "mean_e2el": 216.608362485261,
  "median_e2el": 217.20742390258238,
  "std_e2el": 16.06019019909507,
  "p99_e2el": 244.98546783606523
}