{
  "hw": "b200-trt",
  "tp": 8,
  "conc": 64,
  "model": "deepseek-ai/DeepSeek-R1-0528",
  "framework": "trt",
  "precision": "fp8",
  "tput_per_gpu": 522.2837101896341,
  "mean_ttft": 1.4327195982230478,
  "median_ttft": 1.2317792751127854,
  "std_ttft": 0.9353730923420056,
  "p99_ttft": 4.168963510652539,
  "mean_tpot": 0.027868038314537307,
  "mean_intvty": 35.883401218030905,
  "median_tpot": 0.02790379143399905,
  "median_intvty": 35.83742382698437,
  "std_tpot": 0.0005254736621563044,
  "std_intvty": 1903.0449516659994,
  "p99_tpot": 0.028823530185545725,
  "p99_intvty": 34.6938766196472,
  "mean_itl": 0.2771069997119002,
  "median_itl": 0.2668424588628113,
  "std_itl": 0.04231934978826592,
  "p99_itl": 0.40510241848416617,
  "mean_e2el": 27.09845636389546,
  "median_e2el": 27.073698008898646,
  "std_e2el": 1.9294617684046769,
  "p99_e2el": 31.42265293362085
}