{
  "hw": "h200-trt",
  "tp": 8,
  "conc": 8,
  "model": "nvidia/Llama-3.3-70B-Instruct-FP8",
  "framework": "trt",
  "precision": "fp8",
  "tput_per_gpu": 160.07286768353316,
  "mean_ttft": 0.09234794548247009,
  "median_ttft": 0.059827071614563465,
  "std_ttft": 0.10200688879599433,
  "p99_ttft": 0.4126826739916578,
  "mean_tpot": 0.006825745101594912,
  "mean_intvty": 146.50415231098194,
  "median_tpot": 0.006837610207217547,
  "median_intvty": 146.24992792722145,
  "std_tpot": 3.003348958471106e-05,
  "std_intvty": 33296.164176308805,
  "p99_tpot": 0.006856191786723595,
  "p99_intvty": 145.85356289717726,
  "mean_itl": 0.06821030297640544,
  "median_itl": 0.0680258572101593,
  "std_itl": 0.004590509916261551,
  "p99_itl": 0.09425015700981021,
  "mean_e2el": 50.31303595044883,
  "median_e2el": 50.403979452792555,
  "std_e2el": 3.164304707336989,
  "p99_e2el": 56.029537289612925
}