{
  "hw": "mi300x",
  "tp": 8,
  "conc": 8,
  "model": "deepseek-ai/DeepSeek-R1-0528",
  "framework": "sglang",
  "precision": "fp8",
  "tput_per_gpu": 83.67918376416908,
  "mean_ttft": 0.19725858278688974,
  "median_ttft": 0.15916019643191248,
  "std_ttft": 0.11555009962924066,
  "p99_ttft": 0.567088955764193,
  "mean_tpot": 0.023078188560447875,
  "mean_intvty": 43.33095716679564,
  "median_tpot": 0.023150050992828887,
  "median_intvty": 43.19644912703504,
  "std_tpot": 0.0003186872346349012,
  "std_intvty": 3137.8727834694528,
  "p99_tpot": 0.023768028659613624,
  "p99_intvty": 42.07332523539023,
  "mean_itl": 0.023084225209957676,
  "median_itl": 0.022309027961455286,
  "std_itl": 0.009386296568037092,
  "p99_itl": 0.02408320226240904,
  "mean_e2el": 21.62115070828877,
  "median_e2el": 21.770185385481454,
  "std_e2el": 1.4713705738104952,
  "p99_e2el": 24.29996013728436
}