{
  "hw": "mi300x",
  "tp": 8,
  "conc": 8,
  "model": "amd/Llama-3.3-70B-Instruct-FP8-KV",
  "framework": "vllm",
  "precision": "fp8",
  "tput_per_gpu": 691.537858471511,
  "mean_ttft": 0.695666023506783,
  "median_ttft": 0.503076089778915,
  "std_ttft": 0.5514271123908095,
  "p99_ttft": 2.4240869120741264,
  "mean_tpot": 0.011913666244924953,
  "mean_intvty": 83.93721793457033,
  "median_tpot": 0.01211919428140527,
  "median_intvty": 82.51373620887658,
  "std_tpot": 0.000906399630753737,
  "std_intvty": 1103.266115817399,
  "p99_tpot": 0.013166929438697616,
  "p99_intvty": 75.94785136927972,
  "mean_itl": 0.012260855266799806,
  "median_itl": 0.009105607634410262,
  "std_itl": 0.03611032397449733,
  "p99_itl": 0.019029790502972814,
  "mean_e2el": 11.738098604831611,
  "median_e2el": 11.670069095445797,
  "std_e2el": 1.3201834275500963,
  "p99_e2el": 14.4336264387425
}