{
  "hw": "mi300x",
  "tp": 1,
  "conc": 4,
  "model": "amd/Llama-3.3-70B-Instruct-FP8-KV",
  "framework": "vllm",
  "precision": "fp8",
  "tput_per_gpu": 152.53741903428696,
  "mean_ttft": 0.28435622812685324,
  "median_ttft": 0.2384721489797812,
  "std_ttft": 0.12867077358907142,
  "p99_ttft": 0.6837468447955324,
  "mean_tpot": 0.029066461141567745,
  "mean_intvty": 34.40391298856492,
  "median_tpot": 0.029088093072290582,
  "median_intvty": 34.37832784413783,
  "std_tpot": 8.478954334569484e-05,
  "std_intvty": 11793.907132190901,
  "p99_tpot": 0.0291566458818671,
  "p99_intvty": 34.29749786898201,
  "mean_itl": 0.02906741057076092,
  "median_itl": 0.029011692997300997,
  "std_itl": 0.003579820016877595,
  "p99_itl": 0.029729678321746177,
  "mean_e2el": 211.34427753660276,
  "median_e2el": 209.45775999501348,
  "std_e2el": 13.31132089758991,
  "p99_e2el": 236.03963921405202
}