{
  "hw": "h200-trt",
  "tp": 8,
  "conc": 4,
  "model": "deepseek-ai/DeepSeek-R1-0528",
  "framework": "trt",
  "precision": "fp8",
  "tput_per_gpu": 69.28092852730873,
  "mean_ttft": 0.26778890916611997,
  "median_ttft": 0.10068840440362692,
  "std_ttft": 0.4650892704229354,
  "p99_ttft": 1.6947776702605188,
  "mean_tpot": 0.013812534541540505,
  "mean_intvty": 72.39800899628885,
  "median_tpot": 0.013819376995003317,
  "median_intvty": 72.36216222783203,
  "std_tpot": 0.0002685387861104891,
  "std_intvty": 3723.8568568957276,
  "p99_tpot": 0.014442188187495538,
  "p99_intvty": 69.24158493280324,
  "mean_itl": 0.13723370812901942,
  "median_itl": 0.13623744994401932,
  "std_itl": 0.023042738667367786,
  "p99_itl": 0.19765747217461466,
  "mean_e2el": 12.931029158807359,
  "median_e2el": 12.912845812737942,
  "std_e2el": 1.024453677847257,
  "p99_e2el": 15.494655781500041
}