{
  "hw": "h200",
  "tp": 2,
  "conc": 64,
  "model": "nvidia/Llama-3.3-70B-Instruct-FP8",
  "framework": "vllm",
  "precision": "fp8",
  "tput_per_gpu": 2693.9553415165306,
  "mean_ttft": 0.40907950881373834,
  "median_ttft": 0.1401896346360445,
  "std_ttft": 0.8555541542703341,
  "p99_ttft": 4.484564338810742,
  "mean_tpot": 0.022561318866485863,
  "mean_intvty": 44.32364995671724,
  "median_tpot": 0.022885108316989554,
  "median_intvty": 43.69653777245246,
  "std_tpot": 0.0012138372656359583,
  "std_intvty": 823.8336623122839,
  "p99_tpot": 0.024509506542565233,
  "p99_intvty": 40.8004950349905,
  "mean_itl": 0.022587514697744518,
  "median_itl": 0.018084771931171417,
  "std_itl": 0.021132592351612706,
  "p99_itl": 0.10456404872238637,
  "mean_e2el": 21.207980567043705,
  "median_e2el": 21.262744951527566,
  "std_e2el": 2.0371611276944237,
  "p99_e2el": 26.317281275577848
}