{
  "hw": "mi300x",
  "tp": 8,
  "conc": 4,
  "model": "deepseek-ai/DeepSeek-R1-0528",
  "framework": "sglang",
  "precision": "fp8",
  "tput_per_gpu": 175.536867337133,
  "mean_ttft": 0.7048890213016421,
  "median_ttft": 0.543629102408886,
  "std_ttft": 0.5769483214576592,
  "p99_ttft": 2.729297487149015,
  "mean_tpot": 0.0242321765787488,
  "mean_intvty": 41.26744441425797,
  "median_tpot": 0.02424268665442916,
  "median_intvty": 41.24955349440608,
  "std_tpot": 0.0005534772031081637,
  "std_intvty": 1806.7591481352745,
  "p99_tpot": 0.02594279107507177,
  "p99_intvty": 38.54635367128606,
  "mean_itl": 0.024227784060126184,
  "median_itl": 0.022686932235956192,
  "std_itl": 0.021015979791779542,
  "p99_itl": 0.023954472318291665,
  "mean_e2el": 22.97325056269765,
  "median_e2el": 22.63003636477515,
  "std_e2el": 1.8241269219930454,
  "p99_e2el": 27.824842728860677
}