{
  "hw": "mi300x",
  "tp": 4,
  "conc": 4,
  "model": "amd/Llama-3.3-70B-Instruct-FP8-KV",
  "framework": "vllm",
  "precision": "fp8",
  "tput_per_gpu": 640.1369709730204,
  "mean_ttft": 0.7210591710871086,
  "median_ttft": 0.6486830210778862,
  "std_ttft": 0.2731191786402277,
  "p99_ttft": 1.8725108724366875,
  "mean_tpot": 0.012964323849105192,
  "mean_intvty": 77.13475933178118,
  "median_tpot": 0.013055993634147785,
  "median_intvty": 76.59317460024741,
  "std_tpot": 0.0004868505275087572,
  "std_intvty": 2054.0185200518504,
  "p99_tpot": 0.013741803820760732,
  "p99_intvty": 72.77065027585593,
  "mean_itl": 0.012961604754409708,
  "median_itl": 0.011165131814777851,
  "std_itl": 0.03310530006907043,
  "p99_itl": 0.011662327460944652,
  "mean_e2el": 12.634393913217355,
  "median_e2el": 12.452810036251321,
  "std_e2el": 0.9794685300322528,
  "p99_e2el": 14.751204480812884
}