{
  "hw": "h100",
  "tp": 8,
  "conc": 16,
  "model": "nvidia/Llama-3.3-70B-Instruct-FP8",
  "framework": "vllm",
  "precision": "fp8",
  "tput_per_gpu": 193.51557211175933,
  "mean_ttft": 0.09228208250133321,
  "median_ttft": 0.06032645422965288,
  "std_ttft": 0.09986711610696891,
  "p99_ttft": 0.4869581663608551,
  "mean_tpot": 0.011313030908261485,
  "mean_intvty": 88.39364164290731,
  "median_tpot": 0.011339494090719479,
  "median_intvty": 88.18735580262127,
  "std_tpot": 9.731536759380782e-05,
  "std_intvty": 10275.86931772151,
  "p99_tpot": 0.01140210701077449,
  "p99_intvty": 87.7030884778615,
  "mean_itl": 0.011313287189157296,
  "median_itl": 0.011279298923909664,
  "std_itl": 0.0017350217536828095,
  "p99_itl": 0.011891922354698181,
  "mean_e2el": 83.55011870971066,
  "median_e2el": 83.60230361670256,
  "std_e2el": 5.607256513410542,
  "p99_e2el": 92.6806675111223
}