{
  "hw": "b200-trt",
  "tp": 8,
  "conc": 16,
  "model": "deepseek-ai/DeepSeek-R1-0528",
  "framework": "trt",
  "precision": "fp8",
  "tput_per_gpu": 210.53898465109842,
  "mean_ttft": 0.26312923757141105,
  "median_ttft": 0.13344413554295897,
  "std_ttft": 0.4036326863471096,
  "p99_ttft": 2.065503586254781,
  "mean_tpot": 0.018416287068868425,
  "mean_intvty": 54.29976174135758,
  "median_tpot": 0.01849928091856945,
  "median_intvty": 54.05615517715648,
  "std_tpot": 0.0004910714075232392,
  "std_intvty": 2036.363723645785,
  "p99_tpot": 0.019049368130341828,
  "p99_intvty": 52.49517953339356,
  "mean_itl": 0.18313587202009837,
  "median_itl": 0.17142930603586137,
  "std_itl": 0.0429494223408269,
  "p99_itl": 0.3499463989539072,
  "mean_e2el": 17.117352304742234,
  "median_e2el": 17.14215783047257,
  "std_e2el": 1.3283380860224805,
  "p99_e2el": 20.212830558033893
}