{
  "hw": "mi325x",
  "tp": 4,
  "conc": 8,
  "model": "amd/Llama-3.3-70B-Instruct-FP8-KV",
  "framework": "vllm",
  "precision": "fp8",
  "tput_per_gpu": 156.2634789676802,
  "mean_ttft": 0.19019214649451896,
  "median_ttft": 0.12432373396586627,
  "std_ttft": 0.20887099669776313,
  "p99_ttft": 0.9234821308590472,
  "mean_tpot": 0.014028590564416693,
  "mean_intvty": 71.28299848856412,
  "median_tpot": 0.014054385724697239,
  "median_intvty": 71.15216698818348,
  "std_tpot": 0.00010926279731993886,
  "std_intvty": 9152.246002560605,
  "p99_tpot": 0.014089751294917546,
  "p99_intvty": 70.97357356199183,
  "mean_itl": 0.014029053800361525,
  "median_itl": 0.013970966916531324,
  "std_itl": 0.0021463659238604308,
  "p99_itl": 0.01505199921084568,
  "mean_e2el": 103.4019406046369,
  "median_e2el": 103.31088187603746,
  "std_e2el": 6.4725518507324775,
  "p99_e2el": 115.21582212297945
}