{
  "hw": "mi300x",
  "tp": 2,
  "conc": 64,
  "model": "amd/Llama-3.3-70B-Instruct-FP8-KV",
  "framework": "vllm",
  "precision": "fp8",
  "tput_per_gpu": 2856.1773987466327,
  "mean_ttft": 4.415954947246064,
  "median_ttft": 1.0561151904985309,
  "std_ttft": 9.86076293644642,
  "p99_ttft": 48.986416811207306,
  "mean_tpot": 0.09501522192421531,
  "mean_intvty": 10.524629419879751,
  "median_tpot": 0.09889148788285712,
  "median_intvty": 10.112093784902497,
  "std_tpot": 0.014377814913944497,
  "std_intvty": 69.551597790436,
  "p99_tpot": 0.11998944648149926,
  "p99_intvty": 8.33406628102236,
  "mean_itl": 0.09525206363053589,
  "median_itl": 0.0420505553483963,
  "std_itl": 0.2680166054610905,
  "p99_itl": 0.976077363844961,
  "mean_e2el": 92.12033420161387,
  "median_e2el": 92.99327284307219,
  "std_e2el": 16.650916886786185,
  "p99_e2el": 138.1657464024797
}