{
  "hw": "mi300x",
  "tp": 8,
  "conc": 32,
  "model": "deepseek-ai/DeepSeek-R1-0528",
  "framework": "sglang",
  "precision": "fp8",
  "tput_per_gpu": 220.65039214267654,
  "mean_ttft": 0.338459928391967,
  "median_ttft": 0.16173352720215917,
  "std_ttft": 0.495415298053532,
  "p99_ttft": 1.7597028591670096,
  "mean_tpot": 0.03494455294746733,
  "mean_intvty": 28.61676329078569,
  "median_tpot": 0.03501037518050042,
  "median_intvty": 28.562961546238032,
  "std_tpot": 0.0016677969027491643,
  "std_intvty": 599.593390748969,
  "p99_tpot": 0.03780554203194977,
  "p99_intvty": 26.451148330445623,
  "mean_itl": 0.034966333459572736,
  "median_itl": 0.03202205616980791,
  "std_itl": 0.01853444199301505,
  "p99_itl": 0.12590542286634446,
  "mean_e2el": 32.60156781214173,
  "median_e2el": 32.76527027692646,
  "std_e2el": 2.7332143573238303,
  "p99_e2el": 37.99491542991251
}