{
  "hw": "h200-trt",
  "tp": 4,
  "conc": 8,
  "model": "nvidia/Llama-3.3-70B-Instruct-FP8",
  "framework": "trt",
  "precision": "fp8",
  "tput_per_gpu": 90.5751710328206,
  "mean_ttft": 0.512246697570663,
  "median_ttft": 0.43878649012185633,
  "std_ttft": 0.2445039824906728,
  "p99_ttft": 1.298764641280286,
  "mean_tpot": 0.024101821649139526,
  "mean_intvty": 41.49063977642128,
  "median_tpot": 0.024271915179950074,
  "median_intvty": 41.19988029729333,
  "std_tpot": 0.0005934367699018887,
  "std_intvty": 1685.0994928496382,
  "p99_tpot": 0.024542210788300496,
  "p99_intvty": 40.74612546628071,
  "mean_itl": 0.24088785905257115,
  "median_itl": 0.2397811720147729,
  "std_itl": 0.036302203312701946,
  "p99_itl": 0.26824020175263286,
  "mean_e2el": 177.868943837157,
  "median_e2el": 179.2001776774414,
  "std_e2el": 12.261687304958288,
  "p99_e2el": 199.8446627094876
}