{
  "hw": "mi300x",
  "tp": 8,
  "conc": 64,
  "model": "deepseek-ai/DeepSeek-R1-0528",
  "framework": "sglang",
  "precision": "fp8",
  "tput_per_gpu": 338.78504023782295,
  "mean_ttft": 0.518074190353218,
  "median_ttft": 0.17570821521803737,
  "std_ttft": 0.9855380047158225,
  "p99_ttft": 4.256920931502245,
  "mean_tpot": 0.04539666775535391,
  "mean_intvty": 22.028048520853467,
  "median_tpot": 0.04624071035487208,
  "median_intvty": 21.6259653522956,
  "std_tpot": 0.0024160701768684953,
  "std_intvty": 413.8952624696171,
  "p99_tpot": 0.047890691381018806,
  "p99_intvty": 20.880884597050194,
  "mean_itl": 0.04542211881253398,
  "median_itl": 0.04009975120425224,
  "std_itl": 0.026768781527024135,
  "p99_itl": 0.1399796795099974,
  "mean_e2el": 42.34339975909752,
  "median_e2el": 42.570885956985876,
  "std_e2el": 3.4761732165442663,
  "p99_e2el": 48.64060383620672
}