{
  "hw": "h200-trt",
  "tp": 8,
  "conc": 16,
  "model": "nvidia/Llama-3.3-70B-Instruct-FP8",
  "framework": "trt",
  "precision": "fp8",
  "tput_per_gpu": 282.9881592187315,
  "mean_ttft": 0.126843757025199,
  "median_ttft": 0.06415747059509158,
  "std_ttft": 0.1909438650515847,
  "p99_ttft": 0.7139254006464034,
  "mean_tpot": 0.007720315345528211,
  "mean_intvty": 129.52838779820354,
  "median_tpot": 0.007731055117400866,
  "median_intvty": 129.34845047854142,
  "std_tpot": 5.330943972833517e-05,
  "std_intvty": 18758.40386047947,
  "p99_tpot": 0.00777007737311812,
  "p99_intvty": 128.69884712598449,
  "mean_itl": 0.0771501977762821,
  "median_itl": 0.07659871317446232,
  "std_itl": 0.005397048938886278,
  "p99_itl": 0.11132010903209448,
  "mean_e2el": 57.0815304743126,
  "median_e2el": 57.2338598286733,
  "std_e2el": 3.8332412797563986,
  "p99_e2el": 63.43825815419667
}