{
  "hw": "h200-trt",
  "tp": 4,
  "conc": 32,
  "model": "nvidia/Llama-3.3-70B-Instruct-FP8",
  "framework": "trt",
  "precision": "fp8",
  "tput_per_gpu": 792.7336277603318,
  "mean_ttft": 0.21002102563379593,
  "median_ttft": 0.07373833050951362,
  "std_ttft": 0.41590773549199894,
  "p99_ttft": 1.671687851775787,
  "mean_tpot": 0.011025557337487907,
  "mean_intvty": 90.69836284828054,
  "median_tpot": 0.011058002107123606,
  "median_intvty": 90.43224900054923,
  "std_tpot": 0.00011754777843349317,
  "std_intvty": 8507.179066474537,
  "p99_tpot": 0.011136333839926174,
  "p99_intvty": 89.79615862581122,
  "mean_itl": 0.11018272817864626,
  "median_itl": 0.10923252697102726,
  "std_itl": 0.009937828762638577,
  "p99_itl": 0.15289086912758648,
  "mean_e2el": 81.97145859050833,
  "median_e2el": 82.2060895189934,
  "std_e2el": 5.2125997328689975,
  "p99_e2el": 90.60511915965297
}