{
  "hw": "mi325x",
  "tp": 2,
  "conc": 4,
  "model": "amd/Llama-3.3-70B-Instruct-FP8-KV",
  "framework": "vllm",
  "precision": "fp8",
  "tput_per_gpu": 148.55765460949476,
  "mean_ttft": 0.23374717019614763,
  "median_ttft": 0.17792590835597366,
  "std_ttft": 0.19915052670310143,
  "p99_ttft": 0.933121378144715,
  "mean_tpot": 0.014909933656411046,
  "mean_intvty": 67.0693795857378,
  "median_tpot": 0.014918781375633301,
  "median_intvty": 67.02960347909449,
  "std_tpot": 4.8928043891355194e-05,
  "std_intvty": 20438.176564354417,
  "p99_tpot": 0.014991271625400015,
  "p99_intvty": 66.70548202900144,
  "mean_itl": 0.014910630144137387,
  "median_itl": 0.0148529764264822,
  "std_itl": 0.0027079151505615055,
  "p99_itl": 0.0158931054500863,
  "mean_e2el": 108.50057781080832,
  "median_e2el": 107.70338258810807,
  "std_e2el": 6.868816565675793,
  "p99_e2el": 121.18122175974538
}