{
  "hw": "h200-trt",
  "tp": 4,
  "conc": 16,
  "model": "nvidia/Llama-3.3-70B-Instruct-FP8",
  "framework": "trt",
  "precision": "fp8",
  "tput_per_gpu": 464.71667777608417,
  "mean_ttft": 0.13308778046048247,
  "median_ttft": 0.0691111262422055,
  "std_ttft": 0.19449248149211623,
  "p99_ttft": 0.7364018432842567,
  "mean_tpot": 0.009397756822475989,
  "mean_intvty": 106.40837158164878,
  "median_tpot": 0.009412503041261603,
  "median_intvty": 106.24166553958055,
  "std_tpot": 5.9438042133847154e-05,
  "std_intvty": 16824.24191813255,
  "p99_tpot": 0.009461104645998116,
  "p99_intvty": 105.6959031124323,
  "mean_itl": 0.09391338005854746,
  "median_itl": 0.09350795391947031,
  "std_itl": 0.006342862953112399,
  "p99_itl": 0.13287079811096192,
  "mean_e2el": 69.46287956844026,
  "median_e2el": 69.60242481273599,
  "std_e2el": 4.660164637244728,
  "p99_e2el": 77.0870692093065
}