{
  "hw": "h200",
  "tp": 8,
  "conc": 16,
  "model": "deepseek-ai/DeepSeek-R1-0528",
  "framework": "sglang",
  "precision": "fp8",
  "tput_per_gpu": 215.77216684641098,
  "mean_ttft": 0.2006311183271464,
  "median_ttft": 0.11841591214761138,
  "std_ttft": 0.2378279636696589,
  "p99_ttft": 0.9394023340428248,
  "mean_tpot": 0.01805058153258524,
  "mean_intvty": 55.39987718372296,
  "median_tpot": 0.018184690948742865,
  "median_intvty": 54.99131125289382,
  "std_tpot": 0.0005898682861174051,
  "std_intvty": 1695.2937181656923,
  "p99_tpot": 0.01872399335262811,
  "p99_intvty": 53.407410543629545,
  "mean_itl": 0.17972077367108275,
  "median_itl": 0.16906712111085653,
  "std_itl": 0.03867965982771569,
  "p99_itl": 0.3423915139771998,
  "mean_e2el": 16.722586344732555,
  "median_e2el": 16.696715081110597,
  "std_e2el": 1.3083515829288677,
  "p99_e2el": 18.973364668814465
}