{
  "hw": "mi300x",
  "tp": 8,
  "conc": 16,
  "model": "deepseek-ai/DeepSeek-R1-0528",
  "framework": "sglang",
  "precision": "fp8",
  "tput_per_gpu": 148.93986106732643,
  "mean_ttft": 0.3155261573556345,
  "median_ttft": 0.17766325548291206,
  "std_ttft": 0.4061509672413748,
  "p99_ttft": 1.5789737430121749,
  "mean_tpot": 0.026067310830303076,
  "mean_intvty": 38.36222334209889,
  "median_tpot": 0.026229403587968127,
  "median_intvty": 38.12515205106367,
  "std_tpot": 0.000741088855033735,
  "std_intvty": 1349.3658597179674,
  "p99_tpot": 0.02696933916168058,
  "p99_intvty": 37.07914361583065,
  "mean_itl": 0.026075819626717598,
  "median_itl": 0.02413814514875412,
  "std_itl": 0.015575762411592153,
  "p99_itl": 0.14974479597061874,
  "mean_e2el": 24.172130155976628,
  "median_e2el": 24.05931203113869,
  "std_e2el": 1.836107648483273,
  "p99_e2el": 27.63315687423572
}