{
  "hw": "h200-trt",
  "tp": 8,
  "conc": 8,
  "model": "deepseek-ai/DeepSeek-R1-0528",
  "framework": "trt",
  "precision": "fp8",
  "tput_per_gpu": 115.11128963062137,
  "mean_ttft": 0.5133873264188878,
  "median_ttft": 0.10547753050923347,
  "std_ttft": 1.149022617046625,
  "p99_ttft": 4.0205888103693725,
  "mean_tpot": 0.016439375067832978,
  "mean_intvty": 60.8295629167015,
  "median_tpot": 0.016230962852179162,
  "median_intvty": 61.61063943694138,
  "std_tpot": 0.000921006384221959,
  "std_intvty": 1085.7688037035407,
  "p99_tpot": 0.01926882318075294,
  "p99_intvty": 51.897305332007534,
  "mean_itl": 0.1634423898618151,
  "median_itl": 0.1584258801303804,
  "std_itl": 0.09259583919381928,
  "p99_itl": 0.22214746156707407,
  "mean_e2el": 15.772777255007531,
  "median_e2el": 15.622472041519359,
  "std_e2el": 1.7024489001957686,
  "p99_e2el": 19.653783508301707
}