{
  "hw": "mi300x",
  "tp": 8,
  "conc": 4,
  "model": "deepseek-ai/DeepSeek-R1-0528",
  "framework": "sglang",
  "precision": "fp8",
  "tput_per_gpu": 43.3907672783317,
  "mean_ttft": 0.1790207193349488,
  "median_ttft": 0.14453702955506742,
  "std_ttft": 0.1436656857427498,
  "p99_ttft": 0.7515886142291124,
  "mean_tpot": 0.0222267883826697,
  "mean_intvty": 44.9907554246435,
  "median_tpot": 0.022205907314692526,
  "median_intvty": 45.03306196087519,
  "std_tpot": 0.00021704374109542373,
  "std_intvty": 4607.366215459528,
  "p99_tpot": 0.022881830363360108,
  "p99_intvty": 43.7027975524749,
  "mean_itl": 0.022230104270163014,
  "median_itl": 0.021875605918467045,
  "std_itl": 0.00844523589638849,
  "p99_itl": 0.022331235352903604,
  "mean_e2el": 20.557912838854826,
  "median_e2el": 20.669253289001063,
  "std_e2el": 1.4332558584081811,
  "p99_e2el": 23.351922972812318
}