{
  "hw": "mi300x",
  "tp": 4,
  "conc": 8,
  "model": "openai/gpt-oss-120b",
  "framework": "vllm",
  "precision": "fp4",
  "tput_per_gpu": 2480.7877843754377,
  "mean_ttft": 0.3195865344838239,
  "median_ttft": 0.16043654410168529,
  "std_ttft": 0.3995280043900212,
  "p99_ttft": 1.7812340085674072,
  "mean_tpot": 0.0067055211173954075,
  "mean_intvty": 149.13084046604644,
  "median_tpot": 0.006677024701265697,
  "median_intvty": 149.76730575977052,
  "std_tpot": 0.0003819263322776924,
  "std_intvty": 2618.305980727499,
  "p99_tpot": 0.007619409138533887,
  "p99_intvty": 131.24377255746344,
  "mean_itl": 0.006718487197929196,
  "median_itl": 0.005742974579334259,
  "std_itl": 0.014946460096482084,
  "p99_itl": 0.006606598161160944,
  "mean_e2el": 6.532087485177908,
  "median_e2el": 6.443210419267416,
  "std_e2el": 0.7995038624525096,
  "p99_e2el": 8.802208253126592
}