{
  "hw": "mi300x",
  "tp": 4,
  "conc": 32,
  "model": "amd/Llama-3.3-70B-Instruct-FP8-KV",
  "framework": "vllm",
  "precision": "fp8",
  "tput_per_gpu": 2076.525288187262,
  "mean_ttft": 1.6301542717628763,
  "median_ttft": 0.5712905749678612,
  "std_ttft": 3.0553322878257494,
  "p99_ttft": 13.525537250353954,
  "mean_tpot": 0.03201622685446493,
  "mean_intvty": 31.23416149397197,
  "median_tpot": 0.03310430195328215,
  "median_intvty": 30.20755433572446,
  "std_tpot": 0.004204005263523059,
  "std_intvty": 237.86839866179795,
  "p99_tpot": 0.0388142550980835,
  "p99_intvty": 25.763730296330642,
  "mean_itl": 0.032093763543566654,
  "median_itl": 0.01767449965700507,
  "std_itl": 0.09275270167887231,
  "p99_itl": 0.512775706239044,
  "mean_e2el": 31.299133505260397,
  "median_e2el": 31.320373801281676,
  "std_e2el": 4.8783630536993465,
  "p99_e2el": 44.489219352845105
}