{
  "hw": "mi300x",
  "tp": 2,
  "conc": 64,
  "model": "amd/Llama-3.3-70B-Instruct-FP8-KV",
  "framework": "vllm",
  "precision": "fp8",
  "tput_per_gpu": 956.7471144610007,
  "mean_ttft": 0.8397054412547732,
  "median_ttft": 0.24848675914108753,
  "std_ttft": 1.7947908388515896,
  "p99_ttft": 6.324747905516997,
  "mean_tpot": 0.0364864662317132,
  "mean_intvty": 27.407422622112495,
  "median_tpot": 0.03684886492501851,
  "median_intvty": 27.13787797900528,
  "std_tpot": 0.0009896731658187495,
  "std_intvty": 1010.4345904667498,
  "p99_tpot": 0.03738965632263388,
  "p99_intvty": 26.745364850937364,
  "mean_itl": 0.036491671957913134,
  "median_itl": 0.03548629581928253,
  "std_itl": 0.012839104817959981,
  "p99_itl": 0.03973269783891738,
  "mean_e2el": 270.3367466481097,
  "median_e2el": 270.10028174426407,
  "std_e2el": 19.171873669919325,
  "p99_e2el": 304.821626320295
}