{
  "hw": "h200-trt",
  "tp": 1,
  "conc": 32,
  "model": "nvidia/Llama-3.3-70B-Instruct-FP8",
  "framework": "trt",
  "precision": "fp8",
  "tput_per_gpu": 1286.374992421209,
  "mean_ttft": 0.43844041193660815,
  "median_ttft": 0.17655140860006213,
  "std_ttft": 0.8156260086864013,
  "p99_ttft": 3.4845083853788674,
  "mean_tpot": 0.027163595531765526,
  "mean_intvty": 36.81397769417471,
  "median_tpot": 0.02725506435150236,
  "median_intvty": 36.69042887234561,
  "std_tpot": 0.00028854374173008446,
  "std_intvty": 3465.6790474958234,
  "p99_tpot": 0.027512014972384615,
  "p99_intvty": 36.34775573522177,
  "mean_itl": 0.27147068352491566,
  "median_itl": 0.26967685064300895,
  "std_itl": 0.02741203264544304,
  "p99_itl": 0.3798728257231415,
  "mean_e2el": 201.8841093048337,
  "median_e2el": 202.58577303192578,
  "std_e2el": 12.978397851711229,
  "p99_e2el": 223.21435815533624
}