{
  "hw": "mi300x",
  "tp": 8,
  "conc": 8,
  "model": "deepseek-ai/DeepSeek-R1-0528",
  "framework": "sglang",
  "precision": "fp8",
  "tput_per_gpu": 300.2952775886132,
  "mean_ttft": 0.9291118491149973,
  "median_ttft": 0.5480093955993652,
  "std_ttft": 1.1728749339352822,
  "p99_ttft": 4.706894797352143,
  "mean_tpot": 0.02812026800058399,
  "mean_intvty": 35.56153874419804,
  "median_tpot": 0.02825899100702596,
  "median_intvty": 35.38696762921835,
  "std_tpot": 0.0011026300937808987,
  "std_intvty": 906.9224626103013,
  "p99_tpot": 0.03020895037323102,
  "p99_intvty": 33.1027721137285,
  "mean_itl": 0.028154646967020098,
  "median_itl": 0.024893790017813444,
  "std_itl": 0.03161682851612803,
  "p99_itl": 0.20653688557445965,
  "mean_e2el": 26.968288633640622,
  "median_e2el": 26.887917975196615,
  "std_e2el": 2.6092691190112443,
  "p99_e2el": 33.73034566411748
}