{
  "hw": "mi300x",
  "tp": 1,
  "conc": 32,
  "model": "amd/Llama-3.3-70B-Instruct-FP8-KV",
  "framework": "vllm",
  "precision": "fp8",
  "tput_per_gpu": 3296.575723180409,
  "mean_ttft": 4.446195249537413,
  "median_ttft": 1.4547173522878438,
  "std_ttft": 8.921993074991743,
  "p99_ttft": 39.37332916058134,
  "mean_tpot": 0.08040061929261261,
  "mean_intvty": 12.437715141976305,
  "median_tpot": 0.08343350943939756,
  "median_intvty": 11.98559196082188,
  "std_tpot": 0.011159039696922156,
  "std_intvty": 89.61344588422033,
  "p99_tpot": 0.09755974689782772,
  "p99_intvty": 10.250129093172813,
  "mean_itl": 0.08060782271995004,
  "median_itl": 0.0424358700402081,
  "std_itl": 0.2549343617175204,
  "p99_itl": 1.3669921409990635,
  "mean_e2el": 78.95754739043623,
  "median_e2el": 79.02654345682822,
  "std_e2el": 13.26609415827183,
  "p99_e2el": 116.51545205580071
}