{
  "hw": "mi300x",
  "tp": 8,
  "conc": 4,
  "model": "amd/Llama-3.3-70B-Instruct-FP8-KV",
  "framework": "vllm",
  "precision": "fp8",
  "tput_per_gpu": 405.19831333101064,
  "mean_ttft": 0.4711887859739363,
  "median_ttft": 0.4123610081151128,
  "std_ttft": 0.19903310503252283,
  "p99_ttft": 1.2970898160059006,
  "mean_tpot": 0.010339564887424246,
  "mean_intvty": 96.71586869349551,
  "median_tpot": 0.010380294985978377,
  "median_intvty": 96.33637592677205,
  "std_tpot": 0.00033777782465768284,
  "std_intvty": 2960.5259049004735,
  "p99_tpot": 0.010991082838484564,
  "p99_intvty": 90.98284624864849,
  "mean_itl": 0.010339194672443373,
  "median_itl": 0.009218578226864338,
  "std_itl": 0.02074956166677778,
  "p99_itl": 0.009707593470811845,
  "mean_e2el": 9.97420089270454,
  "median_e2el": 9.87697144318372,
  "std_e2el": 0.753116256985572,
  "p99_e2el": 11.633580477572977
}