{
  "hw": "h200-trt",
  "tp": 1,
  "conc": 16,
  "model": "nvidia/Llama-3.3-70B-Instruct-FP8",
  "framework": "trt",
  "precision": "fp8",
  "tput_per_gpu": 741.5192187870911,
  "mean_ttft": 0.31792661891668106,
  "median_ttft": 0.16402117675170302,
  "std_ttft": 0.47278129063721797,
  "p99_ttft": 1.7863713828008623,
  "mean_tpot": 0.02355158451360833,
  "mean_intvty": 42.459988177109295,
  "median_tpot": 0.023591345317876142,
  "median_intvty": 42.388426201462046,
  "std_tpot": 0.0001416237071838884,
  "std_intvty": 7060.964720416268,
  "p99_tpot": 0.02375056190385477,
  "p99_intvty": 42.10426700842382,
  "mean_itl": 0.2353573787127292,
  "median_itl": 0.23432038724422455,
  "std_itl": 0.016682537554330256,
  "p99_itl": 0.32446930922567846,
  "mean_e2el": 174.0660982858273,
  "median_e2el": 174.56907538464293,
  "std_e2el": 11.695160527871368,
  "p99_e2el": 193.05366668467406
}