{
  "hw": "mi300x",
  "tp": 8,
  "conc": 64,
  "model": "amd/Llama-3.3-70B-Instruct-FP8-KV",
  "framework": "vllm",
  "precision": "fp8",
  "tput_per_gpu": 1839.145944266775,
  "mean_ttft": 1.6020345136217657,
  "median_ttft": 0.6381094034295529,
  "std_ttft": 3.3472060522815505,
  "p99_ttft": 16.770481266053395,
  "mean_tpot": 0.03692400465337992,
  "mean_intvty": 27.082652853811258,
  "median_tpot": 0.03834602094400694,
  "median_intvty": 26.07832508776348,
  "std_tpot": 0.005248265072447873,
  "std_intvty": 190.53915650140445,
  "p99_tpot": 0.045420466399280074,
  "p99_intvty": 22.01650663842259,
  "mean_itl": 0.03700961404121184,
  "median_itl": 0.01759015303105116,
  "std_itl": 0.0960644068644216,
  "p99_itl": 0.36435640126466756,
  "mean_e2el": 35.679041269567094,
  "median_e2el": 36.05204458301887,
  "std_e2el": 5.975649213618279,
  "p99_e2el": 51.09738743582276
}