{
  "hw": "h200-trt",
  "tp": 1,
  "conc": 4,
  "model": "nvidia/Llama-3.3-70B-Instruct-FP8",
  "framework": "trt",
  "precision": "fp8",
  "tput_per_gpu": 213.48921483998618,
  "mean_ttft": 0.17562436999287456,
  "median_ttft": 0.15060174046084285,
  "std_ttft": 0.08476012263480495,
  "p99_ttft": 0.470272168032825,
  "mean_tpot": 0.02076243713002956,
  "mean_intvty": 48.16390261592456,
  "median_tpot": 0.02077007185493041,
  "median_intvty": 48.146198385087416,
  "std_tpot": 4.3549452082347956e-05,
  "std_intvty": 22962.40141228627,
  "p99_tpot": 0.020814687564370028,
  "p99_intvty": 48.04299833506848,
  "mean_itl": 0.207473946038357,
  "median_itl": 0.2071857387199998,
  "std_itl": 0.007299776027202035,
  "p99_itl": 0.21214894163422288,
  "mean_e2el": 150.93656699063723,
  "median_e2el": 149.98276584455743,
  "std_e2el": 9.482588663330086,
  "p99_e2el": 168.40725385922008
}