{
  "hw": "mi300x",
  "tp": 1,
  "conc": 16,
  "model": "amd/Llama-3.3-70B-Instruct-FP8-KV",
  "framework": "vllm",
  "precision": "fp8",
  "tput_per_gpu": 505.09353386383634,
  "mean_ttft": 0.5468212181061972,
  "median_ttft": 0.3283188627101481,
  "std_ttft": 0.7023233565831286,
  "p99_ttft": 2.8062323672510683,
  "mean_tpot": 0.03460621313349048,
  "mean_intvty": 28.896545141838732,
  "median_tpot": 0.03468963193325573,
  "median_intvty": 28.827057085069136,
  "std_tpot": 0.0003563970790580047,
  "std_intvty": 2805.8591351060063,
  "p99_tpot": 0.03503592356195948,
  "p99_intvty": 28.542133283044304,
  "mean_itl": 0.03460931338020577,
  "median_itl": 0.03428855538368225,
  "std_itl": 0.00970964266092783,
  "p99_itl": 0.036026066495105626,
  "mean_e2el": 255.85886064114166,
  "median_e2el": 257.5289180390537,
  "std_e2el": 17.406553322476267,
  "p99_e2el": 284.9779190558102
}