{
  "hw": "mi300x",
  "tp": 4,
  "conc": 16,
  "model": "amd/Llama-3.3-70B-Instruct-FP8-KV",
  "framework": "vllm",
  "precision": "fp8",
  "tput_per_gpu": 335.59705448988336,
  "mean_ttft": 0.2660724521469092,
  "median_ttft": 0.13323246757499874,
  "std_ttft": 0.395535933606187,
  "p99_ttft": 1.4876746935676783,
  "mean_tpot": 0.013018283910883837,
  "mean_intvty": 76.81504005024483,
  "median_tpot": 0.013059267211245966,
  "median_intvty": 76.57397492708103,
  "std_tpot": 0.00012149887262169239,
  "std_intvty": 8230.529044608273,
  "p99_tpot": 0.013145585982521581,
  "p99_intvty": 76.07116193447776,
  "mean_itl": 0.013518382589359224,
  "median_itl": 0.01292500994168222,
  "std_itl": 0.006038387886184833,
  "p99_itl": 0.026626550569199024,
  "mean_e2el": 96.30835075200302,
  "median_e2el": 96.59153333399445,
  "std_e2el": 6.523205912264446,
  "p99_e2el": 106.95523759528297
}