{
  "hw": "h100",
  "tp": 4,
  "conc": 4,
  "model": "nvidia/Llama-3.3-70B-Instruct-FP8",
  "framework": "vllm",
  "precision": "fp8",
  "tput_per_gpu": 93.95737185760949,
  "mean_ttft": 0.08428340498358011,
  "median_ttft": 0.07676436146721244,
  "std_ttft": 0.02573729654412136,
  "p99_ttft": 0.16810159552842377,
  "mean_tpot": 0.01179465889058035,
  "mean_intvty": 84.78413909864209,
  "median_tpot": 0.01180096714761509,
  "median_intvty": 84.73881737753116,
  "std_tpot": 3.13988475552237e-05,
  "std_intvty": 31848.3026563704,
  "p99_tpot": 0.011848906506032734,
  "p99_intvty": 84.39597354328534,
  "mean_itl": 0.011795211582907772,
  "median_itl": 0.011783420108258724,
  "std_itl": 0.00102703977338517,
  "p99_itl": 0.012109637623652816,
  "mean_e2el": 85.72990432069636,
  "median_e2el": 85.07653521839529,
  "std_e2el": 5.416315040035687,
  "p99_e2el": 95.76431067436002
}