{
  "hw": "mi300x",
  "tp": 2,
  "conc": 16,
  "model": "amd/Llama-3.3-70B-Instruct-FP8-KV",
  "framework": "vllm",
  "precision": "fp8",
  "tput_per_gpu": 405.6017753552773,
  "mean_ttft": 0.36681637339352163,
  "median_ttft": 0.20461887726560235,
  "std_ttft": 0.5105880391475669,
  "p99_ttft": 2.00377253100276,
  "mean_tpot": 0.021544079903199953,
  "mean_intvty": 46.416463571111684,
  "median_tpot": 0.02161290390994581,
  "median_intvty": 46.26865525182022,
  "std_tpot": 0.00020089550478539223,
  "std_intvty": 4977.712174636539,
  "p99_tpot": 0.021755163963194477,
  "p99_intvty": 45.966098057997,
  "mean_itl": 0.021545904272438125,
  "median_itl": 0.02134789596311748,
  "std_itl": 0.0061470877693873245,
  "p99_itl": 0.022597971535287805,
  "mean_e2el": 159.3104133751127,
  "median_e2el": 160.17572574527003,
  "std_e2el": 10.820925020834189,
  "p99_e2el": 176.92371156170032
}