{
  "hw": "h100",
  "tp": 4,
  "conc": 4,
  "model": "nvidia/Llama-3.3-70B-Instruct-FP8",
  "framework": "vllm",
  "precision": "fp8",
  "tput_per_gpu": 167.3402483874594,
  "mean_ttft": 0.07936392000410705,
  "median_ttft": 0.07152092922478914,
  "std_ttft": 0.03418465706077475,
  "p99_ttft": 0.19786491900682449,
  "mean_tpot": 0.01153938516876454,
  "mean_intvty": 86.6597297321227,
  "median_tpot": 0.011550152655401045,
  "median_intvty": 86.57894227331992,
  "std_tpot": 6.230088828527217e-05,
  "std_intvty": 16051.135505822287,
  "p99_tpot": 0.011621559350347553,
  "p99_intvty": 86.04697268702535,
  "mean_itl": 0.011539579283383797,
  "median_itl": 0.011389946565032005,
  "std_itl": 0.0027276042703164617,
  "p99_itl": 0.011660966239869595,
  "mean_e2el": 10.657984595512971,
  "median_e2el": 10.74441000400111,
  "std_e2el": 0.730861338013196,
  "p99_e2el": 11.850804420001804
}