{
  "hw": "h200-trt",
  "tp": 4,
  "conc": 4,
  "model": "nvidia/Llama-3.3-70B-Instruct-FP8",
  "framework": "trt",
  "precision": "fp8",
  "tput_per_gpu": 136.7872085490381,
  "mean_ttft": 0.08784566262911539,
  "median_ttft": 0.06575629449798726,
  "std_ttft": 0.06758585088589697,
  "p99_ttft": 0.3097210127004655,
  "mean_tpot": 0.00809670138827465,
  "mean_intvty": 123.50708665731008,
  "median_tpot": 0.008098220922306693,
  "median_intvty": 123.48391203375081,
  "std_tpot": 2.030430599906672e-05,
  "std_intvty": 49250.63678837211,
  "p99_tpot": 0.008131488912959927,
  "p99_intvty": 122.9787079222607,
  "mean_itl": 0.08090890663985678,
  "median_itl": 0.08093413201277144,
  "std_itl": 0.0031434810382794803,
  "p99_itl": 0.08215407799580135,
  "mean_e2el": 58.88030243882967,
  "median_e2el": 58.355438107508235,
  "std_e2el": 3.7127833819557554,
  "p99_e2el": 65.78545720318158
}