{
  "hw": "h200",
  "tp": 8,
  "conc": 64,
  "model": "deepseek-ai/DeepSeek-R1-0528",
  "framework": "sglang",
  "precision": "fp8",
  "tput_per_gpu": 457.85893887757055,
  "mean_ttft": 0.38090955909283364,
  "median_ttft": 0.17160797864198685,
  "std_ttft": 0.559514203609859,
  "p99_ttft": 2.3248425278719513,
  "mean_tpot": 0.03375867510288031,
  "mean_intvty": 29.622015584215845,
  "median_tpot": 0.034494195554012695,
  "median_intvty": 28.99038472818278,
  "std_tpot": 0.0021783239441960224,
  "std_intvty": 459.0685433470185,
  "p99_tpot": 0.036175941434840646,
  "p99_intvty": 27.642680752377355,
  "mean_itl": 0.3362972105203465,
  "median_itl": 0.2731370469555259,
  "std_itl": 0.11987683946756653,
  "p99_itl": 0.750981322359294,
  "mean_e2el": 31.496283322507225,
  "median_e2el": 31.809228076133877,
  "std_e2el": 2.9939799656818,
  "p99_e2el": 36.78356962752528
}