{
  "hw": "mi300x",
  "tp": 2,
  "conc": 16,
  "model": "openai/gpt-oss-120b",
  "framework": "vllm",
  "precision": "fp4",
  "tput_per_gpu": 5050.04538779772,
  "mean_ttft": 0.5338849209190812,
  "median_ttft": 0.24352394766174257,
  "std_ttft": 0.8321515441156855,
  "p99_ttft": 4.056795215713788,
  "mean_tpot": 0.013377855283102758,
  "mean_intvty": 74.75039749182184,
  "median_tpot": 0.013418880754541708,
  "median_intvty": 74.52186350650321,
  "std_tpot": 0.0011162905052455162,
  "std_intvty": 895.8241562576585,
  "p99_tpot": 0.015477880339184135,
  "p99_intvty": 64.60832995771251,
  "mean_itl": 0.013396721510633399,
  "median_itl": 0.010291461134329438,
  "std_itl": 0.028530518000484496,
  "p99_itl": 0.193797306064517,
  "mean_e2el": 12.780665172456064,
  "median_e2el": 12.674618392717093,
  "std_e2el": 1.5491310658193906,
  "p99_e2el": 16.607362620416097
}