{
  "hw": "mi300x",
  "tp": 8,
  "conc": 16,
  "model": "deepseek-ai/DeepSeek-R1-0528",
  "framework": "sglang",
  "precision": "fp8",
  "tput_per_gpu": 497.05317915981675,
  "mean_ttft": 1.2779961177438963,
  "median_ttft": 0.5532746624667197,
  "std_ttft": 2.140384929574011,
  "p99_ttft": 7.925002035554498,
  "mean_tpot": 0.033814100682003245,
  "mean_intvty": 29.573461361704243,
  "median_tpot": 0.03439298372313017,
  "median_intvty": 29.075697765863627,
  "std_tpot": 0.002259083769634143,
  "std_intvty": 442.6573345537998,
  "p99_tpot": 0.036876853472364565,
  "p99_intvty": 27.117281054073604,
  "mean_itl": 0.033864559189304415,
  "median_itl": 0.027084668399766088,
  "std_itl": 0.047468564772681764,
  "p99_itl": 0.3042717569274832,
  "mean_e2el": 32.23570596544596,
  "median_e2el": 32.20761136082001,
  "std_e2el": 3.2447130729621567,
  "p99_e2el": 39.28025547006633
}