{
  "hw": "mi300x",
  "tp": 1,
  "conc": 4,
  "model": "amd/Llama-3.3-70B-Instruct-FP8-KV",
  "framework": "vllm",
  "precision": "fp8",
  "tput_per_gpu": 931.9361151762291,
  "mean_ttft": 2.071496954187751,
  "median_ttft": 1.825110220350325,
  "std_ttft": 0.9512107918925824,
  "p99_ttft": 5.376172368749976,
  "mean_tpot": 0.03556428861554993,
  "mean_intvty": 28.118093709394927,
  "median_tpot": 0.03596797257664401,
  "median_intvty": 27.802512300883905,
  "std_tpot": 0.0018664659120141845,
  "std_intvty": 535.7719064479761,
  "p99_tpot": 0.03894001049024705,
  "p99_intvty": 25.680527236901,
  "mean_itl": 0.03557373608433254,
  "median_itl": 0.03045652247965336,
  "std_itl": 0.09591936681844386,
  "p99_itl": 0.030755720175802713,
  "mean_e2el": 34.76820691179019,
  "median_e2el": 34.25232945429161,
  "std_e2el": 2.756229389536587,
  "p99_e2el": 40.77890841306187
}