{
  "hw": "mi300x",
  "tp": 8,
  "conc": 64,
  "model": "deepseek-ai/DeepSeek-R1-0528",
  "framework": "sglang",
  "precision": "fp8",
  "tput_per_gpu": 924.4577905620017,
  "mean_ttft": 3.0193585543995143,
  "median_ttft": 0.7717534676194191,
  "std_ttft": 6.867998321974478,
  "p99_ttft": 30.57358424385078,
  "mean_tpot": 0.07351711191172675,
  "mean_intvty": 13.602275361424931,
  "median_tpot": 0.07590177010406039,
  "median_intvty": 13.174923307177322,
  "std_tpot": 0.008174710141150449,
  "std_intvty": 122.32849639109862,
  "p99_tpot": 0.08678964483009434,
  "p99_intvty": 11.522111905834757,
  "mean_itl": 0.07388488206096436,
  "median_itl": 0.04526119865477085,
  "std_itl": 0.16773225582649062,
  "p99_itl": 0.7503143211174756,
  "mean_e2el": 70.82120536698349,
  "median_e2el": 71.25999996671453,
  "std_e2el": 10.620238124778716,
  "p99_e2el": 101.38262608421967
}