{
  "hw": "mi300x",
  "tp": 4,
  "conc": 32,
  "model": "amd/Llama-3.3-70B-Instruct-FP8-KV",
  "framework": "vllm",
  "precision": "fp8",
  "tput_per_gpu": 501.06759440641383,
  "mean_ttft": 0.32206489181844516,
  "median_ttft": 0.1372084345202893,
  "std_ttft": 0.5855445219215312,
  "p99_ttft": 2.213122671786696,
  "mean_tpot": 0.01745402569538679,
  "mean_intvty": 57.29337274118408,
  "median_tpot": 0.01754034054646642,
  "median_intvty": 57.01143585843632,
  "std_tpot": 0.0004609507399589171,
  "std_intvty": 2169.429210785357,
  "p99_tpot": 0.018125622824342227,
  "p99_intvty": 55.17051798391318,
  "mean_itl": 0.01745965675405006,
  "median_itl": 0.017071573063731194,
  "std_itl": 0.005935994859580537,
  "p99_itl": 0.019046509731560947,
  "mean_e2el": 129.7849285326025,
  "median_e2el": 129.75768251391128,
  "std_e2el": 9.143431754380446,
  "p99_e2el": 146.47919867941644
}