{
  "hw": "mi300x",
  "tp": 4,
  "conc": 16,
  "model": "amd/Llama-3.3-70B-Instruct-FP8-KV",
  "framework": "vllm",
  "precision": "fp8",
  "tput_per_gpu": 1226.9473289335056,
  "mean_ttft": 1.6281300573551563,
  "median_ttft": 1.099059531930834,
  "std_ttft": 1.657133085321121,
  "p99_ttft": 6.883773131025955,
  "mean_tpot": 0.027044781731650057,
  "mean_intvty": 36.975709766210336,
  "median_tpot": 0.028262678175778846,
  "median_intvty": 35.38235102068287,
  "std_tpot": 0.004000059041504825,
  "std_intvty": 249.99630996041483,
  "p99_tpot": 0.03175742341360491,
  "p99_intvty": 31.488700672473293,
  "mean_itl": 0.027154603120222425,
  "median_itl": 0.013618629891425371,
  "std_itl": 0.11630888708492094,
  "p99_itl": 0.9378373842500151,
  "mean_e2el": 26.43419908514479,
  "median_e2el": 26.91388069279492,
  "std_e2el": 3.909932836664358,
  "p99_e2el": 33.170403765952216
}