{
  "hw": "mi300x",
  "tp": 4,
  "conc": 64,
  "model": "amd/Llama-3.3-70B-Instruct-FP8-KV",
  "framework": "vllm",
  "precision": "fp8",
  "tput_per_gpu": 1322.6691457688703,
  "mean_ttft": 0.5302981365027335,
  "median_ttft": 0.1447078755008988,
  "std_ttft": 1.0674226223760288,
  "p99_ttft": 3.789867408754071,
  "mean_tpot": 0.022985190087467067,
  "mean_intvty": 43.50627496203572,
  "median_tpot": 0.023519265590192465,
  "median_intvty": 42.51833443375035,
  "std_tpot": 0.0015498652860663363,
  "std_intvty": 645.2173675933269,
  "p99_tpot": 0.024721143038005447,
  "p99_intvty": 40.45120399419371,
  "mean_itl": 0.023008813153955764,
  "median_itl": 0.018196941004134715,
  "std_itl": 0.021889670105452768,
  "p99_itl": 0.10835071400506421,
  "mean_e2el": 21.71713671414036,
  "median_e2el": 21.900022870482644,
  "std_e2el": 2.1048497727066993,
  "p99_e2el": 26.149890772579823
}