{
  "hw": "mi300x",
  "tp": 1,
  "conc": 8,
  "model": "amd/Llama-3.3-70B-Instruct-FP8-KV",
  "framework": "vllm",
  "precision": "fp8",
  "tput_per_gpu": 1377.96796083588,
  "mean_ttft": 3.0246070791617967,
  "median_ttft": 2.3981105857528746,
  "std_ttft": 2.165803804528317,
  "p99_ttft": 10.491918729655445,
  "mean_tpot": 0.04764719157870533,
  "mean_intvty": 20.987595844933782,
  "median_tpot": 0.04872090157810846,
  "median_intvty": 20.5250717373696,
  "std_tpot": 0.004864520060784955,
  "std_intvty": 205.57012562481586,
  "p99_tpot": 0.055197372227690576,
  "p99_intvty": 18.116804471687065,
  "mean_itl": 0.04779002081769367,
  "median_itl": 0.0322901401668787,
  "std_itl": 0.19085496507166358,
  "p99_itl": 0.03311111275106668,
  "mean_e2el": 47.223805023671595,
  "median_e2el": 47.28939874097705,
  "std_e2el": 6.087606895560565,
  "p99_e2el": 60.00156551574357
}