{
  "hw": "h200-trt",
  "tp": 8,
  "conc": 32,
  "model": "deepseek-ai/DeepSeek-R1-0528",
  "framework": "trt",
  "precision": "fp8",
  "tput_per_gpu": 292.7527202131587,
  "mean_ttft": 0.47087740071074224,
  "median_ttft": 0.12923023849725723,
  "std_ttft": 1.0135648672275,
  "p99_ttft": 4.639867778364569,
  "mean_tpot": 0.026173719281872333,
  "mean_intvty": 38.20626290175697,
  "median_tpot": 0.026167909639455447,
  "median_intvty": 38.21474522719309,
  "std_tpot": 0.0010942443758491472,
  "std_intvty": 913.8726431415173,
  "p99_tpot": 0.028573769468771118,
  "p99_intvty": 34.997132635682576,
  "mean_itl": 0.26029356413788196,
  "median_itl": 0.24328963150037453,
  "std_itl": 0.07394890084245262,
  "p99_itl": 0.42810304159356743,
  "mean_e2el": 24.62937358385752,
  "median_e2el": 24.53925654149498,
  "std_e2el": 2.1917917994678358,
  "p99_e2el": 30.346486749750913
}