{
  "hw": "b200-trt",
  "tp": 8,
  "conc": 4,
  "model": "deepseek-ai/DeepSeek-R1-0528",
  "framework": "trt",
  "precision": "fp8",
  "tput_per_gpu": 65.8734764093086,
  "mean_ttft": 0.19179238398210147,
  "median_ttft": 0.15849210345186293,
  "std_ttft": 0.105115487055312,
  "p99_ttft": 0.5990156568144448,
  "mean_tpot": 0.014599388598253622,
  "mean_intvty": 68.49601908121139,
  "median_tpot": 0.014635356145812503,
  "median_intvty": 68.32768468611008,
  "std_tpot": 0.00019566592748495787,
  "std_intvty": 5110.751845524442,
  "p99_tpot": 0.014824813870537022,
  "p99_intvty": 67.45447253050574,
  "mean_itl": 0.14504272312177455,
  "median_itl": 0.14263587188906968,
  "std_itl": 0.022550242533436862,
  "p99_itl": 0.2601563939359039,
  "mean_e2el": 13.575609475455712,
  "median_e2el": 13.697025813511573,
  "std_e2el": 0.9416314959385039,
  "p99_e2el": 15.275664680518675
}