{
  "hw": "h200-trt",
  "tp": 2,
  "conc": 8,
  "model": "nvidia/Llama-3.3-70B-Instruct-FP8",
  "framework": "trt",
  "precision": "fp8",
  "tput_per_gpu": 340.87361831037936,
  "mean_ttft": 0.1383031458768528,
  "median_ttft": 0.0938866650685668,
  "std_ttft": 0.13755363511227192,
  "p99_ttft": 0.5771138652367516,
  "mean_tpot": 0.012825845268599529,
  "mean_intvty": 77.96757087411763,
  "median_tpot": 0.012831198389015676,
  "median_intvty": 77.93504314110393,
  "std_tpot": 4.711732981447895e-05,
  "std_intvty": 21223.61356081567,
  "p99_tpot": 0.012896469012829316,
  "p99_intvty": 77.54060425417276,
  "mean_itl": 0.12816639178997333,
  "median_itl": 0.12780604185536504,
  "std_itl": 0.006529493438386589,
  "p99_itl": 0.15266712429001927,
  "mean_e2el": 94.50241101534338,
  "median_e2el": 94.67238852661103,
  "std_e2el": 5.9121170448809295,
  "p99_e2el": 105.2860916768387
}