{
  "hw": "mi300x",
  "tp": 2,
  "conc": 16,
  "model": "amd/Llama-3.3-70B-Instruct-FP8-KV",
  "framework": "vllm",
  "precision": "fp8",
  "tput_per_gpu": 1355.0430337610326,
  "mean_ttft": 2.9999700236832725,
  "median_ttft": 2.035662312526256,
  "std_ttft": 3.0409015165536593,
  "p99_ttft": 13.486813676925376,
  "mean_tpot": 0.04900122315468668,
  "mean_intvty": 20.407653842501194,
  "median_tpot": 0.051148519925917985,
  "median_intvty": 19.55090785517099,
  "std_tpot": 0.007504970242812509,
  "std_intvty": 133.24503197833428,
  "p99_tpot": 0.05918540108508823,
  "p99_intvty": 16.896058515550894,
  "mean_itl": 0.04917068990106519,
  "median_itl": 0.022334236651659012,
  "std_itl": 0.23033324484853548,
  "p99_itl": 1.7797142629977316,
  "mean_e2el": 47.94997067032964,
  "median_e2el": 48.71449416363612,
  "std_e2el": 7.497123535062239,
  "p99_e2el": 61.23884000947699
}