{
  "hw": "h100",
  "tp": 2,
  "conc": 32,
  "model": "nvidia/Llama-3.3-70B-Instruct-FP8",
  "framework": "vllm",
  "precision": "fp8",
  "tput_per_gpu": 1311.862229164988,
  "mean_ttft": 0.26897133348102215,
  "median_ttft": 0.1163214254193008,
  "std_ttft": 0.4739642761748475,
  "p99_ttft": 2.3926587565988306,
  "mean_tpot": 0.023409970390140276,
  "mean_intvty": 42.71684172745371,
  "median_tpot": 0.023617166893401983,
  "median_intvty": 42.34208127137272,
  "std_tpot": 0.0007072527235615457,
  "std_intvty": 1413.921737853837,
  "p99_tpot": 0.02442712384164633,
  "p99_intvty": 40.938098422176026,
  "mean_itl": 0.02341994410034544,
  "median_itl": 0.02115513477474451,
  "std_itl": 0.014973057891508759,
  "p99_itl": 0.09544322956353427,
  "mean_e2el": 21.878334071068092,
  "median_e2el": 21.885913483332843,
  "std_e2el": 1.657084203178108,
  "p99_e2el": 25.46275713834912
}