{
  "hw": "mi300x",
  "tp": 4,
  "conc": 64,
  "model": "amd/Llama-3.3-70B-Instruct-FP8-KV",
  "framework": "vllm",
  "precision": "fp8",
  "tput_per_gpu": 2443.6401194205578,
  "mean_ttft": 2.5364376831152184,
  "median_ttft": 0.9561907055031043,
  "std_ttft": 5.4399816480547925,
  "p99_ttft": 26.9001611873979,
  "mean_tpot": 0.05551220496115903,
  "mean_intvty": 18.01405656106947,
  "median_tpot": 0.057566436992137746,
  "median_intvty": 17.371233174229232,
  "std_tpot": 0.008207669179351992,
  "std_intvty": 121.83726928415888,
  "p99_tpot": 0.06989611762810477,
  "p99_intvty": 14.306946278771662,
  "mean_itl": 0.0556473411877835,
  "median_itl": 0.025315451028291136,
  "std_itl": 0.1558171643076,
  "p99_itl": 0.5716807995946147,
  "mean_e2el": 53.77433557330833,
  "median_e2el": 54.23115796101047,
  "std_e2el": 9.416399285255826,
  "p99_e2el": 79.14504280934169
}