{
  "hw": "mi300x",
  "tp": 4,
  "conc": 16,
  "model": "openai/gpt-oss-120b",
  "framework": "vllm",
  "precision": "fp4",
  "tput_per_gpu": 3726.9828707970382,
  "mean_ttft": 0.42536616485740525,
  "median_ttft": 0.15816500666551292,
  "std_ttft": 0.7331792755654152,
  "p99_ttft": 3.3565149928629365,
  "mean_tpot": 0.00896944123534121,
  "mean_intvty": 111.48966515994557,
  "median_tpot": 0.008815004126873848,
  "median_intvty": 113.44294178505845,
  "std_tpot": 0.000822399588303876,
  "std_intvty": 1215.9539161034947,
  "p99_tpot": 0.011019472861289289,
  "p99_intvty": 90.74844256052725,
  "mean_itl": 0.00897910633148603,
  "median_itl": 0.00693558668717742,
  "std_itl": 0.022157178565019853,
  "p99_itl": 0.11565569043159485,
  "mean_e2el": 8.632886494265403,
  "median_e2el": 8.412989080883563,
  "std_e2el": 1.2584419476816135,
  "p99_e2el": 12.146920186565257
}