{
  "hw": "h200-trt",
  "tp": 8,
  "conc": 128,
  "model": "nvidia/Llama-3.3-70B-Instruct-FP8",
  "framework": "trt",
  "precision": "fp8",
  "tput_per_gpu": 847.2281897230619,
  "mean_ttft": 0.31492930316817364,
  "median_ttft": 0.09030047012493014,
  "std_ttft": 0.729912630907356,
  "p99_ttft": 3.5170857738796624,
  "mean_tpot": 0.020748622875064477,
  "mean_intvty": 48.19596972875688,
  "median_tpot": 0.020909935660227006,
  "median_intvty": 47.82415480608627,
  "std_tpot": 0.0006273639946561264,
  "std_intvty": 1593.9709778023278,
  "p99_tpot": 0.021094994331609714,
  "p99_intvty": 47.40461098401689,
  "mean_itl": 0.20735559832960895,
  "median_itl": 0.20564749604091048,
  "std_itl": 0.025360177364392115,
  "p99_itl": 0.2633524859137833,
  "mean_e2el": 153.15269074468634,
  "median_e2el": 153.45632855105214,
  "std_e2el": 11.367355812355521,
  "p99_e2el": 172.23109019696247
}