{
  "hw": "mi300x",
  "tp": 8,
  "conc": 16,
  "model": "amd/Llama-3.3-70B-Instruct-FP8-KV",
  "framework": "vllm",
  "precision": "fp8",
  "tput_per_gpu": 901.4957004595943,
  "mean_ttft": 0.9810492343094666,
  "median_ttft": 0.6392343873158097,
  "std_ttft": 1.0688569709576914,
  "p99_ttft": 4.399273663396015,
  "mean_tpot": 0.018484554971667632,
  "mean_intvty": 54.09921967462885,
  "median_tpot": 0.01921304775820835,
  "median_intvty": 52.04796306055982,
  "std_tpot": 0.0023469986793337597,
  "std_intvty": 426.07608125449354,
  "p99_tpot": 0.02173832931954194,
  "p99_intvty": 46.0016952223204,
  "mean_itl": 0.01854080043922497,
  "median_itl": 0.010622116504237056,
  "std_itl": 0.06817208622518639,
  "p99_itl": 0.5429766531335191,
  "mean_e2el": 17.930353562854,
  "median_e2el": 18.083815628662705,
  "std_e2el": 2.409455174591456,
  "p99_e2el": 22.166183356866238
}