{
  "hw": "h200-trt",
  "tp": 2,
  "conc": 16,
  "model": "nvidia/Llama-3.3-70B-Instruct-FP8",
  "framework": "trt",
  "precision": "fp8",
  "tput_per_gpu": 641.3203536254368,
  "mean_ttft": 0.18952249237918295,
  "median_ttft": 0.09652379900217056,
  "std_ttft": 0.2830732158298084,
  "p99_ttft": 1.0665992310084402,
  "mean_tpot": 0.013616318506070367,
  "mean_intvty": 73.44129028372716,
  "median_tpot": 0.013637388286764824,
  "median_intvty": 73.3278234051975,
  "std_tpot": 8.123780582180929e-05,
  "std_intvty": 12309.539750414304,
  "p99_tpot": 0.013724408250403306,
  "p99_intvty": 72.86288645418384,
  "mean_itl": 0.13607168284293872,
  "median_itl": 0.13555512391030788,
  "std_itl": 0.00934022899529965,
  "p99_itl": 0.18907033309340476,
  "mean_e2el": 100.641890854534,
  "median_e2el": 100.94321642396972,
  "std_e2el": 6.766176221861609,
  "p99_e2el": 111.65895914147607
}