{
  "hw": "h100",
  "tp": 2,
  "conc": 4,
  "model": "nvidia/Llama-3.3-70B-Instruct-FP8",
  "framework": "vllm",
  "precision": "fp8",
  "tput_per_gpu": 123.59781915961757,
  "mean_ttft": 0.12384184543043375,
  "median_ttft": 0.11254237219691277,
  "std_ttft": 0.05160121962936666,
  "p99_ttft": 0.30036124049685897,
  "mean_tpot": 0.01793321100117451,
  "mean_intvty": 55.762462167790616,
  "median_tpot": 0.01793502483428113,
  "median_intvty": 55.75682271086646,
  "std_tpot": 5.687581520138132e-05,
  "std_intvty": 17582.16557352682,
  "p99_tpot": 0.0180311388670574,
  "p99_intvty": 55.45961391418175,
  "mean_itl": 0.017933697869288685,
  "median_itl": 0.017913974821567535,
  "std_itl": 0.00156890697951263,
  "p99_itl": 0.018548800228163603,
  "mean_e2el": 130.34131861664355,
  "median_e2el": 128.9651126950048,
  "std_e2el": 8.190794568147139,
  "p99_e2el": 145.71606953063048
}