{
  "hw": "h200-trt",
  "tp": 8,
  "conc": 32,
  "model": "nvidia/Llama-3.3-70B-Instruct-FP8",
  "framework": "trt",
  "precision": "fp8",
  "tput_per_gpu": 462.9664690691093,
  "mean_ttft": 0.14145524531486445,
  "median_ttft": 0.061299965251237154,
  "std_ttft": 0.24468956997905922,
  "p99_ttft": 1.0122107751108707,
  "mean_tpot": 0.00945698107178987,
  "mean_intvty": 105.74199021958447,
  "median_tpot": 0.009496077328896266,
  "median_intvty": 105.30664034896085,
  "std_tpot": 0.00012968393520369686,
  "std_intvty": 7711.055331790189,
  "p99_tpot": 0.009545881726365904,
  "p99_intvty": 104.75721663699031,
  "mean_itl": 0.09450452064021969,
  "median_itl": 0.09368659276515245,
  "std_itl": 0.007694274024792093,
  "p99_itl": 0.1288764524459839,
  "mean_e2el": 70.26882995789929,
  "median_e2el": 70.45933109289035,
  "std_e2el": 4.491044170993846,
  "p99_e2el": 77.58753572437912
}