{
  "hw": "mi300x",
  "tp": 1,
  "conc": 32,
  "model": "amd/Llama-3.3-70B-Instruct-FP8-KV",
  "framework": "vllm",
  "precision": "fp8",
  "tput_per_gpu": 952.6797848587237,
  "mean_ttft": 0.7420537536323536,
  "median_ttft": 0.31170951831154525,
  "std_ttft": 1.3400215608327357,
  "p99_ttft": 4.90872739600949,
  "mean_tpot": 0.03668096381201106,
  "mean_intvty": 27.262097177298088,
  "median_tpot": 0.03685555425519385,
  "median_intvty": 27.132952419487097,
  "std_tpot": 0.0005562508845241576,
  "std_intvty": 1797.7499502862736,
  "p99_tpot": 0.03732321529176919,
  "p99_intvty": 26.792975690401672,
  "mean_itl": 0.03668804323823045,
  "median_itl": 0.0360860051587224,
  "std_itl": 0.012858351987699013,
  "p99_itl": 0.04053578344173729,
  "mean_e2el": 272.7828623770241,
  "median_e2el": 273.7847354535479,
  "std_e2el": 17.921341527086277,
  "p99_e2el": 302.89992326610724
}