{
  "hw": "mi300x",
  "tp": 1,
  "conc": 16,
  "model": "amd/Llama-3.3-70B-Instruct-FP8-KV",
  "framework": "vllm",
  "precision": "fp8",
  "tput_per_gpu": 1605.3257201164938,
  "mean_ttft": 5.038024775858503,
  "median_ttft": 3.6009251005016267,
  "std_ttft": 4.85718504590021,
  "p99_ttft": 21.140531514538452,
  "mean_tpot": 0.08283704974437228,
  "mean_intvty": 12.071892988534847,
  "median_tpot": 0.08649265698454014,
  "median_intvty": 11.561675116290413,
  "std_tpot": 0.013279119679146823,
  "std_intvty": 75.30619680839035,
  "p99_tpot": 0.10089388085125028,
  "p99_intvty": 9.911403858815962,
  "mean_itl": 0.08314360453398958,
  "median_itl": 0.034961352590471506,
  "std_itl": 0.4085500561989208,
  "p99_itl": 3.1799061216413973,
  "mean_e2el": 81.04478999808198,
  "median_e2el": 82.59179584821686,
  "std_e2el": 13.440064648029363,
  "p99_e2el": 104.18540202674455
}