{
  "hw": "mi300x",
  "tp": 8,
  "conc": 4,
  "model": "amd/Llama-3.3-70B-Instruct-FP8-KV",
  "framework": "vllm",
  "precision": "fp8",
  "tput_per_gpu": 101.03103413951666,
  "mean_ttft": 0.17344929002574644,
  "median_ttft": 0.12619407050078735,
  "std_ttft": 0.16640912025432647,
  "p99_ttft": 0.75819653759012,
  "mean_tpot": 0.009466136375425102,
  "mean_intvty": 105.63972040336174,
  "median_tpot": 0.009479222149904851,
  "median_intvty": 105.49388802013017,
  "std_tpot": 0.00014811692488747778,
  "std_intvty": 6751.422909702488,
  "p99_tpot": 0.009834558182805965,
  "p99_intvty": 101.68224961527281,
  "mean_itl": 0.00946589281586295,
  "median_itl": 0.009191323013510555,
  "std_itl": 0.005864361410676567,
  "p99_itl": 0.0094526328262873,
  "mean_e2el": 8.851069717848441,
  "median_e2el": 8.9124379689747,
  "std_e2el": 0.6359655816437133,
  "p99_e2el": 10.223599076637184
}