{
  "hw": "mi300x",
  "tp": 2,
  "conc": 4,
  "model": "amd/Llama-3.3-70B-Instruct-FP8-KV",
  "framework": "vllm",
  "precision": "fp8",
  "tput_per_gpu": 234.84365698997138,
  "mean_ttft": 0.2231018062971998,
  "median_ttft": 0.14696528355125338,
  "std_ttft": 0.237074600847991,
  "p99_ttft": 0.9978442833153531,
  "mean_tpot": 0.016353219873295112,
  "mean_intvty": 61.1500369803628,
  "median_tpot": 0.016375035000716288,
  "median_intvty": 61.068571759160044,
  "std_tpot": 0.00016290662640366908,
  "std_intvty": 6138.4857207838995,
  "p99_tpot": 0.016616824714023596,
  "p99_intvty": 60.17996923058714,
  "mean_itl": 0.016529034595706562,
  "median_itl": 0.01605870807543397,
  "std_itl": 0.007213307796886664,
  "p99_itl": 0.032224856810644256,
  "mean_e2el": 15.217002114787466,
  "median_e2el": 15.30326904146932,
  "std_e2el": 1.0854740965146237,
  "p99_e2el": 17.442044944085648
}