{
  "hw": "mi300x",
  "tp": 2,
  "conc": 4,
  "model": "amd/Llama-3.3-70B-Instruct-FP8-KV",
  "framework": "vllm",
  "precision": "fp8",
  "tput_per_gpu": 749.4877341660887,
  "mean_ttft": 1.3497651024023072,
  "median_ttft": 1.1957488576881588,
  "std_ttft": 0.5308503694662805,
  "p99_ttft": 3.3145781879872076,
  "mean_tpot": 0.022046981321513,
  "mean_intvty": 45.357683458652005,
  "median_tpot": 0.022318094588271036,
  "median_intvty": 44.80669243715528,
  "std_tpot": 0.0011048572027615867,
  "std_intvty": 905.0943393413227,
  "p99_tpot": 0.02327032538303174,
  "p99_intvty": 42.97318509904379,
  "mean_itl": 0.02204691613586735,
  "median_itl": 0.018697403371334076,
  "std_itl": 0.061583317848297896,
  "p99_itl": 0.019144326783716678,
  "mean_e2el": 21.61363669196144,
  "median_e2el": 21.238833555020392,
  "std_e2el": 1.752437876372782,
  "p99_e2el": 25.502067502820864
}