{
  "hw": "mi300x",
  "tp": 2,
  "conc": 32,
  "model": "amd/Llama-3.3-70B-Instruct-FP8-KV",
  "framework": "vllm",
  "precision": "fp8",
  "tput_per_gpu": 2414.4716521906516,
  "mean_ttft": 2.9197882655862486,
  "median_ttft": 0.999693086836487,
  "std_ttft": 5.605797476183183,
  "p99_ttft": 24.85204777070787,
  "mean_tpot": 0.05499177131434431,
  "mean_intvty": 18.184538815521936,
  "median_tpot": 0.057166011448249954,
  "median_intvty": 17.492911866087756,
  "std_tpot": 0.007430747209918029,
  "std_intvty": 134.57596816983246,
  "p99_tpot": 0.06546926685308076,
  "p99_intvty": 15.27434242152268,
  "mean_itl": 0.05512796005894863,
  "median_itl": 0.029310933779925108,
  "std_itl": 0.1704323794749087,
  "p99_itl": 0.9219715661462397,
  "mean_e2el": 53.8826585138042,
  "median_e2el": 54.0323422010988,
  "std_e2el": 8.706536555567483,
  "p99_e2el": 77.72192088827491
}