{
  "hw": "mi300x",
  "tp": 8,
  "conc": 32,
  "model": "deepseek-ai/DeepSeek-R1-0528",
  "framework": "sglang",
  "precision": "fp8",
  "tput_per_gpu": 700.4802265918271,
  "mean_ttft": 1.834162936960638,
  "median_ttft": 0.5712273938115686,
  "std_ttft": 3.771357285872613,
  "p99_ttft": 15.534975084429608,
  "mean_tpot": 0.04787656315229724,
  "mean_intvty": 20.88704648282627,
  "median_tpot": 0.04924356297556906,
  "median_intvty": 20.3072227023078,
  "std_tpot": 0.004434517029524508,
  "std_intvty": 225.50370048014568,
  "p99_tpot": 0.0543757537444697,
  "p99_intvty": 18.390549668503773,
  "mean_itl": 0.047953390306962135,
  "median_itl": 0.03401000192388892,
  "std_itl": 0.08123673290142844,
  "p99_itl": 0.34955106417648474,
  "mean_e2el": 46.164524568598424,
  "median_e2el": 46.21080231340602,
  "std_e2el": 5.902783607704558,
  "p99_e2el": 62.83695128395688
}