{
  "hw": "mi300x",
  "tp": 8,
  "conc": 32,
  "model": "amd/Llama-3.3-70B-Instruct-FP8-KV",
  "framework": "vllm",
  "precision": "fp8",
  "tput_per_gpu": 1453.0939751371332,
  "mean_ttft": 1.0877811187659971,
  "median_ttft": 0.3999138860963285,
  "std_ttft": 1.9461647864062435,
  "p99_ttft": 8.708359414879233,
  "mean_tpot": 0.02290063878106217,
  "mean_intvty": 43.666904209980224,
  "median_tpot": 0.023689870604249062,
  "median_intvty": 42.212134321267165,
  "std_tpot": 0.002714739141628511,
  "std_intvty": 368.3595173715742,
  "p99_tpot": 0.02703315678655365,
  "p99_intvty": 36.99161026200988,
  "mean_itl": 0.022951780649207925,
  "median_itl": 0.013552689924836159,
  "std_itl": 0.06155073931481078,
  "p99_itl": 0.3355765635799618,
  "mean_e2el": 22.303259414354397,
  "median_e2el": 22.41141790151596,
  "std_e2el": 3.2281711515818685,
  "p99_e2el": 30.80664466425311
}