{
  "hw": "h200",
  "tp": 8,
  "conc": 4,
  "model": "deepseek-ai/DeepSeek-R1-0528",
  "framework": "sglang",
  "precision": "fp8",
  "tput_per_gpu": 78.59276567789792,
  "mean_ttft": 0.12129211500287056,
  "median_ttft": 0.10704702977091074,
  "std_ttft": 0.04080202798730763,
  "p99_ttft": 0.2621527527179569,
  "mean_tpot": 0.012289495969142961,
  "mean_intvty": 81.37030212718622,
  "median_tpot": 0.012312921599163716,
  "median_intvty": 81.21549316678174,
  "std_tpot": 0.0001933654197835506,
  "std_intvty": 5171.55549901001,
  "p99_tpot": 0.012508821201790714,
  "p99_intvty": 79.94358412100765,
  "mean_itl": 0.12233307998274513,
  "median_itl": 0.1205067434348166,
  "std_itl": 0.0166098568952586,
  "p99_itl": 0.20527429438196124,
  "mean_e2el": 11.388168640993536,
  "median_e2el": 11.53563224710524,
  "std_e2el": 0.8051347491172527,
  "p99_e2el": 12.669218540554866
}