{
  "hw": "h200",
  "tp": 8,
  "conc": 32,
  "model": "nvidia/Llama-3.3-70B-Instruct-FP8",
  "framework": "vllm",
  "precision": "fp8",
  "tput_per_gpu": 694.964084831063,
  "mean_ttft": 0.13773335020814556,
  "median_ttft": 0.07402468053624034,
  "std_ttft": 0.18237660183062357,
  "p99_ttft": 0.9344699369464072,
  "mean_tpot": 0.011033804583435485,
  "mean_intvty": 90.63057012095823,
  "median_tpot": 0.011106833286166323,
  "median_intvty": 90.03466372773511,
  "std_tpot": 0.0002998320828169074,
  "std_intvty": 3335.200124699966,
  "p99_tpot": 0.011400726520040243,
  "p99_intvty": 87.71370826606497,
  "mean_itl": 0.01103778672813928,
  "median_itl": 0.00995634961873293,
  "std_itl": 0.006808483403029275,
  "p99_itl": 0.0449800567701459,
  "mean_e2el": 10.322195517399814,
  "median_e2el": 10.30747399572283,
  "std_e2el": 0.7666798422528991,
  "p99_e2el": 12.011008367938922
}