{
  "hw": "h200",
  "tp": 1,
  "conc": 16,
  "model": "nvidia/Llama-3.3-70B-Instruct-FP8",
  "framework": "vllm",
  "precision": "fp8",
  "tput_per_gpu": 1250.8742251209633,
  "mean_ttft": 0.3241828449594323,
  "median_ttft": 0.18082062201574445,
  "std_ttft": 0.435792942289967,
  "p99_ttft": 2.0198938821442427,
  "mean_tpot": 0.024776116387216822,
  "mean_intvty": 40.36145069595926,
  "median_tpot": 0.02493985369713038,
  "median_intvty": 40.096466167925506,
  "std_tpot": 0.0005756895673667869,
  "std_intvty": 1737.047285004687,
  "p99_tpot": 0.02537507222316823,
  "p99_intvty": 39.408754828566316,
  "mean_itl": 0.02478683269621089,
  "median_itl": 0.02319963090121746,
  "std_itl": 0.014962991991112675,
  "p99_itl": 0.12689614016562697,
  "mean_e2el": 22.999022363568656,
  "median_e2el": 22.94519529910758,
  "std_e2el": 1.6945982665818846,
  "p99_e2el": 26.05575186801143
}