{
  "hw": "mi300x",
  "tp": 2,
  "conc": 8,
  "model": "amd/Llama-3.3-70B-Instruct-FP8-KV",
  "framework": "vllm",
  "precision": "fp8",
  "tput_per_gpu": 1152.3737707680289,
  "mean_ttft": 1.8593041391752194,
  "median_ttft": 1.4121973575092852,
  "std_ttft": 1.4089673568538852,
  "p99_ttft": 6.6814682588324645,
  "mean_tpot": 0.028418757111691728,
  "mean_intvty": 35.18802726205753,
  "median_tpot": 0.028901637940280833,
  "median_intvty": 34.60011512379645,
  "std_tpot": 0.0027371768012391315,
  "std_intvty": 365.33993695522184,
  "p99_tpot": 0.03222582900025187,
  "p99_intvty": 31.031009318400596,
  "mean_itl": 0.028502435670610813,
  "median_itl": 0.019684611994307488,
  "std_itl": 0.11008333844920476,
  "p99_itl": 0.02056035370565951,
  "mean_e2el": 28.220137862384583,
  "median_e2el": 28.102622375503415,
  "std_e2el": 3.6236652565181777,
  "p99_e2el": 35.589626323656404
}