{
  "hw": "mi325x",
  "tp": 2,
  "conc": 8,
  "model": "amd/Llama-3.3-70B-Instruct-FP8-KV",
  "framework": "vllm",
  "precision": "fp8",
  "tput_per_gpu": 277.66977362711305,
  "mean_ttft": 0.2911019963939907,
  "median_ttft": 0.18930467939935625,
  "std_ttft": 0.3356807882851885,
  "p99_ttft": 1.3760199093003758,
  "mean_tpot": 0.015759074865299545,
  "mean_intvty": 63.45550157908919,
  "median_tpot": 0.015785144947270464,
  "median_intvty": 63.35070113961279,
  "std_tpot": 0.00010504450117093023,
  "std_intvty": 9519.774846403267,
  "p99_tpot": 0.01585577507212306,
  "p99_intvty": 63.06850314483565,
  "mean_itl": 0.01576021196554267,
  "median_itl": 0.01566177699714899,
  "std_itl": 0.004025775211947936,
  "p99_itl": 0.016894074033480137,
  "mean_e2el": 116.23898108928697,
  "median_e2el": 116.53546191006899,
  "std_e2el": 7.320665560342346,
  "p99_e2el": 129.57879077355378
}