{
  "hw": "h200",
  "tp": 8,
  "conc": 32,
  "model": "deepseek-ai/DeepSeek-R1-0528",
  "framework": "sglang",
  "precision": "fp8",
  "tput_per_gpu": 293.85970169893983,
  "mean_ttft": 0.31579296899726617,
  "median_ttft": 0.16043083649128675,
  "std_ttft": 0.4077858843422732,
  "p99_ttft": 1.5568951754365117,
  "mean_tpot": 0.026319709976488647,
  "mean_intvty": 37.99433963722618,
  "median_tpot": 0.026737126143341866,
  "median_intvty": 37.40117747280861,
  "std_tpot": 0.0013626910994642108,
  "std_intvty": 733.8420280232143,
  "p99_tpot": 0.027821359985137916,
  "p99_intvty": 35.94360593925663,
  "mean_itl": 0.2619874850408746,
  "median_itl": 0.23167268512770534,
  "std_itl": 0.0765830815591372,
  "p99_itl": 0.5671002662461251,
  "mean_e2el": 24.616769424892844,
  "median_e2el": 24.733675818424672,
  "std_e2el": 2.1274195181071858,
  "p99_e2el": 28.389835104104133
}