{
  "hw": "mi300x",
  "tp": 8,
  "conc": 4,
  "model": "openai/gpt-oss-120b",
  "framework": "vllm",
  "precision": "fp4",
  "tput_per_gpu": 786.6559880646294,
  "mean_ttft": 0.2720244148280472,
  "median_ttft": 0.12699454883113503,
  "std_ttft": 0.30880269628363916,
  "p99_ttft": 1.160762819163501,
  "mean_tpot": 0.005293854542208075,
  "mean_intvty": 188.8982766766573,
  "median_tpot": 0.0052121291527427675,
  "median_intvty": 191.86017281896633,
  "std_tpot": 0.0002807865610976077,
  "std_intvty": 3561.4240086525283,
  "p99_tpot": 0.006039741947895731,
  "p99_intvty": 165.56998769598158,
  "mean_itl": 0.005290113340500389,
  "median_itl": 0.004928489215672016,
  "std_itl": 0.009652697406286158,
  "p99_itl": 0.005304102562367916,
  "mean_e2el": 5.1342996042920275,
  "median_e2el": 5.117885306477547,
  "std_e2el": 0.4924600073279441,
  "p99_e2el": 6.296306198071688
}