{
  "hw": "h200",
  "tp": 8,
  "conc": 16,
  "model": "nvidia/Llama-3.3-70B-Instruct-FP8",
  "framework": "vllm",
  "precision": "fp8",
  "tput_per_gpu": 401.60580788329634,
  "mean_ttft": 0.10117933649453334,
  "median_ttft": 0.07045070547610521,
  "std_ttft": 0.09805502242855489,
  "p99_ttft": 0.5046124159125611,
  "mean_tpot": 0.009683867886637077,
  "mean_intvty": 103.26452319531496,
  "median_tpot": 0.009734193246371063,
  "median_intvty": 102.73065005903833,
  "std_tpot": 0.00017882629794980083,
  "std_intvty": 5592.018687769932,
  "p99_tpot": 0.009902039433542793,
  "p99_intvty": 100.98929687277723,
  "mean_itl": 0.009686327129045864,
  "median_itl": 0.009177067782729864,
  "std_itl": 0.004577714283957263,
  "p99_itl": 0.043499673288315534,
  "mean_e2el": 8.9631392270996,
  "median_e2el": 8.977683349279687,
  "std_e2el": 0.6454285893988297,
  "p99_e2el": 10.138686956563033
}