{
  "hw": "mi300x",
  "tp": 1,
  "conc": 32,
  "model": "amd/Llama-3.3-70B-Instruct-FP8-KV",
  "framework": "vllm",
  "precision": "fp8",
  "tput_per_gpu": 1588.3525053923033,
  "mean_ttft": 0.7620968411181821,
  "median_ttft": 0.3318781740963459,
  "std_ttft": 1.2849037267386056,
  "p99_ttft": 4.821654351176694,
  "mean_tpot": 0.03832421879127777,
  "mean_intvty": 26.093160709843104,
  "median_tpot": 0.03894662466557462,
  "median_intvty": 25.67616599863946,
  "std_tpot": 0.0019254547035888329,
  "std_intvty": 519.3578421430072,
  "p99_tpot": 0.040892332923155764,
  "p99_intvty": 24.454461961834863,
  "mean_itl": 0.03835356611662758,
  "median_itl": 0.03193031903356314,
  "std_itl": 0.039944274387965495,
  "p99_itl": 0.2683341162279249,
  "mean_e2el": 36.150572596729035,
  "median_e2el": 36.1113631404005,
  "std_e2el": 3.042458144270225,
  "p99_e2el": 42.61326192064211
}