{
  "hw": "mi300x",
  "tp": 4,
  "conc": 4,
  "model": "amd/Llama-3.3-70B-Instruct-FP8-KV",
  "framework": "vllm",
  "precision": "fp8",
  "tput_per_gpu": 102.08087244264517,
  "mean_ttft": 0.19794626102084295,
  "median_ttft": 0.1306095365434885,
  "std_ttft": 0.196204291002136,
  "p99_ttft": 0.8526825123885646,
  "mean_tpot": 0.010842407681501479,
  "mean_intvty": 92.23043712939578,
  "median_tpot": 0.010847110405865175,
  "median_intvty": 92.19045096648844,
  "std_tpot": 3.102878338052888e-05,
  "std_intvty": 32228.140811589736,
  "p99_tpot": 0.010888323006359998,
  "p99_intvty": 91.84150758715444,
  "mean_itl": 0.011390037592163133,
  "median_itl": 0.010813507251441479,
  "std_itl": 0.004831881573423673,
  "p99_itl": 0.021980613470077525,
  "mean_e2el": 78.9275943870889,
  "median_e2el": 78.35595866851509,
  "std_e2el": 4.990434182174279,
  "p99_e2el": 88.13686778856442
}