{
  "hw": "h100",
  "tp": 8,
  "conc": 64,
  "model": "nvidia/Llama-3.3-70B-Instruct-FP8",
  "framework": "vllm",
  "precision": "fp8",
  "tput_per_gpu": 527.744686175199,
  "mean_ttft": 0.1757594487397,
  "median_ttft": 0.07019426673650742,
  "std_ttft": 0.3542926195136735,
  "p99_ttft": 1.768498548809439,
  "mean_tpot": 0.016524686472220385,
  "mean_intvty": 60.515520320527585,
  "median_tpot": 0.016665634887008694,
  "median_intvty": 60.0037146367299,
  "std_tpot": 0.00044539073805733074,
  "std_intvty": 2245.21956689472,
  "p99_tpot": 0.016933381766899753,
  "p99_intvty": 59.05494919831864,
  "mean_itl": 0.016525539899680936,
  "median_itl": 0.01628068368881941,
  "std_itl": 0.003925522738158023,
  "p99_itl": 0.018991933111101388,
  "mean_e2el": 122.2196085297779,
  "median_e2el": 121.83447645651177,
  "std_e2el": 8.52097807729786,
  "p99_e2el": 137.5845412737038
}