{
  "hw": "h200",
  "tp": 8,
  "conc": 8,
  "model": "deepseek-ai/DeepSeek-R1-0528",
  "framework": "sglang",
  "precision": "fp8",
  "tput_per_gpu": 134.04175345932225,
  "mean_ttft": 0.1807696469593793,
  "median_ttft": 0.1452600872144103,
  "std_ttft": 0.09866909745097215,
  "p99_ttft": 0.4933335539791733,
  "mean_tpot": 0.014381853694821273,
  "mean_intvty": 69.5320659783994,
  "median_tpot": 0.01433940587447748,
  "median_intvty": 69.73789630851351,
  "std_tpot": 0.00042749725549581866,
  "std_intvty": 2339.196303939268,
  "p99_tpot": 0.015332611093347267,
  "p99_intvty": 65.22046335825307,
  "mean_itl": 0.1431477720753363,
  "median_itl": 0.13519367296248674,
  "std_itl": 0.033823415977697543,
  "p99_itl": 0.26572140038944825,
  "mean_e2el": 13.532877886469942,
  "median_e2el": 13.649889089167118,
  "std_e2el": 0.9910962744036874,
  "p99_e2el": 15.73810806638561
}