{
  "hw": "mi300x",
  "tp": 1,
  "conc": 8,
  "model": "openai/gpt-oss-120b",
  "framework": "vllm",
  "precision": "fp4",
  "tput_per_gpu": 4982.74163848582,
  "mean_ttft": 0.6072607003967277,
  "median_ttft": 0.3501828098669648,
  "std_ttft": 0.6475749965438441,
  "p99_ttft": 3.2008378155529456,
  "mean_tpot": 0.013420237472078439,
  "mean_intvty": 74.51432972632239,
  "median_tpot": 0.01343345248925262,
  "median_intvty": 74.44102704052037,
  "std_tpot": 0.0008068264315137633,
  "std_intvty": 1239.4239466396825,
  "p99_tpot": 0.014886487779742224,
  "p99_intvty": 67.17501231961621,
  "mean_itl": 0.0134445325245506,
  "median_itl": 0.011294428259134293,
  "std_itl": 0.02783116124627786,
  "p99_itl": 0.013066527321934689,
  "mean_e2el": 13.041604509146419,
  "median_e2el": 12.933116032276303,
  "std_e2el": 1.459626108174647,
  "p99_e2el": 16.741395323090252
}