{
  "hw": "h100",
  "tp": 2,
  "conc": 8,
  "model": "nvidia/Llama-3.3-70B-Instruct-FP8",
  "framework": "vllm",
  "precision": "fp8",
  "tput_per_gpu": 425.8748678158638,
  "mean_ttft": 0.1498885077307932,
  "median_ttft": 0.10870839795097709,
  "std_ttft": 0.1368588243859798,
  "p99_ttft": 0.5907954210136086,
  "mean_tpot": 0.01812736080594214,
  "mean_intvty": 55.16522844694526,
  "median_tpot": 0.01817623356836,
  "median_intvty": 55.01689864619338,
  "std_tpot": 0.00017832546240964645,
  "std_intvty": 5607.724138142515,
  "p99_tpot": 0.018377907979107995,
  "p99_intvty": 54.413157424490315,
  "mean_itl": 0.01813097094838853,
  "median_itl": 0.017626154236495495,
  "std_itl": 0.006284157001947941,
  "p99_itl": 0.018184710247442133,
  "mean_e2el": 16.976789233181627,
  "median_e2el": 17.07638097461313,
  "std_e2el": 1.1289255841685015,
  "p99_e2el": 18.73013142957352
}