{
  "hw": "h100",
  "tp": 4,
  "conc": 64,
  "model": "nvidia/Llama-3.3-70B-Instruct-FP8",
  "framework": "vllm",
  "precision": "fp8",
  "tput_per_gpu": 1571.2224843211814,
  "mean_ttft": 0.25560518668498844,
  "median_ttft": 0.08716151723638177,
  "std_ttft": 0.546794673139113,
  "p99_ttft": 2.8480033337604254,
  "mean_tpot": 0.01947038392762556,
  "mean_intvty": 51.36005554472655,
  "median_tpot": 0.019742690777687935,
  "median_intvty": 50.651656922578304,
  "std_tpot": 0.0009087451395673496,
  "std_intvty": 1100.4185403138404,
  "p99_tpot": 0.02059712133894107,
  "p99_intvty": 48.55047380380251,
  "mean_itl": 0.019486595328152504,
  "median_itl": 0.016426502726972103,
  "std_itl": 0.014162757299636673,
  "p99_itl": 0.07306155394762756,
  "mean_e2el": 18.19913607817434,
  "median_e2el": 18.306249731220305,
  "std_e2el": 1.5918092006963194,
  "p99_e2el": 21.643173171021047
}