{
  "hw": "h200-trt",
  "tp": 8,
  "conc": 4,
  "model": "nvidia/Llama-3.3-70B-Instruct-FP8",
  "framework": "trt",
  "precision": "fp8",
  "tput_per_gpu": 86.24424264536775,
  "mean_ttft": 0.07994635566137731,
  "median_ttft": 0.059799363603815436,
  "std_ttft": 0.061119754689876904,
  "p99_ttft": 0.2765255918260664,
  "mean_tpot": 0.006420328257534698,
  "mean_intvty": 155.75527603692709,
  "median_tpot": 0.006427272275605282,
  "median_intvty": 155.58699820381048,
  "std_tpot": 2.656767655811205e-05,
  "std_intvty": 37639.7235118652,
  "p99_tpot": 0.006461477041614449,
  "p99_intvty": 154.76337585966914,
  "mean_itl": 0.06415668892734899,
  "median_itl": 0.06411774293519557,
  "std_itl": 0.0037479834303538987,
  "p99_itl": 0.06504346425645054,
  "mean_e2el": 46.69940414761659,
  "median_e2el": 46.1432531028986,
  "std_e2el": 2.943954205716618,
  "p99_e2el": 52.217651113295
}