{
  "hw": "mi300x",
  "tp": 4,
  "conc": 4,
  "model": "openai/gpt-oss-120b",
  "framework": "vllm",
  "precision": "fp4",
  "tput_per_gpu": 1550.4393492478212,
  "mean_ttft": 0.2964628292364068,
  "median_ttft": 0.1476255168672651,
  "std_ttft": 0.3500453018278188,
  "p99_ttft": 1.3971158795431255,
  "mean_tpot": 0.0053519556966071915,
  "mean_intvty": 186.84758557211862,
  "median_tpot": 0.005254868346971658,
  "median_intvty": 190.29972474501525,
  "std_tpot": 0.0003415870761656398,
  "std_intvty": 2927.5112256152447,
  "p99_tpot": 0.006244605426269318,
  "p99_intvty": 160.13822038991898,
  "mean_itl": 0.005404683493371323,
  "median_itl": 0.004885368514806032,
  "std_itl": 0.012764682280541069,
  "p99_itl": 0.009818207630887628,
  "mean_e2el": 5.213913905411028,
  "median_e2el": 5.19535500346683,
  "std_e2el": 0.5389225840238,
  "p99_e2el": 6.550210777949542
}