{
  "hw": "h100",
  "tp": 4,
  "conc": 8,
  "model": "nvidia/Llama-3.3-70B-Instruct-FP8",
  "framework": "vllm",
  "precision": "fp8",
  "tput_per_gpu": 175.05260420264216,
  "mean_ttft": 0.10220124439802021,
  "median_ttft": 0.0793950199149549,
  "std_ttft": 0.0769082683321349,
  "p99_ttft": 0.351368606807664,
  "mean_tpot": 0.012491821963183528,
  "mean_intvty": 80.05237370074965,
  "median_tpot": 0.012511165431869791,
  "median_intvty": 79.92860500850641,
  "std_tpot": 6.165806690264445e-05,
  "std_intvty": 16218.47797432506,
  "p99_tpot": 0.01257004803256747,
  "p99_intvty": 79.55419083595554,
  "mean_itl": 0.01249269920319498,
  "median_itl": 0.012467370834201574,
  "std_itl": 0.001639478583599642,
  "p99_itl": 0.013117988472804428,
  "mean_e2el": 92.01098915105686,
  "median_e2el": 92.27341817738488,
  "std_e2el": 5.804377153546539,
  "p99_e2el": 102.55797266816721
}