{
  "hw": "h200",
  "tp": 1,
  "conc": 8,
  "model": "openai/gpt-oss-120b",
  "framework": "vllm",
  "precision": "fp4",
  "tput_per_gpu": 1714.2192544164575,
  "mean_ttft": 0.1107372201513499,
  "median_ttft": 0.08969484269618988,
  "std_ttft": 0.070874370727933,
  "p99_ttft": 0.35800392732955516,
  "mean_tpot": 0.009024960784175959,
  "mean_intvty": 110.80380556925677,
  "median_tpot": 0.009013384311292363,
  "median_intvty": 110.94611806878757,
  "std_tpot": 0.0004045136156654922,
  "std_intvty": 2472.104674041277,
  "p99_tpot": 0.009640331592370498,
  "p99_intvty": 103.73087174630122,
  "mean_itl": 0.009027952483515478,
  "median_itl": 0.008680880069732666,
  "std_itl": 0.004726614831629869,
  "p99_itl": 0.012054149201139808,
  "mean_e2el": 8.489354007656221,
  "median_e2el": 8.500705153681338,
  "std_e2el": 0.6892383920580083,
  "p99_e2el": 9.751776571301743
}