{
  "hw": "mi300x",
  "tp": 4,
  "conc": 8,
  "model": "amd/Llama-3.3-70B-Instruct-FP8-KV",
  "framework": "vllm",
  "precision": "fp8",
  "tput_per_gpu": 987.1993011863935,
  "mean_ttft": 1.0905432799714618,
  "median_ttft": 0.8131865216419101,
  "std_ttft": 0.7907650537039416,
  "p99_ttft": 3.552277250094339,
  "mean_tpot": 0.016575463647335843,
  "mean_intvty": 60.33013744147838,
  "median_tpot": 0.016946183863925247,
  "median_intvty": 59.010335780009044,
  "std_tpot": 0.0015605120104056505,
  "std_intvty": 640.815317877658,
  "p99_tpot": 0.018657082574647692,
  "p99_intvty": 53.59894806698541,
  "mean_itl": 0.016624489652962954,
  "median_itl": 0.01193936262279749,
  "std_itl": 0.05934977127665407,
  "p99_itl": 0.013157725892961023,
  "mean_e2el": 16.46300066835247,
  "median_e2el": 16.368633120320737,
  "std_e2el": 2.0097919435635903,
  "p99_e2el": 20.231681568473572
}