{
  "hw": "mi300x",
  "tp": 1,
  "conc": 64,
  "model": "openai/gpt-oss-120b",
  "framework": "vllm",
  "precision": "fp4",
  "tput_per_gpu": 4136.727391854172,
  "mean_ttft": 0.4722931207173133,
  "median_ttft": 0.13650675900862552,
  "std_ttft": 0.9599923099375269,
  "p99_ttft": 4.711432927965652,
  "mean_tpot": 0.02983795269241315,
  "mean_intvty": 33.51436374702305,
  "median_tpot": 0.0299199298637169,
  "median_intvty": 33.422538239726066,
  "std_tpot": 0.0016588405649289218,
  "std_intvty": 602.8306885796757,
  "p99_tpot": 0.03418425979029977,
  "p99_intvty": 29.25322958971202,
  "mean_itl": 0.029862099018587072,
  "median_itl": 0.026159405999351293,
  "std_itl": 0.024716224173037146,
  "p99_itl": 0.08531144062289972,
  "mean_e2el": 27.969733685824032,
  "median_e2el": 27.861439882486593,
  "std_e2el": 2.9836253860740016,
  "p99_e2el": 36.92381465252315
}