{
  "hw": "h200-trt",
  "tp": 8,
  "conc": 8,
  "model": "deepseek-ai/DeepSeek-R1-0528",
  "framework": "trt",
  "precision": "fp8",
  "tput_per_gpu": 116.10396761166342,
  "mean_ttft": 0.3388678904870176,
  "median_ttft": 0.12077506101923063,
  "std_ttft": 0.6055293945291067,
  "p99_ttft": 2.3442368484649343,
  "mean_tpot": 0.01647638290303145,
  "mean_intvty": 60.69293278053234,
  "median_tpot": 0.016359748334627146,
  "median_intvty": 61.12563467027141,
  "std_tpot": 0.0005265423972690878,
  "std_intvty": 1899.182297924156,
  "p99_tpot": 0.017861946246279816,
  "p99_intvty": 55.98494062248531,
  "mean_itl": 0.1638260032590149,
  "median_itl": 0.1587289939634502,
  "std_itl": 0.048953283713409165,
  "p99_itl": 0.24217919981339944,
  "mean_e2el": 15.634072883205954,
  "median_e2el": 15.647604507015785,
  "std_e2el": 1.2969806082187951,
  "p99_e2el": 18.203565783115334
}