{
  "hw": "mi300x",
  "tp": 8,
  "conc": 4,
  "model": "deepseek-ai/DeepSeek-R1-0528",
  "framework": "sglang",
  "precision": "fp8",
  "tput_per_gpu": 25.65651368918732,
  "mean_ttft": 0.25195586546324195,
  "median_ttft": 0.17661805590614676,
  "std_ttft": 0.26001843080907344,
  "p99_ttft": 1.1654599320236594,
  "mean_tpot": 0.0215833513117654,
  "mean_intvty": 46.33200773852416,
  "median_tpot": 0.021600971740276607,
  "median_intvty": 46.29421361333603,
  "std_tpot": 0.00010192928222001203,
  "std_intvty": 9810.723456695425,
  "p99_tpot": 0.021744039970185258,
  "p99_intvty": 45.989613768700224,
  "mean_itl": 0.021584302055432446,
  "median_itl": 0.021569545846432447,
  "std_itl": 0.0029754314374150046,
  "p99_itl": 0.02193664615042508,
  "mean_e2el": 156.97665190713013,
  "median_e2el": 155.10897449264303,
  "std_e2el": 9.943207770566165,
  "p99_e2el": 175.78783002885058
}