{
  "hw": "mi300x",
  "tp": 8,
  "conc": 32,
  "model": "amd/Llama-3.3-70B-Instruct-FP8-KV",
  "framework": "vllm",
  "precision": "fp8",
  "tput_per_gpu": 340.1242757070235,
  "mean_ttft": 0.28454554799827747,
  "median_ttft": 0.1385857700370252,
  "std_ttft": 0.44390719105092136,
  "p99_ttft": 1.6602846966404468,
  "mean_tpot": 0.01284214396914644,
  "mean_intvty": 77.86861776371018,
  "median_tpot": 0.012917824405433563,
  "median_intvty": 77.41241625636084,
  "std_tpot": 0.0002112455453069504,
  "std_intvty": 4733.827634315079,
  "p99_tpot": 0.013050757710193,
  "p99_intvty": 76.6239035469161,
  "mean_itl": 0.012844504601665157,
  "median_itl": 0.012574519030749798,
  "std_itl": 0.005540625166827027,
  "p99_itl": 0.01320319352671504,
  "mean_e2el": 95.52618577196554,
  "median_e2el": 95.99793587857857,
  "std_e2el": 6.2730752841873,
  "p99_e2el": 105.83703354883939
}