{
  "hw": "mi300x",
  "tp": 4,
  "conc": 64,
  "model": "amd/Llama-3.3-70B-Instruct-FP8-KV",
  "framework": "vllm",
  "precision": "fp8",
  "tput_per_gpu": 2399.0253772887404,
  "mean_ttft": 2.5431718053514487,
  "median_ttft": 0.9334562532603741,
  "std_ttft": 5.459526420568752,
  "p99_ttft": 27.39469979936257,
  "mean_tpot": 0.05659591296950868,
  "mean_intvty": 17.669120392823327,
  "median_tpot": 0.058863156356982166,
  "median_intvty": 16.988555522496767,
  "std_tpot": 0.008379853683860652,
  "std_intvty": 119.3338258311085,
  "p99_tpot": 0.07089664196023475,
  "p99_intvty": 14.105040413069078,
  "mean_itl": 0.05673465722044159,
  "median_itl": 0.025960353203117847,
  "std_itl": 0.15520384003754636,
  "p99_itl": 0.5746794437523931,
  "mean_e2el": 54.78213917824032,
  "median_e2el": 55.31880387151614,
  "std_e2el": 9.577046739026262,
  "p99_e2el": 80.55852089750582
}