{
  "hw": "mi300x",
  "tp": 8,
  "conc": 16,
  "model": "openai/gpt-oss-120b",
  "framework": "vllm",
  "precision": "fp4",
  "tput_per_gpu": 557.2553359667173,
  "mean_ttft": 0.23683906889637002,
  "median_ttft": 0.04863992892205715,
  "std_ttft": 0.5294134965871021,
  "p99_ttft": 2.6021398829948157,
  "mean_tpot": 0.00681828331161885,
  "mean_intvty": 146.66448346256416,
  "median_tpot": 0.006684470654712176,
  "median_intvty": 149.60047723375916,
  "std_tpot": 0.00047295812887878465,
  "std_intvty": 2114.352072498773,
  "p99_tpot": 0.008286489651127323,
  "p99_intvty": 120.67836226211378,
  "mean_itl": 0.006818480749922908,
  "median_itl": 0.006251128390431404,
  "std_itl": 0.013480273419406016,
  "p99_itl": 0.023924574833363292,
  "mean_e2el": 6.475024341745302,
  "median_e2el": 6.3566679009236395,
  "std_e2el": 0.9235738948476017,
  "p99_e2el": 9.859581765383481
}