{
  "hw": "mi300x",
  "tp": 1,
  "conc": 8,
  "model": "openai/gpt-oss-120b",
  "framework": "vllm",
  "precision": "fp4",
  "tput_per_gpu": 5333.109813820765,
  "mean_ttft": 0.6323928252677433,
  "median_ttft": 0.3661509808152914,
  "std_ttft": 0.6644598801960944,
  "p99_ttft": 3.2634308156184804,
  "mean_tpot": 0.012468511981254092,
  "mean_intvty": 80.20203224758976,
  "median_tpot": 0.012510671165991282,
  "median_intvty": 79.93176279130225,
  "std_tpot": 0.0008522147058516936,
  "std_intvty": 1173.413217506745,
  "p99_tpot": 0.014245273091578555,
  "p99_intvty": 70.19872441695587,
  "mean_itl": 0.012499875133595644,
  "median_itl": 0.010341762565076351,
  "std_itl": 0.028204362479642087,
  "p99_itl": 0.0120200929697603,
  "mean_e2el": 12.189776982739568,
  "median_e2el": 12.092206843663007,
  "std_e2el": 1.4884573840453974,
  "p99_e2el": 16.157768845232205
}