{
  "hw": "mi300x",
  "tp": 4,
  "conc": 16,
  "model": "amd/Llama-3.3-70B-Instruct-FP8-KV",
  "framework": "vllm",
  "precision": "fp8",
  "tput_per_gpu": 313.5779334476653,
  "mean_ttft": 0.24490146036841906,
  "median_ttft": 0.128022454213351,
  "std_ttft": 0.3560590532172336,
  "p99_ttft": 1.4104095296841115,
  "mean_tpot": 0.013935085719000474,
  "mean_intvty": 71.76130955811065,
  "median_tpot": 0.01397814840792027,
  "median_intvty": 71.5402334284405,
  "std_tpot": 0.00011928193391982189,
  "std_intvty": 8383.499220193506,
  "p99_tpot": 0.014056139429541393,
  "p99_intvty": 71.14328973561034,
  "mean_itl": 0.0139358680726996,
  "median_itl": 0.013865611515939236,
  "std_itl": 0.0039103761672082925,
  "p99_itl": 0.014363712491467595,
  "mean_e2el": 103.04945167701226,
  "median_e2el": 103.37491749227047,
  "std_e2el": 6.960809868015043,
  "p99_e2el": 114.32253846248612
}