{
  "hw": "mi325x",
  "tp": 1,
  "conc": 16,
  "model": "openai/gpt-oss-120b",
  "framework": "vllm",
  "precision": "fp4",
  "tput_per_gpu": 2522.26086617107,
  "mean_ttft": 0.2932727449951926,
  "median_ttft": 0.09226882131770253,
  "std_ttft": 0.5964765775680239,
  "p99_ttft": 2.7260346870869396,
  "mean_tpot": 0.012219932131375566,
  "mean_intvty": 81.83351505139927,
  "median_tpot": 0.012233498726643317,
  "median_intvty": 81.74276405670453,
  "std_tpot": 0.0006211799348947675,
  "std_intvty": 1609.8395067596757,
  "p99_tpot": 0.013181144394238361,
  "p99_intvty": 75.86594684730957,
  "mean_itl": 0.012224473901158333,
  "median_itl": 0.011431005783379078,
  "std_itl": 0.012482431171296729,
  "p99_itl": 0.05591284442692994,
  "mean_e2el": 11.477367180478177,
  "median_e2el": 11.585394389694557,
  "std_e2el": 1.1542674285631018,
  "p99_e2el": 14.837495033671148
}