{
  "hw": "h200",
  "tp": 8,
  "conc": 64,
  "model": "nvidia/Llama-3.3-70B-Instruct-FP8",
  "framework": "vllm",
  "precision": "fp8",
  "tput_per_gpu": 641.5167695242037,
  "mean_ttft": 0.18109351151797454,
  "median_ttft": 0.07879967615008354,
  "std_ttft": 0.34299779053228047,
  "p99_ttft": 1.80096741293557,
  "mean_tpot": 0.01357615519787248,
  "mean_intvty": 73.65855689073959,
  "median_tpot": 0.013791639261957067,
  "median_intvty": 72.50769694639602,
  "std_tpot": 0.0005264756951102841,
  "std_intvty": 1899.4229159819502,
  "p99_tpot": 0.01398475538400617,
  "p99_intvty": 71.50643486718843,
  "mean_itl": 0.013576406679611845,
  "median_itl": 0.013248372357338667,
  "std_itl": 0.003620180058112289,
  "p99_itl": 0.01575220497325063,
  "mean_e2el": 100.44510532016139,
  "median_e2el": 99.9129119925201,
  "std_e2el": 7.434082350415978,
  "p99_e2el": 113.96940763793886
}