{
  "hw": "mi300x",
  "tp": 8,
  "conc": 64,
  "model": "openai/gpt-oss-120b",
  "framework": "vllm",
  "precision": "fp4",
  "tput_per_gpu": 4546.833313681006,
  "mean_ttft": 0.7158030588112524,
  "median_ttft": 0.20805720146745443,
  "std_ttft": 1.578480128488489,
  "p99_ttft": 7.422986096353272,
  "mean_tpot": 0.014814956607892607,
  "mean_intvty": 67.49935396147256,
  "median_tpot": 0.01509952071969193,
  "median_intvty": 66.22726764405557,
  "std_tpot": 0.0015906164060408277,
  "std_intvty": 628.6870902388594,
  "p99_tpot": 0.018226484510581103,
  "p99_intvty": 54.865215473640326,
  "mean_itl": 0.014842970758271878,
  "median_itl": 0.00904554600128904,
  "std_itl": 0.026171766266184292,
  "p99_itl": 0.10330465440871195,
  "mean_e2el": 14.382630575589701,
  "median_e2el": 14.252474298496963,
  "std_e2el": 2.5132410065314876,
  "p99_e2el": 22.69927482634026
}