{
  "hw": "mi300x",
  "tp": 2,
  "conc": 32,
  "model": "amd/Llama-3.3-70B-Instruct-FP8-KV",
  "framework": "vllm",
  "precision": "fp8",
  "tput_per_gpu": 2442.5903991724963,
  "mean_ttft": 2.873505561346428,
  "median_ttft": 0.988642958982382,
  "std_ttft": 5.584126876657756,
  "p99_ttft": 24.730334237655043,
  "mean_tpot": 0.054379458503629755,
  "mean_intvty": 18.389296758687866,
  "median_tpot": 0.056423011954546985,
  "median_intvty": 17.723265124619292,
  "std_tpot": 0.007445413056132371,
  "std_intvty": 134.3108827489908,
  "p99_tpot": 0.06496645738707048,
  "p99_intvty": 15.392558563598365,
  "mean_itl": 0.05451473290331414,
  "median_itl": 0.028901417972519994,
  "std_itl": 0.16857934945582376,
  "p99_itl": 0.9154505818651522,
  "mean_e2el": 53.269479888361275,
  "median_e2el": 53.35371317551471,
  "std_e2el": 8.67212180638208,
  "p99_e2el": 77.05217312103137
}