{
  "hw": "mi300x",
  "tp": 8,
  "conc": 16,
  "model": "amd/Llama-3.3-70B-Instruct-FP8-KV",
  "framework": "vllm",
  "precision": "fp8",
  "tput_per_gpu": 869.3540966670071,
  "mean_ttft": 1.0174824187502964,
  "median_ttft": 0.6591571376193315,
  "std_ttft": 1.1361066859532396,
  "p99_ttft": 4.794772973330692,
  "mean_tpot": 0.019163441656321018,
  "mean_intvty": 52.18269337700894,
  "median_tpot": 0.019855250410564653,
  "median_intvty": 50.36451212259284,
  "std_tpot": 0.002445431913796814,
  "std_intvty": 408.9257175217711,
  "p99_tpot": 0.022226714769335645,
  "p99_intvty": 44.99090443089759,
  "mean_itl": 0.019222427130840738,
  "median_itl": 0.011118677910417318,
  "std_itl": 0.07011977288056495,
  "p99_itl": 0.5550260689109564,
  "mean_e2el": 18.58990431248676,
  "median_e2el": 18.854338302044198,
  "std_e2el": 2.4689991524389336,
  "p99_e2el": 22.996856980933806
}