{
  "hw": "h200",
  "tp": 4,
  "conc": 4,
  "model": "openai/gpt-oss-120b",
  "framework": "vllm",
  "precision": "fp4",
  "tput_per_gpu": 442.3511653580572,
  "mean_ttft": 0.04409400504082441,
  "median_ttft": 0.04031537100672722,
  "std_ttft": 0.01701008178478226,
  "p99_ttft": 0.10342268415726721,
  "mean_tpot": 0.004349394743241889,
  "mean_intvty": 229.91704801083065,
  "median_tpot": 0.004355208555114211,
  "median_intvty": 229.61012942209746,
  "std_tpot": 3.7679433194497285e-05,
  "std_intvty": 26539.677357621193,
  "p99_tpot": 0.004410858305233215,
  "p99_intvty": 226.71324508737015,
  "mean_itl": 0.004350643075745506,
  "median_itl": 0.004282546229660511,
  "std_itl": 0.001175033970700277,
  "p99_itl": 0.005028255898505442,
  "mean_e2el": 4.031458179187029,
  "median_e2el": 4.05614092759788,
  "std_e2el": 0.27866126109811123,
  "p99_e2el": 4.4975162141025065
}