{
  "hw": "h200",
  "tp": 1,
  "conc": 16,
  "model": "nvidia/Llama-3.3-70B-Instruct-FP8",
  "framework": "vllm",
  "precision": "fp8",
  "tput_per_gpu": 634.537503605069,
  "mean_ttft": 0.31485938851255924,
  "median_ttft": 0.18972496292553842,
  "std_ttft": 0.40679104747672373,
  "p99_ttft": 1.9920379778090864,
  "mean_tpot": 0.027560084407727635,
  "mean_intvty": 36.284359119002104,
  "median_tpot": 0.02784232418692297,
  "median_intvty": 35.91654178316341,
  "std_tpot": 0.0007575454973021595,
  "std_intvty": 1320.0527276068458,
  "p99_tpot": 0.028360985718833265,
  "p99_intvty": 35.25970535417408,
  "mean_itl": 0.027562345751803292,
  "median_itl": 0.02743358607403934,
  "std_itl": 0.005831216767061814,
  "p99_itl": 0.03144086212851107,
  "mean_e2el": 203.6415948128444,
  "median_e2el": 204.65175604494289,
  "std_e2el": 14.710118168425398,
  "p99_e2el": 228.75010395197197
}