{
  "hw": "h100",
  "tp": 2,
  "conc": 8,
  "model": "openai/gpt-oss-120b",
  "framework": "vllm",
  "precision": "fp4",
  "tput_per_gpu": 1023.9507023956274,
  "mean_ttft": 0.06657366239232942,
  "median_ttft": 0.05419759172946215,
  "std_ttft": 0.04137305522918946,
  "p99_ttft": 0.19834711060859261,
  "mean_tpot": 0.007567077055886877,
  "mean_intvty": 132.15142288290045,
  "median_tpot": 0.007554421771399819,
  "median_intvty": 132.3728049955969,
  "std_tpot": 0.00025209449141065345,
  "std_intvty": 3966.7665659978015,
  "p99_tpot": 0.00798863891089354,
  "p99_intvty": 125.17776947414295,
  "mean_itl": 0.007570103474620523,
  "median_itl": 0.007399471942335367,
  "std_itl": 0.0027364375003820288,
  "p99_itl": 0.008005750691518187,
  "mean_e2el": 7.091440303297714,
  "median_e2el": 7.1236393535509706,
  "std_e2el": 0.5306403006795473,
  "p99_e2el": 8.000089184576645
}