{
  "hw": "mi300x",
  "tp": 2,
  "conc": 4,
  "model": "amd/Llama-3.3-70B-Instruct-FP8-KV",
  "framework": "vllm",
  "precision": "fp8",
  "tput_per_gpu": 805.1755528615163,
  "mean_ttft": 1.2363936200505123,
  "median_ttft": 1.0816209490876645,
  "std_ttft": 0.4986165414479368,
  "p99_ttft": 3.041764587340876,
  "mean_tpot": 0.02053397220770109,
  "mean_intvty": 48.69978345568027,
  "median_tpot": 0.020775430361057858,
  "median_intvty": 48.133780269333556,
  "std_tpot": 0.0009105094960361598,
  "std_intvty": 1098.2861841127751,
  "p99_tpot": 0.021841989775027385,
  "p99_intvty": 45.78337460551925,
  "mean_itl": 0.02053239911196326,
  "median_itl": 0.017495115753263235,
  "std_itl": 0.05564751346208119,
  "p99_itl": 0.017957373689860105,
  "mean_e2el": 20.108234727708624,
  "median_e2el": 19.751964397262782,
  "std_e2el": 1.590445590578889,
  "p99_e2el": 23.633939230646938
}