{
  "hw": "mi300x",
  "tp": 8,
  "conc": 32,
  "model": "deepseek-ai/DeepSeek-R1-0528",
  "framework": "sglang",
  "precision": "fp8",
  "tput_per_gpu": 126.85118810077185,
  "mean_ttft": 0.3931667117532925,
  "median_ttft": 0.1644145487807691,
  "std_ttft": 0.6990804737010446,
  "p99_ttft": 2.5302749067544936,
  "mean_tpot": 0.03453779440143233,
  "mean_intvty": 28.953788663428046,
  "median_tpot": 0.03409361975793612,
  "median_intvty": 29.331001140388608,
  "std_tpot": 0.0012587753268126346,
  "std_intvty": 794.4229432365155,
  "p99_tpot": 0.036928825456984754,
  "p99_intvty": 27.079117400167924,
  "mean_itl": 0.034543399041795264,
  "median_itl": 0.03442514920607209,
  "std_itl": 0.006115556457767024,
  "p99_itl": 0.03757308488711715,
  "mean_e2el": 256.5314989181701,
  "median_e2el": 256.0098570904229,
  "std_e2el": 18.88784989748427,
  "p99_e2el": 295.81453359171746
}