{
  "hw": "h200",
  "tp": 8,
  "conc": 8,
  "model": "nvidia/Llama-3.3-70B-Instruct-FP8",
  "framework": "vllm",
  "precision": "fp8",
  "tput_per_gpu": 130.30305326831473,
  "mean_ttft": 0.08455511454376392,
  "median_ttft": 0.07011799793690443,
  "std_ttft": 0.0500140087030619,
  "p99_ttft": 0.2747093493817374,
  "mean_tpot": 0.008389080395195085,
  "mean_intvty": 119.20257678931748,
  "median_tpot": 0.008397799974103125,
  "median_intvty": 119.07880672125661,
  "std_tpot": 3.270179623747814e-05,
  "std_intvty": 30579.36000634553,
  "p99_tpot": 0.008422166875371964,
  "p99_intvty": 118.7342895002701,
  "mean_itl": 0.008389635499844112,
  "median_itl": 0.008360158652067184,
  "std_itl": 0.0011839429047567874,
  "p99_itl": 0.009149400852620601,
  "mean_e2el": 61.806264374690365,
  "median_e2el": 61.93363053584471,
  "std_e2el": 3.877006496559672,
  "p99_e2el": 68.84856424150057
}