{
  "hw": "h200-trt",
  "tp": 8,
  "conc": 8,
  "model": "deepseek-ai/DeepSeek-R1-0528",
  "framework": "trt",
  "precision": "fp8",
  "tput_per_gpu": 68.4108852148404,
  "mean_ttft": 0.3398056686775817,
  "median_ttft": 0.1210483075119555,
  "std_ttft": 0.6178601145934967,
  "p99_ttft": 2.399080521587748,
  "mean_tpot": 0.016017073700520724,
  "mean_intvty": 62.43337695121484,
  "median_tpot": 0.01604610983681077,
  "median_intvty": 62.32040102990808,
  "std_tpot": 0.00030145333082945544,
  "std_intvty": 3317.2630643969937,
  "p99_tpot": 0.01646249187747078,
  "p99_intvty": 60.74414538472868,
  "mean_itl": 0.16003803928398472,
  "median_itl": 0.1597236999659799,
  "std_itl": 0.018465633919683387,
  "p99_itl": 0.1677891089930199,
  "mean_e2el": 118.16981228041477,
  "median_e2el": 118.37544262153096,
  "std_e2el": 7.564065622821729,
  "p99_e2el": 133.76847471753715
}