{
  "hw": "h200",
  "tp": 8,
  "conc": 16,
  "model": "deepseek-ai/DeepSeek-R1-0528",
  "framework": "sglang",
  "precision": "fp8",
  "tput_per_gpu": 123.0347073027386,
  "mean_ttft": 0.21305706903804095,
  "median_ttft": 0.14924712292850018,
  "std_ttft": 0.18449012787061392,
  "p99_ttft": 0.7865151868853718,
  "mean_tpot": 0.017851109427542557,
  "mean_intvty": 56.01892723020876,
  "median_tpot": 0.01788820846919826,
  "median_intvty": 55.90274742839128,
  "std_tpot": 0.0004250607232111581,
  "std_intvty": 2352.60504062905,
  "p99_tpot": 0.01846652055679783,
  "p99_intvty": 54.15205300447806,
  "mean_itl": 0.17839192171569404,
  "median_itl": 0.17732114484533668,
  "std_itl": 0.01861143686744771,
  "p99_itl": 0.29541355213150383,
  "mean_e2el": 131.89082401125924,
  "median_e2el": 131.97949616005644,
  "std_e2el": 9.137000179416168,
  "p99_e2el": 147.83062986312433
}