{
  "hw": "mi300x",
  "tp": 4,
  "conc": 32,
  "model": "amd/Llama-3.3-70B-Instruct-FP8-KV",
  "framework": "vllm",
  "precision": "fp8",
  "tput_per_gpu": 2055.5779330833084,
  "mean_ttft": 1.6900447954772972,
  "median_ttft": 0.6114996583200991,
  "std_ttft": 2.955847825652941,
  "p99_ttft": 13.219897893443704,
  "mean_tpot": 0.03230643731326027,
  "mean_intvty": 30.953583346361345,
  "median_tpot": 0.03343891350839108,
  "median_intvty": 29.90527786583324,
  "std_tpot": 0.004172716169303324,
  "std_intvty": 239.6520538244421,
  "p99_tpot": 0.038754239057616026,
  "p99_intvty": 25.803628824018386,
  "mean_itl": 0.03238589199911026,
  "median_itl": 0.018046398647129536,
  "std_itl": 0.09674135063966714,
  "p99_itl": 0.5226331597194077,
  "mean_e2el": 31.622806337525255,
  "median_e2el": 31.752975098323077,
  "std_e2el": 4.859933359804234,
  "p99_e2el": 44.52337322316133
}