{
  "hw": "h200-trt",
  "tp": 8,
  "conc": 16,
  "model": "nvidia/Llama-3.3-70B-Instruct-FP8",
  "framework": "trt",
  "precision": "fp8",
  "tput_per_gpu": 283.09441469045396,
  "mean_ttft": 0.1271455272915773,
  "median_ttft": 0.06449140561744571,
  "std_ttft": 0.18982898400782303,
  "p99_ttft": 0.7104468644782901,
  "mean_tpot": 0.007717435736175152,
  "mean_intvty": 129.576718768456,
  "median_tpot": 0.007728808485994795,
  "median_intvty": 129.3860498435274,
  "std_tpot": 5.3774095705208526e-05,
  "std_intvty": 18596.314580202987,
  "p99_tpot": 0.0077680847017779055,
  "p99_intvty": 128.73186099156808,
  "mean_itl": 0.0771215197072373,
  "median_itl": 0.07656538486480713,
  "std_itl": 0.005459893860374551,
  "p99_itl": 0.11153637215495107,
  "mean_e2el": 57.06066119353054,
  "median_e2el": 57.205681623425335,
  "std_e2el": 3.8333091892575926,
  "p99_e2el": 63.42128832175396
}