{
  "hw": "b200-trt",
  "tp": 1,
  "conc": 4,
  "model": "openai/gpt-oss-120b",
  "framework": "trt",
  "precision": "fp4",
  "tput_per_gpu": 1846.2747363145895,
  "mean_ttft": 0.039606562623521316,
  "median_ttft": 0.03647119447123259,
  "std_ttft": 0.012502681651152854,
  "p99_ttft": 0.08108482333365828,
  "mean_tpot": 0.0041999871050833965,
  "mean_intvty": 238.09596910182506,
  "median_tpot": 0.004248737728895648,
  "median_intvty": 235.3640219303263,
  "std_tpot": 0.00012215505575450918,
  "std_intvty": 8186.31692174629,
  "p99_tpot": 0.0043576410214924526,
  "p99_intvty": 229.48195940598822,
  "mean_itl": 0.08292863606655841,
  "median_itl": 0.08392514288425446,
  "std_itl": 0.009192535158564078,
  "p99_itl": 0.10261205111630262,
  "mean_e2el": 3.8895683127688243,
  "median_e2el": 3.887023912044242,
  "std_e2el": 0.28369166707868004,
  "p99_e2el": 4.389006340932101
}