{
  "hw": "mi300x",
  "tp": 4,
  "conc": 16,
  "model": "amd/Llama-3.3-70B-Instruct-FP8-KV",
  "framework": "vllm",
  "precision": "fp8",
  "tput_per_gpu": 1156.8046125524368,
  "mean_ttft": 1.6836111965018064,
  "median_ttft": 1.1212165694741998,
  "std_ttft": 1.8253419817020438,
  "p99_ttft": 7.517847863133065,
  "mean_tpot": 0.02872280397052973,
  "mean_intvty": 34.81554241800429,
  "median_tpot": 0.030084071085821073,
  "median_intvty": 33.24018206004406,
  "std_tpot": 0.00422855742864146,
  "std_intvty": 236.48726944717822,
  "p99_tpot": 0.03422187263595558,
  "p99_intvty": 29.22107771943898,
  "mean_itl": 0.0288193012281957,
  "median_itl": 0.014427073008846492,
  "std_itl": 0.12288431543317585,
  "p99_itl": 0.9770613251545002,
  "mean_e2el": 28.029135496800517,
  "median_e2el": 28.658667651499854,
  "std_e2el": 4.1742080243899,
  "p99_e2el": 35.20829231149866
}