{
  "hw": "h200-trt",
  "tp": 8,
  "conc": 16,
  "model": "deepseek-ai/DeepSeek-R1-0528",
  "framework": "trt",
  "precision": "fp8",
  "tput_per_gpu": 112.9363686253846,
  "mean_ttft": 0.3153948780323844,
  "median_ttft": 0.11428420431911945,
  "std_ttft": 0.60110599723854,
  "p99_ttft": 2.5175524124689397,
  "mean_tpot": 0.019426352752347713,
  "mean_intvty": 51.476466671241106,
  "median_tpot": 0.019414015920846378,
  "median_intvty": 51.50917790925577,
  "std_tpot": 0.00040704260598814664,
  "std_intvty": 2456.7452774934345,
  "p99_tpot": 0.020162009188623167,
  "p99_intvty": 49.598231537572694,
  "mean_itl": 0.19412297304380075,
  "median_itl": 0.19335661083459854,
  "std_itl": 0.013992524275266573,
  "p99_itl": 0.2514066881686449,
  "mean_e2el": 143.62303976255353,
  "median_e2el": 143.11694500781596,
  "std_e2el": 10.037641346001948,
  "p99_e2el": 162.80684451471083
}