{
  "hw": "h100",
  "tp": 2,
  "conc": 32,
  "model": "openai/gpt-oss-120b",
  "framework": "vllm",
  "precision": "fp4",
  "tput_per_gpu": 2441.6504487649527,
  "mean_ttft": 0.10442548885475844,
  "median_ttft": 0.055936945136636496,
  "std_ttft": 0.14712491093883154,
  "p99_ttft": 0.7889021201618016,
  "mean_tpot": 0.01269973697734629,
  "mean_intvty": 78.74178825780358,
  "median_tpot": 0.012838749075342732,
  "median_intvty": 77.88920821893272,
  "std_tpot": 0.0005119282306164856,
  "std_intvty": 1953.3988168532096,
  "p99_tpot": 0.013305962682129541,
  "p99_intvty": 75.15427661187127,
  "mean_itl": 0.012702724100674585,
  "median_itl": 0.011768704280257225,
  "std_itl": 0.0060915914397497275,
  "p99_itl": 0.04417031649500134,
  "mean_e2el": 11.825109809232526,
  "median_e2el": 11.808497271034867,
  "std_e2el": 0.9128357824344052,
  "p99_e2el": 13.49248911923729
}