{
  "hw": "h200-trt",
  "tp": 8,
  "conc": 4,
  "model": "deepseek-ai/DeepSeek-R1-0528",
  "framework": "trt",
  "precision": "fp8",
  "tput_per_gpu": 69.2951588368946,
  "mean_ttft": 0.266322295810096,
  "median_ttft": 0.10082952817901969,
  "std_ttft": 0.46058718345482774,
  "p99_ttft": 1.6786474550701678,
  "mean_tpot": 0.013811258508497007,
  "mean_intvty": 72.40469790531955,
  "median_tpot": 0.013818897189364788,
  "median_intvty": 72.36467471294407,
  "std_tpot": 0.0002678121518198374,
  "std_intvty": 3733.9605137586145,
  "p99_tpot": 0.01443540594771266,
  "p99_intvty": 69.27411696090566,
  "mean_itl": 0.13722104691645215,
  "median_itl": 0.1362303113564849,
  "std_itl": 0.022904272579946598,
  "p99_itl": 0.19750885181128977,
  "mean_e2el": 12.928394178883172,
  "median_e2el": 12.911533175036311,
  "std_e2el": 1.0223780181987285,
  "p99_e2el": 15.477880373634395
}