{
  "hw": "mi325x",
  "tp": 8,
  "conc": 8,
  "model": "openai/gpt-oss-120b",
  "framework": "vllm",
  "precision": "fp4",
  "tput_per_gpu": 390.4344048866447,
  "mean_ttft": 0.10876868440536783,
  "median_ttft": 0.04204517765901983,
  "std_ttft": 0.18516052816999493,
  "p99_ttft": 0.6880464152107015,
  "mean_tpot": 0.004876624192713705,
  "mean_intvty": 205.0598857902823,
  "median_tpot": 0.004811386632872293,
  "median_intvty": 207.84029143860795,
  "std_tpot": 0.0001793653404371146,
  "std_intvty": 5575.21312402381,
  "p99_tpot": 0.005468179075144837,
  "p99_intvty": 182.87623471320074,
  "mean_itl": 0.004878096127090287,
  "median_itl": 0.004682124126702547,
  "std_itl": 0.0051527451953252545,
  "p99_itl": 0.005958671704865992,
  "mean_e2el": 4.636007409443846,
  "median_e2el": 4.628417217405513,
  "std_e2el": 0.4131755370022295,
  "p99_e2el": 5.557532364963553
}