{
  "hw": "h200",
  "tp": 8,
  "conc": 4,
  "model": "deepseek-ai/DeepSeek-R1-0528",
  "framework": "sglang",
  "precision": "fp8",
  "tput_per_gpu": 24.22088130881866,
  "mean_ttft": 0.28818455634173007,
  "median_ttft": 0.29330073157325387,
  "std_ttft": 0.035575969061974175,
  "p99_ttft": 0.35027066451031713,
  "mean_tpot": 0.022954191875620783,
  "mean_intvty": 43.56502748685661,
  "median_tpot": 0.02326140468510316,
  "median_intvty": 42.989665221740026,
  "std_tpot": 0.0007228476849817967,
  "std_intvty": 1383.4173101421536,
  "p99_tpot": 0.023824911104457967,
  "p99_intvty": 41.972874342137054,
  "mean_itl": 0.22939842906112334,
  "median_itl": 0.23001065896824002,
  "std_itl": 0.022267865614186852,
  "p99_itl": 0.2589399396814406,
  "mean_e2el": 166.94614310617325,
  "median_e2el": 165.42007655883208,
  "std_e2el": 11.483372704576778,
  "p99_e2el": 189.88947313677053
}