{
  "hw": "mi300x",
  "tp": 8,
  "conc": 32,
  "model": "openai/gpt-oss-120b",
  "framework": "vllm",
  "precision": "fp4",
  "tput_per_gpu": 884.076015144739,
  "mean_ttft": 0.339996276263264,
  "median_ttft": 0.05179210100322962,
  "std_ttft": 0.8067857091445049,
  "p99_ttft": 2.693401912469417,
  "mean_tpot": 0.008465295788811536,
  "mean_intvty": 118.12936310172246,
  "median_tpot": 0.0083635240383832,
  "median_intvty": 119.5668231968537,
  "std_tpot": 0.0006318478245511734,
  "std_intvty": 1582.6595600140583,
  "p99_tpot": 0.010704961023125851,
  "p99_intvty": 93.41463250914293,
  "mean_itl": 0.008470903731788375,
  "median_itl": 0.007401386275887489,
  "std_itl": 0.0168907673563323,
  "p99_itl": 0.02568798661231995,
  "mean_e2el": 8.156019601615844,
  "median_e2el": 7.856934780720621,
  "std_e2el": 1.420472185018647,
  "p99_e2el": 13.449642027849332
}