{
  "hw": "mi300x",
  "tp": 8,
  "conc": 4,
  "model": "amd/Llama-3.3-70B-Instruct-FP8-KV",
  "framework": "vllm",
  "precision": "fp8",
  "tput_per_gpu": 428.6722193902911,
  "mean_ttft": 0.49236102134454995,
  "median_ttft": 0.4232754670083523,
  "std_ttft": 0.18657344532550432,
  "p99_ttft": 1.1171815514564511,
  "mean_tpot": 0.009730463830031176,
  "mean_intvty": 102.77002386193506,
  "median_tpot": 0.009803665374972067,
  "median_intvty": 102.00266550844503,
  "std_tpot": 0.0003047809691237349,
  "std_intvty": 3281.0447544512535,
  "p99_tpot": 0.010152179264196287,
  "p99_intvty": 98.50101874448792,
  "mean_itl": 0.00973071106105152,
  "median_itl": 0.008670958690345287,
  "std_itl": 0.01969214297537692,
  "p99_itl": 0.009363575074821709,
  "mean_e2el": 9.434640764445067,
  "median_e2el": 9.39151437021792,
  "std_e2el": 0.6929878891310646,
  "p99_e2el": 10.743828821154311
}