{
  "hw": "mi300x",
  "tp": 8,
  "conc": 16,
  "model": "deepseek-ai/DeepSeek-R1-0528",
  "framework": "sglang",
  "precision": "fp8",
  "tput_per_gpu": 470.016906489103,
  "mean_ttft": 1.3387783216607203,
  "median_ttft": 0.5581994479871355,
  "std_ttft": 2.340885680457315,
  "p99_ttft": 8.6093212288426,
  "mean_tpot": 0.035785129913157195,
  "mean_intvty": 27.94456810487442,
  "median_tpot": 0.03643918110111605,
  "median_intvty": 27.442987734139074,
  "std_tpot": 0.002385736736858265,
  "std_intvty": 419.15773209615855,
  "p99_tpot": 0.03888977230828374,
  "p99_intvty": 25.71370158901636,
  "mean_itl": 0.03584337321140271,
  "median_itl": 0.029031216487055644,
  "std_itl": 0.04761625108825965,
  "p99_itl": 0.310697894191253,
  "mean_e2el": 34.10544567778561,
  "median_e2el": 34.19792986198445,
  "std_e2el": 3.495061747830678,
  "p99_e2el": 42.04792568498349
}