{
  "hw": "b200-trt",
  "tp": 2,
  "conc": 16,
  "model": "openai/gpt-oss-120b",
  "framework": "trt",
  "precision": "fp4",
  "tput_per_gpu": 2927.8732594510307,
  "mean_ttft": 0.04271020598098403,
  "median_ttft": 0.031506289495155215,
  "std_ttft": 0.031620271406564336,
  "p99_ttft": 0.14163039818406103,
  "mean_tpot": 0.005340094540411475,
  "mean_intvty": 187.26260226901266,
  "median_tpot": 0.005330264424838957,
  "median_intvty": 187.60795343285676,
  "std_tpot": 0.00015070029270098292,
  "std_intvty": 6635.687178021503,
  "p99_tpot": 0.005578845505728822,
  "p99_intvty": 179.24855581197164,
  "mean_itl": 0.10562465105024114,
  "median_itl": 0.10448515601456165,
  "std_itl": 0.011700134216702279,
  "p99_itl": 0.13005700816400348,
  "mean_e2el": 4.9298306110868,
  "median_e2el": 4.937131599173881,
  "std_e2el": 0.374271779599757,
  "p99_e2el": 5.666170047861524
}