{
  "hw": "mi300x",
  "tp": 2,
  "conc": 8,
  "model": "amd/Llama-3.3-70B-Instruct-FP8-KV",
  "framework": "vllm",
  "precision": "fp8",
  "tput_per_gpu": 1143.6933299158372,
  "mean_ttft": 1.8622002494870684,
  "median_ttft": 1.4581861244514585,
  "std_ttft": 1.2350976674084324,
  "p99_ttft": 6.811890743598342,
  "mean_tpot": 0.02864358954400294,
  "mean_intvty": 34.91182550510218,
  "median_tpot": 0.02916534939690974,
  "median_intvty": 34.28726281969235,
  "std_tpot": 0.0029018825135729343,
  "std_intvty": 344.60388913841757,
  "p99_tpot": 0.03271384615037483,
  "p99_intvty": 30.56809631626094,
  "mean_itl": 0.028739921715948906,
  "median_itl": 0.019601539708673954,
  "std_itl": 0.11382234621429517,
  "p99_itl": 0.02039870634675025,
  "mean_e2el": 28.442675875069106,
  "median_e2el": 28.48900041403249,
  "std_e2el": 3.746226675055896,
  "p99_e2el": 35.66718477281741
}