{
  "hw": "mi325x",
  "tp": 4,
  "conc": 64,
  "model": "openai/gpt-oss-120b",
  "framework": "vllm",
  "precision": "fp4",
  "tput_per_gpu": 2585.1838954634063,
  "mean_ttft": 0.22246091992419678,
  "median_ttft": 0.08307644911110401,
  "std_ttft": 0.4073053956419917,
  "p99_ttft": 1.7802859419211745,
  "mean_tpot": 0.011807075547585973,
  "mean_intvty": 84.69497768263673,
  "median_tpot": 0.01158871193392039,
  "median_intvty": 86.29086698349798,
  "std_tpot": 0.0010361300459625245,
  "std_intvty": 965.1298154094537,
  "p99_tpot": 0.015435658983103537,
  "p99_intvty": 64.78505395167373,
  "mean_itl": 0.011823433275752802,
  "median_itl": 0.010094664990901947,
  "std_itl": 0.016894007062593083,
  "p99_itl": 0.04491049153730275,
  "mean_e2el": 11.109644236617168,
  "median_e2el": 10.874866758473217,
  "std_e2el": 1.5755870991919712,
  "p99_e2el": 16.513488014470788
}