{
  "hw": "h100",
  "tp": 2,
  "conc": 4,
  "model": "openai/gpt-oss-120b",
  "framework": "vllm",
  "precision": "fp4",
  "tput_per_gpu": 613.2911523326926,
  "mean_ttft": 0.05482708832714707,
  "median_ttft": 0.05093415267765522,
  "std_ttft": 0.0181334614140779,
  "p99_ttft": 0.11659054500982165,
  "mean_tpot": 0.0063155586457213225,
  "mean_intvty": 158.33912027362487,
  "median_tpot": 0.006341916391717327,
  "median_intvty": 157.68104437737787,
  "std_tpot": 0.00012463417718119478,
  "std_intvty": 8023.481380602265,
  "p99_tpot": 0.006448461897505379,
  "p99_intvty": 155.07573990424837,
  "mean_itl": 0.0063151949498750715,
  "median_itl": 0.0062510063871741295,
  "std_itl": 0.0018044667841020567,
  "p99_itl": 0.006479731090366841,
  "mean_e2el": 5.844124022172764,
  "median_e2el": 5.879241443239152,
  "std_e2el": 0.40912004350716064,
  "p99_e2el": 6.50485817823559
}