{
  "hw": "h200-trt",
  "tp": 8,
  "conc": 4,
  "model": "deepseek-ai/DeepSeek-R1-0528",
  "framework": "trt",
  "precision": "fp8",
  "tput_per_gpu": 40.39702665170878,
  "mean_ttft": 0.49075249092420564,
  "median_ttft": 0.10179703892208636,
  "std_ttft": 1.0786412789947841,
  "p99_ttft": 3.7321760736452414,
  "mean_tpot": 0.013680108799704655,
  "mean_intvty": 73.09883383541434,
  "median_tpot": 0.013702103044771017,
  "median_intvty": 72.98149756519449,
  "std_tpot": 0.00018252799538037633,
  "std_intvty": 5478.61163936012,
  "p99_tpot": 0.014010016454198129,
  "p99_intvty": 71.3775036074528,
  "mean_itl": 0.13670230188155413,
  "median_itl": 0.13649869989603758,
  "std_itl": 0.015074385820862514,
  "p99_itl": 0.14132010005414486,
  "mean_e2el": 99.82547996512149,
  "median_e2el": 98.48633109196089,
  "std_e2el": 6.630669123751351,
  "p99_e2el": 111.17032112709713
}