{
  "hw": "h100",
  "tp": 4,
  "conc": 8,
  "model": "openai/gpt-oss-120b",
  "framework": "vllm",
  "precision": "fp4",
  "tput_per_gpu": 649.604031136406,
  "mean_ttft": 0.04703559648478404,
  "median_ttft": 0.03762631071731448,
  "std_ttft": 0.02951003577946232,
  "p99_ttft": 0.14219503126107155,
  "mean_tpot": 0.005960407457975851,
  "mean_intvty": 167.77376497337636,
  "median_tpot": 0.005928169565146783,
  "median_intvty": 168.68613304842938,
  "std_tpot": 0.00014095827348920326,
  "std_intvty": 7094.298016331729,
  "p99_tpot": 0.0062229565457783045,
  "p99_intvty": 160.6953210493502,
  "mean_itl": 0.005961389876419922,
  "median_itl": 0.005813763476908207,
  "std_itl": 0.0016815039742317352,
  "p99_itl": 0.006316888006404047,
  "mean_e2el": 5.579652374458965,
  "median_e2el": 5.587718901224434,
  "std_e2el": 0.38395886130340817,
  "p99_e2el": 6.258288742583245
}