{
  "hw": "mi300x",
  "tp": 1,
  "conc": 4,
  "model": "amd/Llama-3.3-70B-Instruct-FP8-KV",
  "framework": "vllm",
  "precision": "fp8",
  "tput_per_gpu": 1037.1843459645004,
  "mean_ttft": 1.9765208896249533,
  "median_ttft": 1.7160403556190431,
  "std_ttft": 0.935403473763723,
  "p99_ttft": 5.22401837060228,
  "mean_tpot": 0.031834198820776205,
  "mean_intvty": 31.412758512627057,
  "median_tpot": 0.032233058009176065,
  "median_intvty": 31.024049896702987,
  "std_tpot": 0.0017620539346919842,
  "std_intvty": 567.5195181666247,
  "p99_tpot": 0.03517924530111698,
  "p99_intvty": 28.425851420077187,
  "mean_itl": 0.03203675005513954,
  "median_itl": 0.026948882034048438,
  "std_itl": 0.09174115438198494,
  "p99_itl": 0.0519190250430256,
  "mean_e2el": 31.24529552293243,
  "median_e2el": 30.719860954442993,
  "std_e2el": 2.548792745807393,
  "p99_e2el": 36.95156013816595
}