{
  "hw": "mi300x",
  "tp": 8,
  "conc": 64,
  "model": "deepseek-ai/DeepSeek-R1-0528",
  "framework": "sglang",
  "precision": "fp8",
  "tput_per_gpu": 216.30469171013777,
  "mean_ttft": 0.4788326050169417,
  "median_ttft": 0.1949416392017156,
  "std_ttft": 0.8701521233887569,
  "p99_ttft": 3.648111775480211,
  "mean_tpot": 0.04037402966700611,
  "mean_intvty": 24.768397116852714,
  "median_tpot": 0.04079589487930902,
  "median_intvty": 24.512270240876195,
  "std_tpot": 0.0013091091306129817,
  "std_intvty": 763.8782563007231,
  "p99_tpot": 0.04171235573382657,
  "p99_intvty": 23.973711923180872,
  "mean_itl": 0.04037738360608313,
  "median_itl": 0.039505760883912444,
  "std_itl": 0.010812059316752356,
  "p99_itl": 0.044569361000321814,
  "mean_e2el": 298.67249787204565,
  "median_e2el": 297.42727268021554,
  "std_e2el": 21.71980454953406,
  "p99_e2el": 337.69128803275527
}