{
  "hw": "mi300x",
  "tp": 8,
  "conc": 32,
  "model": "deepseek-ai/DeepSeek-R1-0528",
  "framework": "sglang",
  "precision": "fp8",
  "tput_per_gpu": 638.1286097381209,
  "mean_ttft": 1.870774922153214,
  "median_ttft": 0.5720383049920201,
  "std_ttft": 3.8519430591477546,
  "p99_ttft": 16.106793590709568,
  "mean_tpot": 0.05275129582138306,
  "mean_intvty": 18.95688028946284,
  "median_tpot": 0.05418498362470127,
  "median_intvty": 18.455297632389257,
  "std_tpot": 0.0046849701899670665,
  "std_intvty": 213.44852996962817,
  "p99_tpot": 0.05999433856391366,
  "p99_intvty": 16.668239436203997,
  "mean_itl": 0.05282301473652494,
  "median_itl": 0.03850927110761404,
  "std_itl": 0.07890064607047481,
  "p99_itl": 0.35709867680445306,
  "mean_e2el": 50.702845405432164,
  "median_e2el": 50.6041454738006,
  "std_e2el": 6.092391188464099,
  "p99_e2el": 66.86411520056427
}