{
  "hw": "h200",
  "tp": 1,
  "conc": 16,
  "model": "openai/gpt-oss-120b",
  "framework": "vllm",
  "precision": "fp4",
  "tput_per_gpu": 2490.195456207476,
  "mean_ttft": 0.13260083217173815,
  "median_ttft": 0.09141778806224465,
  "std_ttft": 0.12795321530763315,
  "p99_ttft": 0.652154819490388,
  "mean_tpot": 0.012539728077746082,
  "mean_intvty": 79.74654584214414,
  "median_tpot": 0.012629328953848166,
  "median_intvty": 79.18077070082961,
  "std_tpot": 0.0005700755555354747,
  "std_intvty": 1754.1534456089687,
  "p99_tpot": 0.013445339786601292,
  "p99_intvty": 74.37521222011301,
  "mean_itl": 0.012548360778409665,
  "median_itl": 0.01182993408292532,
  "std_itl": 0.006931137113473412,
  "p99_itl": 0.06340669771656392,
  "mean_e2el": 11.613017531763763,
  "median_e2el": 11.630898582283407,
  "std_e2el": 1.0085741165237225,
  "p99_e2el": 13.591589167807252
}