{
  "hw": "b200-trt",
  "tp": 4,
  "conc": 64,
  "model": "openai/gpt-oss-120b",
  "framework": "trt",
  "precision": "fp4",
  "tput_per_gpu": 5223.226726392542,
  "mean_ttft": 0.0782088562646095,
  "median_ttft": 0.0473500934895128,
  "std_ttft": 0.10395819351216697,
  "p99_ttft": 0.4931199541944079,
  "mean_tpot": 0.005872156378802958,
  "mean_intvty": 170.295192343609,
  "median_tpot": 0.005971761456132694,
  "median_intvty": 167.45477985780076,
  "std_tpot": 0.0003001857905862606,
  "std_intvty": 3331.2702711444385,
  "p99_tpot": 0.006213276496423265,
  "p99_intvty": 160.94567827066123,
  "mean_itl": 0.11623322018271368,
  "median_itl": 0.10077820089645684,
  "std_itl": 0.02983930086247825,
  "p99_itl": 0.22069110680371531,
  "mean_e2el": 5.48940993421129,
  "median_e2el": 5.540088365436532,
  "std_e2el": 0.4741797809261349,
  "p99_e2el": 6.346674033971504
}