{
  "hw": "mi300x",
  "tp": 8,
  "conc": 4,
  "model": "amd/Llama-3.3-70B-Instruct-FP8-KV",
  "framework": "vllm",
  "precision": "fp8",
  "tput_per_gpu": 59.99783929934761,
  "mean_ttft": 0.18103905661264436,
  "median_ttft": 0.12718192511238158,
  "std_ttft": 0.1624544615342851,
  "p99_ttft": 0.7196658794535324,
  "mean_tpot": 0.009222438140073721,
  "mean_intvty": 108.43119626411571,
  "median_tpot": 0.009233641535185888,
  "median_intvty": 108.29963413560958,
  "std_tpot": 3.3321772398477157e-05,
  "std_intvty": 30010.40845131339,
  "p99_tpot": 0.009258224496999713,
  "p99_intvty": 108.01207081596122,
  "mean_itl": 0.009222577793176128,
  "median_itl": 0.009190534939989448,
  "std_itl": 0.0017719688640251137,
  "p99_itl": 0.009334353832527996,
  "mean_e2el": 67.14663738354575,
  "median_e2el": 66.52460784744471,
  "std_e2el": 4.228712908800489,
  "p99_e2el": 75.00151821834501
}