{
  "hw": "mi300x",
  "tp": 2,
  "conc": 64,
  "model": "amd/Llama-3.3-70B-Instruct-FP8-KV",
  "framework": "vllm",
  "precision": "fp8",
  "tput_per_gpu": 2850.7720967934874,
  "mean_ttft": 4.40195940828271,
  "median_ttft": 1.0662687406875193,
  "std_ttft": 9.835451235311588,
  "p99_ttft": 48.83047017436009,
  "mean_tpot": 0.0951948996122061,
  "mean_intvty": 10.504764478702993,
  "median_tpot": 0.09914496311933298,
  "median_intvty": 10.086241081116535,
  "std_tpot": 0.014368628484279802,
  "std_intvty": 69.5960648640936,
  "p99_tpot": 0.11948031269960789,
  "p99_intvty": 8.369579702341051,
  "mean_itl": 0.0954302890910628,
  "median_itl": 0.04208545386791229,
  "std_itl": 0.2661721508402753,
  "p99_itl": 0.9803600363433361,
  "mean_e2el": 92.27044170946465,
  "median_e2el": 93.00703827897087,
  "std_e2el": 16.604544495543593,
  "p99_e2el": 138.02978732158897
}