{
  "hw": "mi300x",
  "tp": 8,
  "conc": 8,
  "model": "openai/gpt-oss-120b",
  "framework": "vllm",
  "precision": "fp4",
  "tput_per_gpu": 1455.5153581625293,
  "mean_ttft": 0.31174105929676443,
  "median_ttft": 0.15018974337726831,
  "std_ttft": 0.37635241097163763,
  "p99_ttft": 1.5976393637433643,
  "mean_tpot": 0.005673828760017692,
  "mean_intvty": 176.2478288112597,
  "median_tpot": 0.005591652422219728,
  "median_intvty": 178.83801146621133,
  "std_tpot": 0.000375293637883087,
  "std_intvty": 2664.580208821776,
  "p99_tpot": 0.006529564597821838,
  "p99_intvty": 153.14956840056144,
  "mean_itl": 0.0056892766628012905,
  "median_itl": 0.004940471611917019,
  "std_itl": 0.013700700062212419,
  "p99_itl": 0.006170255951583387,
  "mean_e2el": 5.567565561016091,
  "median_e2el": 5.495136443991214,
  "std_e2el": 0.7576769243697011,
  "p99_e2el": 7.860795378051698
}