{
  "hw": "h200",
  "tp": 8,
  "conc": 8,
  "model": "deepseek-ai/DeepSeek-R1-0528",
  "framework": "sglang",
  "precision": "fp8",
  "tput_per_gpu": 78.297064398603,
  "mean_ttft": 0.16256266236887312,
  "median_ttft": 0.11362765729427338,
  "std_ttft": 0.155605209848405,
  "p99_ttft": 0.6656374652404338,
  "mean_tpot": 0.013996973402467847,
  "mean_intvty": 71.44401659173597,
  "median_tpot": 0.013987284224637506,
  "median_intvty": 71.4935068123216,
  "std_tpot": 0.00022315995466979825,
  "std_intvty": 4481.090711277765,
  "p99_tpot": 0.01454347734293265,
  "p99_intvty": 68.7593466418089,
  "mean_itl": 0.13988197132966915,
  "median_itl": 0.13993592839688063,
  "std_itl": 0.009956955691194237,
  "p99_itl": 0.14945133998524393,
  "mean_e2el": 103.13667567882221,
  "median_e2el": 103.33789651584812,
  "std_e2el": 6.554054270101714,
  "p99_e2el": 114.65325147945899
}