{
  "hw": "h200",
  "tp": 8,
  "conc": 16,
  "model": "nvidia/Llama-3.3-70B-Instruct-FP8",
  "framework": "vllm",
  "precision": "fp8",
  "tput_per_gpu": 225.283330772432,
  "mean_ttft": 0.10229609681991861,
  "median_ttft": 0.0738736828789115,
  "std_ttft": 0.09307735250629254,
  "p99_ttft": 0.4836860584933311,
  "mean_tpot": 0.009706909006811097,
  "mean_intvty": 103.01940600229433,
  "median_tpot": 0.009724146570633592,
  "median_intvty": 102.8367880652835,
  "std_tpot": 6.805754756660732e-05,
  "std_intvty": 14693.447468428227,
  "p99_tpot": 0.009764824430246635,
  "p99_intvty": 102.40839527052741,
  "mean_itl": 0.009707141995740694,
  "median_itl": 0.009656243957579136,
  "std_itl": 0.0016697983420165283,
  "p99_itl": 0.01035183654166758,
  "mean_e2el": 71.71163980219862,
  "median_e2el": 71.95902755111456,
  "std_e2el": 4.799131925587409,
  "p99_e2el": 79.46740487952717
}