{
  "hw": "mi300x",
  "tp": 1,
  "conc": 32,
  "model": "amd/Llama-3.3-70B-Instruct-FP8-KV",
  "framework": "vllm",
  "precision": "fp8",
  "tput_per_gpu": 3077.535364607517,
  "mean_ttft": 4.624471496327897,
  "median_ttft": 1.570670853368938,
  "std_ttft": 9.110368284494763,
  "p99_ttft": 40.34286752291024,
  "mean_tpot": 0.08621783742011382,
  "mean_intvty": 11.598527983569085,
  "median_tpot": 0.0895899673970886,
  "median_intvty": 11.161964102160137,
  "std_tpot": 0.011813432625926663,
  "std_intvty": 84.64940137765915,
  "p99_tpot": 0.1043060817197055,
  "p99_intvty": 9.587168681949253,
  "mean_itl": 0.08642524400965787,
  "median_itl": 0.04546571243554354,
  "std_itl": 0.27183874967265836,
  "p99_itl": 1.4585467617772516,
  "mean_e2el": 84.52001809818321,
  "median_e2el": 84.56978875212371,
  "std_e2el": 13.856278736618288,
  "p99_e2el": 122.45278866574169
}