{
  "hw": "mi300x",
  "tp": 8,
  "conc": 8,
  "model": "deepseek-ai/DeepSeek-R1-0528",
  "framework": "sglang",
  "precision": "fp8",
  "tput_per_gpu": 44.24232716592656,
  "mean_ttft": 0.24910724476212637,
  "median_ttft": 0.1461017271503806,
  "std_ttft": 0.314985947071906,
  "p99_ttft": 1.2728372139390558,
  "mean_tpot": 0.024711270232470363,
  "mean_intvty": 40.46736531924652,
  "median_tpot": 0.024534059952728754,
  "median_intvty": 40.75966236027629,
  "std_tpot": 0.00036258441400826105,
  "std_intvty": 2757.9784496120574,
  "p99_tpot": 0.025266954284233378,
  "p99_intvty": 39.57738589110448,
  "mean_itl": 0.02470794077195027,
  "median_itl": 0.024675982538610697,
  "std_itl": 0.002784315077707281,
  "p99_itl": 0.025548352161422372,
  "mean_e2el": 182.02542732313742,
  "median_e2el": 182.8195372610353,
  "std_e2el": 11.129481597076333,
  "p99_e2el": 202.75604354471898
}