{
  "hw": "mi300x",
  "tp": 8,
  "conc": 16,
  "model": "deepseek-ai/DeepSeek-R1-0528",
  "framework": "sglang",
  "precision": "fp8",
  "tput_per_gpu": 78.67010755532327,
  "mean_ttft": 0.2764032748003956,
  "median_ttft": 0.15249156346544623,
  "std_ttft": 0.38527965041607776,
  "p99_ttft": 1.4752881928812713,
  "mean_tpot": 0.02778528256968074,
  "mean_intvty": 35.99027641673864,
  "median_tpot": 0.02782160669258079,
  "median_intvty": 35.9432872101765,
  "std_tpot": 0.00037096218172138183,
  "std_intvty": 2695.6925780403913,
  "p99_tpot": 0.028345112164270433,
  "p99_intvty": 35.279451152093856,
  "mean_itl": 0.027787561646838505,
  "median_itl": 0.02763146022334695,
  "std_itl": 0.004130485011879132,
  "p99_itl": 0.02888406771235168,
  "mean_e2el": 205.26455067323985,
  "median_e2el": 206.24243572494015,
  "std_e2el": 14.124229131588617,
  "p99_e2el": 230.08753757095894
}