{
  "hw": "mi300x",
  "tp": 4,
  "conc": 4,
  "model": "amd/Llama-3.3-70B-Instruct-FP8-KV",
  "framework": "vllm",
  "precision": "fp8",
  "tput_per_gpu": 94.55794473700288,
  "mean_ttft": 0.17218679605284706,
  "median_ttft": 0.1208374455163721,
  "std_ttft": 0.17932157053342213,
  "p99_ttft": 0.8023132044367958,
  "mean_tpot": 0.011711518710432259,
  "mean_intvty": 85.3860224899125,
  "median_tpot": 0.011724493065267547,
  "median_intvty": 85.2915340930504,
  "std_tpot": 3.6585247198967516e-05,
  "std_intvty": 27333.421981858886,
  "p99_tpot": 0.011758167348126822,
  "p99_intvty": 85.04726717971987,
  "mean_itl": 0.011711889740133683,
  "median_itl": 0.011680489493301138,
  "std_itl": 0.0020777349737483236,
  "p99_itl": 0.011899153637932614,
  "mean_e2el": 85.21280356150092,
  "median_e2el": 84.52163405300234,
  "std_e2el": 5.373828185281774,
  "p99_e2el": 95.23130941464973
}