{
  "hw": "mi300x",
  "tp": 1,
  "conc": 8,
  "model": "amd/Llama-3.3-70B-Instruct-FP8-KV",
  "framework": "vllm",
  "precision": "fp8",
  "tput_per_gpu": 1501.9611621813074,
  "mean_ttft": 3.057153187226504,
  "median_ttft": 2.341746250167489,
  "std_ttft": 2.2536730503591773,
  "p99_ttft": 10.137082871971652,
  "mean_tpot": 0.04340471810285816,
  "mean_intvty": 23.038970040774227,
  "median_tpot": 0.044448811773705625,
  "median_intvty": 22.497789256800004,
  "std_tpot": 0.0047138428036019924,
  "std_intvty": 212.14114294092903,
  "p99_tpot": 0.05026225206117848,
  "p99_intvty": 19.89564651386521,
  "mean_itl": 0.04354543105605057,
  "median_itl": 0.028951759450137615,
  "std_itl": 0.18067747037973644,
  "p99_itl": 0.030120603963732718,
  "mean_e2el": 43.33068906164262,
  "median_e2el": 43.37263713078573,
  "std_e2el": 5.787895751304426,
  "p99_e2el": 54.67151670530438
}