{
  "hw": "h200",
  "tp": 8,
  "conc": 32,
  "model": "nvidia/Llama-3.3-70B-Instruct-FP8",
  "framework": "vllm",
  "precision": "fp8",
  "tput_per_gpu": 396.6310689755022,
  "mean_ttft": 0.13356229552337026,
  "median_ttft": 0.07739202451193705,
  "std_ttft": 0.18253977673463023,
  "p99_ttft": 0.9548280899605015,
  "mean_tpot": 0.01102626676370739,
  "mean_intvty": 90.69252734674156,
  "median_tpot": 0.011062095063858439,
  "median_intvty": 90.39878921915555,
  "std_tpot": 0.00012125992881237903,
  "std_intvty": 8246.747378082851,
  "p99_tpot": 0.011139981561431074,
  "p99_intvty": 89.76675540130223,
  "mean_itl": 0.011027296001116356,
  "median_itl": 0.01086874504107982,
  "std_itl": 0.0024932608041635935,
  "p99_itl": 0.012533673038706184,
  "mean_e2el": 81.90065184631366,
  "median_e2el": 82.04572834950523,
  "std_e2el": 5.241270433882326,
  "p99_e2el": 90.60679113301448
}