{
  "hw": "mi300x",
  "tp": 4,
  "conc": 4,
  "model": "amd/Llama-3.3-70B-Instruct-FP8-KV",
  "framework": "vllm",
  "precision": "fp8",
  "tput_per_gpu": 602.0987667318948,
  "mean_ttft": 0.763990250788629,
  "median_ttft": 0.6773585854098201,
  "std_ttft": 0.290216283557753,
  "p99_ttft": 1.818648617835715,
  "mean_tpot": 0.013787327674126087,
  "mean_intvty": 72.53037163080157,
  "median_tpot": 0.013897252308623157,
  "median_intvty": 71.9566701238853,
  "std_tpot": 0.0005469217234283777,
  "std_intvty": 1828.4152140300848,
  "p99_tpot": 0.01456272493693081,
  "p99_intvty": 68.66846722236838,
  "mean_itl": 0.013787276267384236,
  "median_itl": 0.011926081031560898,
  "std_itl": 0.03419792396050685,
  "p99_itl": 0.012414788119494915,
  "mean_e2el": 13.436220310488716,
  "median_e2el": 13.241574977058917,
  "std_e2el": 1.0508188070936408,
  "p99_e2el": 15.750899061337114
}