{
  "hw": "mi325x",
  "tp": 1,
  "conc": 64,
  "model": "openai/gpt-oss-120b",
  "framework": "vllm",
  "precision": "fp4",
  "tput_per_gpu": 5286.007551322172,
  "mean_ttft": 0.311449731275934,
  "median_ttft": 0.13001148588955402,
  "std_ttft": 0.5224231880343083,
  "p99_ttft": 2.435794995720498,
  "mean_tpot": 0.023396748017422902,
  "mean_intvty": 42.74098260387846,
  "median_tpot": 0.023532558522919557,
  "median_intvty": 42.49431692801482,
  "std_tpot": 0.0012975615760422424,
  "std_intvty": 770.6763351070784,
  "p99_tpot": 0.026638240907292964,
  "p99_intvty": 37.540016380219086,
  "mean_itl": 0.023415328899187786,
  "median_itl": 0.020681938156485558,
  "std_itl": 0.018992952532626985,
  "p99_itl": 0.06606806367635727,
  "mean_e2el": 21.87261354087459,
  "median_e2el": 21.90514044696465,
  "std_e2el": 2.1989184554074184,
  "p99_e2el": 28.119390406087042
}