{
  "hw": "mi300x",
  "tp": 4,
  "conc": 8,
  "model": "amd/Llama-3.3-70B-Instruct-FP8-KV",
  "framework": "vllm",
  "precision": "fp8",
  "tput_per_gpu": 175.24142402603812,
  "mean_ttft": 0.2022543205792317,
  "median_ttft": 0.12259107700083405,
  "std_ttft": 0.24216250970288983,
  "p99_ttft": 1.0006455413834192,
  "mean_tpot": 0.012480131096620963,
  "mean_intvty": 80.1273634273564,
  "median_tpot": 0.012496751310784898,
  "median_intvty": 80.02079701601998,
  "std_tpot": 6.485714971414339e-05,
  "std_intvty": 15418.500572527168,
  "p99_tpot": 0.012548549793170301,
  "p99_intvty": 79.69048348074946,
  "mean_itl": 0.012481006832069486,
  "median_itl": 0.012418623024132103,
  "std_itl": 0.0025896519608688507,
  "p99_itl": 0.012767571501317436,
  "mean_e2el": 92.02502141080404,
  "median_e2el": 92.23559014103375,
  "std_e2el": 5.782515570491487,
  "p99_e2el": 102.5679816637386
}