{
  "hw": "mi300x",
  "tp": 1,
  "conc": 64,
  "model": "openai/gpt-oss-120b",
  "framework": "vllm",
  "precision": "fp4",
  "tput_per_gpu": 11598.88286314474,
  "mean_ttft": 1.6314734491708804,
  "median_ttft": 0.43414678098633885,
  "std_ttft": 3.620257299330378,
  "p99_ttft": 18.486672328100543,
  "mean_tpot": 0.04730145775709759,
  "mean_intvty": 21.140997496001056,
  "median_tpot": 0.04837402458890959,
  "median_intvty": 20.67225145102489,
  "std_tpot": 0.0052525391657620366,
  "std_intvty": 190.38411108257208,
  "p99_tpot": 0.05662583843348311,
  "p99_intvty": 17.65978266572907,
  "mean_itl": 0.04739025224477652,
  "median_itl": 0.028253062162548304,
  "std_itl": 0.07523018169601711,
  "p99_itl": 0.34403834137134254,
  "mean_e2el": 45.26656638732893,
  "median_e2el": 45.34129639551975,
  "std_e2el": 7.087260145064855,
  "p99_e2el": 66.34382298664657
}