{
  "hw": "h200",
  "tp": 1,
  "conc": 64,
  "model": "openai/gpt-oss-120b",
  "framework": "vllm",
  "precision": "fp4",
  "tput_per_gpu": 5037.909728135013,
  "mean_ttft": 0.2774928532235208,
  "median_ttft": 0.1209332118742168,
  "std_ttft": 0.47046329746783855,
  "p99_ttft": 2.5010814352240414,
  "mean_tpot": 0.024667930888857985,
  "mean_intvty": 40.538462853067266,
  "median_tpot": 0.02503366074154796,
  "median_intvty": 39.94621523093169,
  "std_tpot": 0.001313848536994959,
  "std_intvty": 761.1227412005991,
  "p99_tpot": 0.026045711281796648,
  "p99_intvty": 38.39403689846244,
  "mean_itl": 0.024682712688675418,
  "median_itl": 0.02159411460161209,
  "std_itl": 0.01450904247163109,
  "p99_itl": 0.07884172704070806,
  "mean_e2el": 23.005681654777437,
  "median_e2el": 23.170483535621315,
  "std_e2el": 2.0265686695290994,
  "p99_e2el": 26.690412579448896
}