{
  "hw": "mi300x",
  "tp": 8,
  "conc": 32,
  "model": "amd/Llama-3.3-70B-Instruct-FP8-KV",
  "framework": "vllm",
  "precision": "fp8",
  "tput_per_gpu": 1404.4928635075582,
  "mean_ttft": 1.117945852811681,
  "median_ttft": 0.402250531129539,
  "std_ttft": 2.044861004850873,
  "p99_ttft": 9.139024317963049,
  "mean_tpot": 0.0237002892670639,
  "mean_intvty": 42.19357783914021,
  "median_tpot": 0.024480980923086596,
  "median_intvty": 40.848036405965985,
  "std_tpot": 0.002830426027220818,
  "std_intvty": 353.3037042419707,
  "p99_tpot": 0.028128335588761683,
  "p99_intvty": 35.55133921253191,
  "mean_itl": 0.023750868973451352,
  "median_itl": 0.014034383930265903,
  "std_itl": 0.0636736396943797,
  "p99_itl": 0.34803092548623615,
  "mean_e2el": 23.074362313267194,
  "median_e2el": 23.1339412801899,
  "std_e2el": 3.297469006308789,
  "p99_e2el": 31.764198564710096
}