{
  "hw": "h200-trt",
  "tp": 8,
  "conc": 16,
  "model": "deepseek-ai/DeepSeek-R1-0528",
  "framework": "trt",
  "precision": "fp8",
  "tput_per_gpu": 191.62702000124293,
  "mean_ttft": 0.5588154253549874,
  "median_ttft": 0.11322883400134742,
  "std_ttft": 1.2978852463116335,
  "p99_ttft": 4.896366895926184,
  "mean_tpot": 0.019963326895593193,
  "mean_intvty": 50.09185118442082,
  "median_tpot": 0.01995353283367387,
  "median_intvty": 50.116438444042636,
  "std_tpot": 0.0007234701394678431,
  "std_intvty": 1382.2270546446625,
  "p99_tpot": 0.021480916642523093,
  "p99_intvty": 46.552948211736215,
  "mean_itl": 0.19856255017436017,
  "median_itl": 0.18990339804440737,
  "std_itl": 0.05488663102769058,
  "p99_itl": 0.3048652018606663,
  "mean_e2el": 18.83277495171351,
  "median_e2el": 18.663097482640296,
  "std_e2el": 1.8730074171573183,
  "p99_e2el": 24.31782437202055
}