{
  "hw": "mi300x",
  "tp": 2,
  "conc": 16,
  "model": "amd/Llama-3.3-70B-Instruct-FP8-KV",
  "framework": "vllm",
  "precision": "fp8",
  "tput_per_gpu": 1471.4944538193342,
  "mean_ttft": 2.965443034656346,
  "median_ttft": 1.901575297350064,
  "std_ttft": 3.2326906842674483,
  "p99_ttft": 12.91582546501886,
  "mean_tpot": 0.04489144068311944,
  "mean_intvty": 22.275961403395787,
  "median_tpot": 0.04705047934495877,
  "median_intvty": 21.253768589015348,
  "std_tpot": 0.007371780397961616,
  "std_intvty": 135.65244025398692,
  "p99_tpot": 0.05461937423978124,
  "p99_intvty": 18.30852172728966,
  "mean_itl": 0.045212444083792595,
  "median_itl": 0.020361195784062147,
  "std_itl": 0.21093956169915506,
  "p99_itl": 1.6687092581950127,
  "mean_e2el": 44.15624001158867,
  "median_e2el": 45.21828126697801,
  "std_e2el": 6.931632278081406,
  "p99_e2el": 56.313696039295756
}