{
  "hw": "h100",
  "tp": 4,
  "conc": 64,
  "model": "nvidia/Llama-3.3-70B-Instruct-FP8",
  "framework": "vllm",
  "precision": "fp8",
  "tput_per_gpu": 749.9859283563601,
  "mean_ttft": 0.2571151567462948,
  "median_ttft": 0.09690321329981089,
  "std_ttft": 0.5429146425007132,
  "p99_ttft": 2.8498264761455356,
  "mean_tpot": 0.02327231453445884,
  "mean_intvty": 42.96951205774228,
  "median_tpot": 0.023486709928728564,
  "median_intvty": 42.577270423764894,
  "std_tpot": 0.0006491777996820244,
  "std_intvty": 1540.4100394218854,
  "p99_tpot": 0.023897969349617763,
  "p99_intvty": 41.844559484130166,
  "mean_itl": 0.02327329244415555,
  "median_itl": 0.022963548079133034,
  "std_itl": 0.005687207519592822,
  "p99_itl": 0.02818129351362586,
  "mean_e2el": 172.1342343772616,
  "median_e2el": 171.6632313854061,
  "std_e2el": 12.027685296230084,
  "p99_e2el": 194.36515709997155
}