{
  "hw": "mi300x",
  "tp": 8,
  "conc": 4,
  "model": "deepseek-ai/DeepSeek-R1-0528",
  "framework": "sglang",
  "precision": "fp8",
  "tput_per_gpu": 175.55580112286555,
  "mean_ttft": 0.7028120318194852,
  "median_ttft": 0.5430598685052246,
  "std_ttft": 0.5742356632815125,
  "p99_ttft": 2.717598483855836,
  "mean_tpot": 0.024231992799106945,
  "mean_intvty": 41.26775739372349,
  "median_tpot": 0.02423232995469775,
  "median_intvty": 41.26718321636823,
  "std_tpot": 0.000558041022689941,
  "std_intvty": 1791.9829534747673,
  "p99_tpot": 0.025970746082591645,
  "p99_intvty": 38.504862233061004,
  "mean_itl": 0.02422761045142757,
  "median_itl": 0.02268561301752925,
  "std_itl": 0.021070082851771456,
  "p99_itl": 0.023916632458567618,
  "mean_e2el": 22.971014155074954,
  "median_e2el": 22.639956513419747,
  "std_e2el": 1.8257426799445562,
  "p99_e2el": 27.83583301957231
}