{
  "hw": "mi300x",
  "tp": 2,
  "conc": 64,
  "model": "openai/gpt-oss-120b",
  "framework": "vllm",
  "precision": "fp4",
  "tput_per_gpu": 8972.577736847234,
  "mean_ttft": 1.1308495876190137,
  "median_ttft": 0.30481398897245526,
  "std_ttft": 2.4854779105913436,
  "p99_ttft": 12.550126217352226,
  "mean_tpot": 0.030474800680608614,
  "mean_intvty": 32.81399640576842,
  "median_tpot": 0.031246081893382724,
  "median_intvty": 32.00401264427907,
  "std_tpot": 0.0034842254264767112,
  "std_intvty": 287.00783606048464,
  "p99_tpot": 0.037259891498972485,
  "p99_intvty": 26.838510789210886,
  "mean_itl": 0.030535624992810394,
  "median_itl": 0.01821133214980364,
  "std_itl": 0.05042643999443442,
  "p99_itl": 0.2230761995725334,
  "mean_e2el": 29.246860111771092,
  "median_e2el": 29.28679023589939,
  "std_e2el": 4.590486516768917,
  "p99_e2el": 42.92575523712672
}