{
  "hw": "mi300x",
  "tp": 2,
  "conc": 32,
  "model": "openai/gpt-oss-120b",
  "framework": "vllm",
  "precision": "fp4",
  "tput_per_gpu": 2182.2086109890615,
  "mean_ttft": 0.33005938943388174,
  "median_ttft": 0.08810155652463436,
  "std_ttft": 0.7117919225190158,
  "p99_ttft": 2.4061015264689924,
  "mean_tpot": 0.013990334668726725,
  "mean_intvty": 71.47791841144077,
  "median_tpot": 0.01393250363133235,
  "median_intvty": 71.77460896196236,
  "std_tpot": 0.0007206904503554639,
  "std_intvty": 1387.558277630532,
  "p99_tpot": 0.015864611096455917,
  "p99_intvty": 63.03337623091155,
  "mean_itl": 0.01399696459564334,
  "median_itl": 0.012644805014133453,
  "std_itl": 0.020537286641884846,
  "p99_itl": 0.050034298468381165,
  "mean_e2el": 13.244927263808496,
  "median_e2el": 13.068358469055966,
  "std_e2el": 1.529012013034887,
  "p99_e2el": 18.274899864327164
}