{
  "hw": "mi300x",
  "tp": 8,
  "conc": 8,
  "model": "amd/Llama-3.3-70B-Instruct-FP8-KV",
  "framework": "vllm",
  "precision": "fp8",
  "tput_per_gpu": 649.3049766902104,
  "mean_ttft": 0.6856529237586073,
  "median_ttft": 0.5066877719946206,
  "std_ttft": 0.49697313884535,
  "p99_ttft": 2.497610861007124,
  "mean_tpot": 0.012743905145130175,
  "mean_intvty": 78.46888285904495,
  "median_tpot": 0.012929370186704928,
  "median_intvty": 77.34328784462252,
  "std_tpot": 0.0009321183005143817,
  "std_intvty": 1072.825197668749,
  "p99_tpot": 0.014020666260048165,
  "p99_intvty": 71.32328674347639,
  "mean_itl": 0.012771293392939647,
  "median_itl": 0.009894021786749363,
  "std_itl": 0.03729926329375834,
  "p99_itl": 0.010783268436789511,
  "mean_e2el": 12.497343060770072,
  "median_e2el": 12.43682995904237,
  "std_e2el": 1.3684436353478515,
  "p99_e2el": 15.186022679917512
}