{
  "hw": "b200-trt",
  "tp": 1,
  "conc": 64,
  "model": "openai/gpt-oss-120b",
  "framework": "trt",
  "precision": "fp4",
  "tput_per_gpu": 10977.593918579803,
  "mean_ttft": 0.09742738190361706,
  "median_ttft": 0.04681978852022439,
  "std_ttft": 0.14976028495523355,
  "p99_ttft": 0.725157426793594,
  "mean_tpot": 0.011265425848620069,
  "mean_intvty": 88.76717253635756,
  "median_tpot": 0.011364217475730312,
  "median_intvty": 87.99550009805984,
  "std_tpot": 0.00041554480432722776,
  "std_intvty": 2406.479372588986,
  "p99_tpot": 0.01186693711796588,
  "p99_intvty": 84.26774238872943,
  "mean_itl": 0.22289838420499425,
  "median_itl": 0.21261203684844077,
  "std_itl": 0.03397902691459207,
  "p99_itl": 0.3209839910361916,
  "mean_e2el": 10.474391848276355,
  "median_e2el": 10.50603016547393,
  "std_e2el": 0.7956506882678355,
  "p99_e2el": 11.955322344671004
}