{
  "hw": "mi300x",
  "tp": 1,
  "conc": 64,
  "model": "amd/Llama-3.3-70B-Instruct-FP8-KV",
  "framework": "vllm",
  "precision": "fp8",
  "tput_per_gpu": 3492.829208060027,
  "mean_ttft": 13.287245855325455,
  "median_ttft": 8.40864683385007,
  "std_ttft": 15.408723205190553,
  "p99_ttft": 78.6523758354364,
  "mean_tpot": 0.14791611494284396,
  "mean_intvty": 6.76058859703291,
  "median_tpot": 0.15361535781205,
  "median_intvty": 6.509765782816524,
  "std_tpot": 0.025703044335547418,
  "std_intvty": 38.90589717487262,
  "p99_tpot": 0.19470202511220885,
  "p99_intvty": 5.136053409941111,
  "mean_itl": 0.14852141977132666,
  "median_itl": 0.06166230794042349,
  "std_itl": 0.4737942376409361,
  "p99_itl": 2.3185635381564498,
  "mean_e2el": 150.03996740898873,
  "median_e2el": 150.96890517650172,
  "std_e2el": 30.364603757695942,
  "p99_e2el": 224.36454966662922
}