{
  "hw": "mi300x",
  "tp": 1,
  "conc": 16,
  "model": "amd/Llama-3.3-70B-Instruct-FP8-KV",
  "framework": "vllm",
  "precision": "fp8",
  "tput_per_gpu": 1706.1947903342239,
  "mean_ttft": 5.105744001286803,
  "median_ttft": 3.4819632328581065,
  "std_ttft": 5.085191365140278,
  "p99_ttft": 20.696948711019942,
  "mean_tpot": 0.07752969034217663,
  "mean_intvty": 12.898284458334716,
  "median_tpot": 0.08155437520668002,
  "median_intvty": 12.261757845189049,
  "std_tpot": 0.013646554231218595,
  "std_intvty": 73.27857150285938,
  "p99_tpot": 0.09492007059906658,
  "p99_intvty": 10.535179690540957,
  "mean_itl": 0.07784423479980009,
  "median_itl": 0.03250446985475719,
  "std_itl": 0.38609695944931643,
  "p99_itl": 3.019214327749796,
  "mean_e2el": 76.26802411437384,
  "median_e2el": 78.13637311477214,
  "std_e2el": 12.811853740589374,
  "p99_e2el": 97.71059375443961
}