{
  "hw": "h200",
  "tp": 8,
  "conc": 4,
  "model": "openai/gpt-oss-120b",
  "framework": "vllm",
  "precision": "fp4",
  "tput_per_gpu": 249.79606515502024,
  "mean_ttft": 0.03489121042657643,
  "median_ttft": 0.0324853528290987,
  "std_ttft": 0.00972777803199939,
  "p99_ttft": 0.07548267783597112,
  "mean_tpot": 0.0038694338303456623,
  "mean_intvty": 258.4357412078212,
  "median_tpot": 0.003881576173463839,
  "median_intvty": 257.6273027530516,
  "std_tpot": 5.839416702294753e-05,
  "std_intvty": 17124.998111661112,
  "p99_tpot": 0.003936883890122704,
  "p99_intvty": 254.0079991967536,
  "mean_itl": 0.0038694774986177765,
  "median_itl": 0.003833557479083538,
  "std_itl": 0.0007692005102953622,
  "p99_itl": 0.00417081881314516,
  "mean_e2el": 3.582137834187597,
  "median_e2el": 3.6044878899119794,
  "std_e2el": 0.24951543664683667,
  "p99_e2el": 4.023287596013397
}