{
  "hw": "mi300x",
  "tp": 2,
  "conc": 32,
  "model": "amd/Llama-3.3-70B-Instruct-FP8-KV",
  "framework": "vllm",
  "precision": "fp8",
  "tput_per_gpu": 716.1256214981127,
  "mean_ttft": 0.5036326999485027,
  "median_ttft": 0.2001530290581286,
  "std_ttft": 0.9313415406872658,
  "p99_ttft": 3.349604422203265,
  "mean_tpot": 0.024416459774228357,
  "mean_intvty": 40.955978436132774,
  "median_tpot": 0.024551703999102465,
  "median_intvty": 40.73037048819735,
  "std_tpot": 0.0003784581921434739,
  "std_intvty": 2642.299785707635,
  "p99_tpot": 0.02478363594186247,
  "p99_intvty": 40.34920470692045,
  "mean_itl": 0.024420750986162573,
  "median_itl": 0.023978781886398792,
  "std_itl": 0.008072739401155766,
  "p99_itl": 0.025755644869059326,
  "mean_e2el": 181.58281429758645,
  "median_e2el": 182.31338743539527,
  "std_e2el": 11.865640540671835,
  "p99_e2el": 201.14518742563203
}