{
  "hw": "mi300x",
  "tp": 8,
  "conc": 64,
  "model": "amd/Llama-3.3-70B-Instruct-FP8-KV",
  "framework": "vllm",
  "precision": "fp8",
  "tput_per_gpu": 1792.4468377039943,
  "mean_ttft": 1.6582711650670716,
  "median_ttft": 0.6420792044955306,
  "std_ttft": 3.505339074299813,
  "p99_ttft": 16.764618572769127,
  "mean_tpot": 0.037862330349661244,
  "mean_intvty": 26.411475225241837,
  "median_tpot": 0.039335359656164345,
  "median_intvty": 25.42241913487341,
  "std_tpot": 0.005393694819746507,
  "std_intvty": 185.4016649846344,
  "p99_tpot": 0.0468040446255346,
  "p99_intvty": 21.365674868501344,
  "mean_itl": 0.037952489609126956,
  "median_itl": 0.018004143028520048,
  "std_itl": 0.09903305331854775,
  "p99_itl": 0.36967840943543706,
  "mean_e2el": 36.60338162848884,
  "median_e2el": 36.92748976699659,
  "std_e2el": 6.163387864321102,
  "p99_e2el": 52.89549820071553
}