{
  "hw": "mi300x",
  "tp": 8,
  "conc": 64,
  "model": "amd/Llama-3.3-70B-Instruct-FP8-KV",
  "framework": "vllm",
  "precision": "fp8",
  "tput_per_gpu": 560.2476779954872,
  "mean_ttft": 0.39932594070851335,
  "median_ttft": 0.14517884934321046,
  "std_ttft": 0.7514092793188885,
  "p99_ttft": 2.6981723274290563,
  "mean_tpot": 0.01553735641650493,
  "mean_intvty": 64.36101310887906,
  "median_tpot": 0.01565736692220445,
  "median_intvty": 63.86769914562408,
  "std_tpot": 0.00036778556046418773,
  "std_intvty": 2718.975695342375,
  "p99_tpot": 0.015834687250124335,
  "p99_intvty": 63.15249453330049,
  "mean_itl": 0.015540365209153235,
  "median_itl": 0.014916405081748962,
  "std_itl": 0.007595994204599466,
  "p99_itl": 0.01686189784668386,
  "mean_e2el": 115.1674965516955,
  "median_e2el": 114.81083789095283,
  "std_e2el": 8.148074381274878,
  "p99_e2el": 129.17423577391543
}