{
  "hw": "h200",
  "tp": 8,
  "conc": 32,
  "model": "deepseek-ai/DeepSeek-R1-0528",
  "framework": "sglang",
  "precision": "fp8",
  "tput_per_gpu": 178.18193078221634,
  "mean_ttft": 0.22878814073337708,
  "median_ttft": 0.13114810641855001,
  "std_ttft": 0.29449517703539013,
  "p99_ttft": 1.2048224388994278,
  "mean_tpot": 0.024667599557320993,
  "mean_intvty": 40.53900735968507,
  "median_tpot": 0.02472941766012355,
  "median_intvty": 40.43766876130329,
  "std_tpot": 0.0006573484144253531,
  "std_intvty": 1521.2632723457457,
  "p99_tpot": 0.025772700345158325,
  "p99_intvty": 38.80074600672803,
  "mean_itl": 0.24655067549712298,
  "median_itl": 0.2446813303977251,
  "std_itl": 0.022530189209651108,
  "p99_itl": 0.33988457378000014,
  "mean_e2el": 183.15475028657528,
  "median_e2el": 183.2766230031848,
  "std_e2el": 12.578854785797713,
  "p99_e2el": 207.4090387709625
}