{
  "hw": "mi300x",
  "tp": 8,
  "conc": 16,
  "model": "amd/Llama-3.3-70B-Instruct-FP8-KV",
  "framework": "vllm",
  "precision": "fp8",
  "tput_per_gpu": 206.82205741048935,
  "mean_ttft": 0.2314727512333775,
  "median_ttft": 0.1352045147214085,
  "std_ttft": 0.29547906810023705,
  "p99_ttft": 1.151548266718164,
  "mean_tpot": 0.010559108264814807,
  "mean_intvty": 94.70496702190398,
  "median_tpot": 0.01058887321280651,
  "median_intvty": 94.43875471004498,
  "std_tpot": 9.22084418255473e-05,
  "std_intvty": 10844.994017922334,
  "p99_tpot": 0.010654045727695169,
  "p99_intvty": 93.8610576262595,
  "mean_itl": 0.01056040427014432,
  "median_itl": 0.010419781785458326,
  "std_itl": 0.004141072210988548,
  "p99_itl": 0.011111324396915733,
  "mean_e2el": 78.13425482773164,
  "median_e2el": 78.30993755697273,
  "std_e2el": 5.3310420331815855,
  "p99_e2el": 86.89188050859143
}