{
  "hw": "mi300x",
  "tp": 8,
  "conc": 8,
  "model": "deepseek-ai/DeepSeek-R1-0528",
  "framework": "sglang",
  "precision": "fp8",
  "tput_per_gpu": 307.19760515567674,
  "mean_ttft": 0.9018446328409482,
  "median_ttft": 0.5291903265751898,
  "std_ttft": 1.1483701520252843,
  "p99_ttft": 4.602095979838632,
  "mean_tpot": 0.02748483795368057,
  "mean_intvty": 36.383696410554506,
  "median_tpot": 0.027626238643459623,
  "median_intvty": 36.19747200861689,
  "std_tpot": 0.0010746769424751805,
  "std_intvty": 930.5121943872866,
  "p99_tpot": 0.0292559061003482,
  "p99_intvty": 34.18113240348752,
  "mean_itl": 0.027516216698049496,
  "median_itl": 0.024408292956650257,
  "std_itl": 0.03092451178048786,
  "p99_itl": 0.19345005085691808,
  "mean_e2el": 26.350561153516175,
  "median_e2el": 26.45870775100775,
  "std_e2el": 2.431901621225081,
  "p99_e2el": 32.305162721015506
}