{
  "hw": "mi300x",
  "tp": 4,
  "conc": 16,
  "model": "openai/gpt-oss-120b",
  "framework": "vllm",
  "precision": "fp4",
  "tput_per_gpu": 1016.7871933307443,
  "mean_ttft": 0.313342661340721,
  "median_ttft": 0.04882002668455243,
  "std_ttft": 0.7643754790553667,
  "p99_ttft": 3.3462363128503783,
  "mean_tpot": 0.007417774304101225,
  "mean_intvty": 134.81132736097246,
  "median_tpot": 0.007289711459388606,
  "median_intvty": 137.17964086384714,
  "std_tpot": 0.00048118727963660727,
  "std_intvty": 2078.192924707403,
  "p99_tpot": 0.009203572677025457,
  "p99_intvty": 108.65345829193738,
  "mean_itl": 0.007415689656798179,
  "median_itl": 0.006850935984402895,
  "std_itl": 0.013063672907100412,
  "p99_itl": 0.02769463241100311,
  "mean_e2el": 7.097910632568528,
  "median_e2el": 6.8078150323126465,
  "std_e2el": 1.158240963714293,
  "p99_e2el": 11.29747062377166
}