{
  "hw": "b200-trt",
  "tp": 4,
  "conc": 8,
  "model": "openai/gpt-oss-120b",
  "framework": "trt",
  "precision": "fp4",
  "tput_per_gpu": 1125.2814475294877,
  "mean_ttft": 0.033013724503689446,
  "median_ttft": 0.026621285011060536,
  "std_ttft": 0.015080786473426389,
  "p99_ttft": 0.07913972842041402,
  "mean_tpot": 0.0034402500747334657,
  "mean_intvty": 290.67654335491153,
  "median_tpot": 0.0034583812384010285,
  "median_intvty": 289.1526211443209,
  "std_tpot": 9.78787463382187e-05,
  "std_intvty": 10216.72260231566,
  "p99_tpot": 0.003584194182159016,
  "p99_intvty": 279.00274069348234,
  "mean_itl": 0.06800274077928328,
  "median_itl": 0.06758074904792011,
  "std_itl": 0.008278463263659046,
  "p99_itl": 0.09116198886185886,
  "mean_e2el": 3.2265922789199974,
  "median_e2el": 3.2314019575715065,
  "std_e2el": 0.2306484933393865,
  "p99_e2el": 3.6332517206389454
}