{
  "hw": "mi300x",
  "tp": 8,
  "conc": 64,
  "model": "deepseek-ai/DeepSeek-R1-0528",
  "framework": "sglang",
  "precision": "fp8",
  "tput_per_gpu": 907.9242045340433,
  "mean_ttft": 2.9565225619422564,
  "median_ttft": 0.6044891199562699,
  "std_ttft": 6.995842277811459,
  "p99_ttft": 30.53926016552374,
  "mean_tpot": 0.07499151618067444,
  "mean_intvty": 13.33484173850726,
  "median_tpot": 0.07741735643794131,
  "median_intvty": 12.917000089012497,
  "std_tpot": 0.00853426788097653,
  "std_intvty": 117.17466734657684,
  "p99_tpot": 0.08937683518539907,
  "p99_intvty": 11.188581447593746,
  "mean_itl": 0.0751168699932139,
  "median_itl": 0.04593354929238558,
  "std_itl": 0.16031698085195104,
  "p99_itl": 0.5567353294789791,
  "mean_e2el": 72.1212020299121,
  "median_e2el": 72.42757983668707,
  "std_e2el": 10.836262121295977,
  "p99_e2el": 102.83434881067369
}