{
  "hw": "h200",
  "tp": 2,
  "conc": 16,
  "model": "nvidia/Llama-3.3-70B-Instruct-FP8",
  "framework": "vllm",
  "precision": "fp8",
  "tput_per_gpu": 508.40330860898126,
  "mean_ttft": 0.19593396138516256,
  "median_ttft": 0.12112574698403478,
  "std_ttft": 0.23889910224467276,
  "p99_ttft": 1.1784158475976438,
  "mean_tpot": 0.017201937516780102,
  "mean_intvty": 58.132986416473294,
  "median_tpot": 0.017367915079980964,
  "median_intvty": 57.577434907696244,
  "std_tpot": 0.00042970210408510887,
  "std_intvty": 2327.1936313393876,
  "p99_tpot": 0.017592630346384537,
  "p99_intvty": 56.84198327997667,
  "mean_itl": 0.017202273482132588,
  "median_itl": 0.017059226520359516,
  "std_itl": 0.0036028283605607993,
  "p99_itl": 0.019551985943689943,
  "mean_e2el": 127.0966752337059,
  "median_e2el": 127.53332563489676,
  "std_e2el": 8.952141573133385,
  "p99_e2el": 142.3163584262319
}