{
  "hw": "mi300x",
  "tp": 8,
  "conc": 64,
  "model": "openai/gpt-oss-120b",
  "framework": "vllm",
  "precision": "fp4",
  "tput_per_gpu": 1357.1059321528699,
  "mean_ttft": 0.25343554084174685,
  "median_ttft": 0.11188319628126919,
  "std_ttft": 0.4674562890051887,
  "p99_ttft": 1.709530457276851,
  "mean_tpot": 0.011230296766460812,
  "mean_intvty": 89.04484189469433,
  "median_tpot": 0.010967998186497865,
  "median_intvty": 91.17434038519885,
  "std_tpot": 0.001471696728406307,
  "std_intvty": 679.4878188544287,
  "p99_tpot": 0.016250923203864395,
  "p99_intvty": 61.53496558042958,
  "mean_itl": 0.011752406769855459,
  "median_itl": 0.00852509681135416,
  "std_itl": 0.029815331313735448,
  "p99_itl": 0.08686751434579491,
  "mean_e2el": 10.61724017782035,
  "median_e2el": 10.239129251567647,
  "std_e2el": 2.002582829247708,
  "p99_e2el": 17.632163416184486
}