{
  "hw": "h200-trt",
  "tp": 8,
  "conc": 32,
  "model": "deepseek-ai/DeepSeek-R1-0528",
  "framework": "trt",
  "precision": "fp8",
  "tput_per_gpu": 292.1613079427177,
  "mean_ttft": 0.6468827155127655,
  "median_ttft": 0.12418710999190807,
  "std_ttft": 1.5828509982206953,
  "p99_ttft": 8.086476411987103,
  "mean_tpot": 0.026034391251557477,
  "mean_intvty": 38.410731034096145,
  "median_tpot": 0.025856457165511187,
  "median_intvty": 38.675058752204336,
  "std_tpot": 0.0011213824541806226,
  "std_intvty": 891.7564175111738,
  "p99_tpot": 0.028936070667735788,
  "p99_intvty": 34.55894241767307,
  "mean_itl": 0.2588739425255148,
  "median_itl": 0.2419512625783682,
  "std_itl": 0.11573060353586259,
  "p99_itl": 0.3964290136797354,
  "mean_e2el": 24.67362033030513,
  "median_e2el": 24.293610949534923,
  "std_e2el": 2.808154369181069,
  "p99_e2el": 33.923005091780794
}