{
  "hw": "h200",
  "tp": 8,
  "conc": 64,
  "model": "deepseek-ai/DeepSeek-R1-0528",
  "framework": "sglang",
  "precision": "fp8",
  "tput_per_gpu": 271.37354367453594,
  "mean_ttft": 0.3756732544919942,
  "median_ttft": 0.17717434605583549,
  "std_ttft": 0.5896073694423307,
  "p99_ttft": 2.4405176365654917,
  "mean_tpot": 0.03228310816171134,
  "mean_intvty": 30.97595172654496,
  "median_tpot": 0.0324132640360949,
  "median_intvty": 30.851567398038522,
  "std_tpot": 0.0009034241921181452,
  "std_intvty": 1106.899736274967,
  "p99_tpot": 0.03334384267092634,
  "p99_intvty": 29.990544577273177,
  "mean_itl": 0.32265482781725874,
  "median_itl": 0.3150985920801759,
  "std_itl": 0.041473701397798705,
  "p99_itl": 0.4674180853739381,
  "mean_e2el": 238.81406181206404,
  "median_e2el": 238.65860180556774,
  "std_e2el": 16.953247255887877,
  "p99_e2el": 270.00791922534825
}