{
  "hw": "b200-trt",
  "tp": 4,
  "conc": 32,
  "model": "openai/gpt-oss-120b",
  "framework": "trt",
  "precision": "fp4",
  "tput_per_gpu": 3128.579447980432,
  "mean_ttft": 0.06338857004666351,
  "median_ttft": 0.037454137578606606,
  "std_ttft": 0.06750386099993337,
  "p99_ttft": 0.2872427279362455,
  "mean_tpot": 0.004904587754338914,
  "mean_intvty": 203.89073457098112,
  "median_tpot": 0.004957921774110559,
  "median_intvty": 201.69741386841423,
  "std_tpot": 0.00018739106483302065,
  "std_intvty": 5336.433734933275,
  "p99_tpot": 0.005131457856991707,
  "p99_intvty": 194.87639338935261,
  "mean_itl": 0.09703528093596754,
  "median_itl": 0.0888851541094482,
  "std_itl": 0.01922088449149203,
  "p99_itl": 0.1575145253445953,
  "mean_e2el": 4.590993957164756,
  "median_e2el": 4.580674294033088,
  "std_e2el": 0.3496017969515683,
  "p99_e2el": 5.240826369996649
}