{
  "hw": "mi300x",
  "tp": 2,
  "conc": 16,
  "model": "openai/gpt-oss-120b",
  "framework": "vllm",
  "precision": "fp4",
  "tput_per_gpu": 1529.1916006052713,
  "mean_ttft": 0.2914179187209811,
  "median_ttft": 0.07875183643773198,
  "std_ttft": 0.7024210903695884,
  "p99_ttft": 3.3711829262506217,
  "mean_tpot": 0.010024002299049747,
  "mean_intvty": 99.76055174037596,
  "median_tpot": 0.00996914344336263,
  "median_intvty": 100.30952064049109,
  "std_tpot": 0.0007028303276694335,
  "std_intvty": 1422.8185105727769,
  "p99_tpot": 0.01233969702971947,
  "p99_intvty": 81.03926681437606,
  "mean_itl": 0.010022401796159916,
  "median_itl": 0.009255790151655674,
  "std_itl": 0.020083002975519113,
  "p99_itl": 0.04279613405466079,
  "mean_e2el": 9.460850469354773,
  "median_e2el": 9.275004832539707,
  "std_e2el": 1.1812841732994583,
  "p99_e2el": 13.642619983917102
}