{
  "hw": "b200-trt",
  "tp": 8,
  "conc": 32,
  "model": "deepseek-ai/DeepSeek-R1-0528",
  "framework": "trt",
  "precision": "fp8",
  "tput_per_gpu": 343.4309483796698,
  "mean_ttft": 0.37985608927774595,
  "median_ttft": 0.1393615185515955,
  "std_ttft": 0.7467325331840107,
  "p99_ttft": 3.8206979884486647,
  "mean_tpot": 0.02229972166535148,
  "mean_intvty": 44.84360903722689,
  "median_tpot": 0.02245061866201823,
  "median_intvty": 44.542202380007986,
  "std_tpot": 0.0008466317893235689,
  "std_intvty": 1181.151018199975,
  "p99_tpot": 0.023555049545312578,
  "p99_intvty": 42.45374216158245,
  "mean_itl": 0.2217810470804334,
  "median_itl": 0.19856009748764336,
  "std_itl": 0.06465719496964127,
  "p99_itl": 0.45138873156625764,
  "mean_e2el": 20.96390936619573,
  "median_e2el": 20.941087004030123,
  "std_e2el": 1.8241199863487656,
  "p99_e2el": 26.147273243749517
}