{
  "hw": "mi300x",
  "tp": 4,
  "conc": 4,
  "model": "amd/Llama-3.3-70B-Instruct-FP8-KV",
  "framework": "vllm",
  "precision": "fp8",
  "tput_per_gpu": 176.00429039597654,
  "mean_ttft": 0.18474182495847344,
  "median_ttft": 0.1282862131483853,
  "std_ttft": 0.1983624338287033,
  "p99_ttft": 0.881850394429639,
  "mean_tpot": 0.010862743401348244,
  "mean_intvty": 92.05777611168499,
  "median_tpot": 0.01086936528901817,
  "median_intvty": 92.001692224876,
  "std_tpot": 0.00014259176980489668,
  "std_intvty": 7013.027479554149,
  "p99_tpot": 0.011306036819980728,
  "p99_intvty": 88.4483233092553,
  "mean_itl": 0.010861926207816654,
  "median_itl": 0.010588545352220535,
  "std_itl": 0.006075370113953715,
  "p99_itl": 0.011028962284326553,
  "mean_e2el": 10.142140714777634,
  "median_e2el": 10.197038221172988,
  "std_e2el": 0.7208614907607211,
  "p99_e2el": 11.73837354359217
}