{
  "hw": "mi300x",
  "tp": 8,
  "conc": 16,
  "model": "amd/Llama-3.3-70B-Instruct-FP8-KV",
  "framework": "vllm",
  "precision": "fp8",
  "tput_per_gpu": 914.3199264518491,
  "mean_ttft": 1.010435687599238,
  "median_ttft": 0.6648237849585712,
  "std_ttft": 1.0775599533217421,
  "p99_ttft": 4.44727136454545,
  "mean_tpot": 0.018182466195533258,
  "mean_intvty": 54.99803982837389,
  "median_tpot": 0.01893330198275863,
  "median_intvty": 52.816988864944804,
  "std_tpot": 0.00233969393457055,
  "std_intvty": 427.40633089838286,
  "p99_tpot": 0.02111800740063955,
  "p99_intvty": 47.3529524366828,
  "mean_itl": 0.018248423994177733,
  "median_itl": 0.010562843177467585,
  "std_itl": 0.0667408974795744,
  "p99_itl": 0.5305817771702978,
  "mean_e2el": 17.68059875117033,
  "median_e2el": 17.838364380411804,
  "std_e2el": 2.3262900680902536,
  "p99_e2el": 21.83499150587246
}