{
  "hw": "mi300x",
  "tp": 1,
  "conc": 4,
  "model": "openai/gpt-oss-120b",
  "framework": "vllm",
  "precision": "fp4",
  "tput_per_gpu": 3447.0533470477126,
  "mean_ttft": 0.46993274505948646,
  "median_ttft": 0.3314125544857234,
  "std_ttft": 0.38719826259252277,
  "p99_ttft": 1.8895594979543238,
  "mean_tpot": 0.009718648270283455,
  "mean_intvty": 102.894967714562,
  "median_tpot": 0.009600216690530093,
  "median_intvty": 104.16431547700651,
  "std_tpot": 0.000589711000200394,
  "std_intvty": 1695.7458817288175,
  "p99_tpot": 0.011533838972028703,
  "p99_intvty": 86.701401192192,
  "mean_itl": 0.009721533020224443,
  "median_itl": 0.008781355805695057,
  "std_itl": 0.020341903058556637,
  "p99_itl": 0.009389880951493979,
  "mean_e2el": 9.405236547160893,
  "median_e2el": 9.284648139961064,
  "std_e2el": 0.9227763022469821,
  "p99_e2el": 12.148825437226332
}