{
  "hw": "h200",
  "tp": 4,
  "conc": 8,
  "model": "nvidia/Llama-3.3-70B-Instruct-FP8",
  "framework": "vllm",
  "precision": "fp8",
  "tput_per_gpu": 379.56073768302946,
  "mean_ttft": 0.10323088114382699,
  "median_ttft": 0.08223975403234363,
  "std_ttft": 0.07546170377263581,
  "p99_ttft": 0.3875806427653879,
  "mean_tpot": 0.01014729278405663,
  "mean_intvty": 98.5484524080348,
  "median_tpot": 0.010169774710361611,
  "median_intvty": 98.33059516855732,
  "std_tpot": 8.969163847692664e-05,
  "std_intvty": 11149.311317991498,
  "p99_tpot": 0.010280049617585016,
  "p99_intvty": 97.27579507879064,
  "mean_itl": 0.010150232612965765,
  "median_itl": 0.009806045331060886,
  "std_itl": 0.004091754563963933,
  "p99_itl": 0.013449990833178167,
  "mean_e2el": 9.522392825083807,
  "median_e2el": 9.576957235112786,
  "std_e2el": 0.634059016368105,
  "p99_e2el": 10.527629158953204
}