{
  "hw": "h200",
  "tp": 8,
  "conc": 32,
  "model": "nvidia/Llama-3.3-70B-Instruct-FP8",
  "framework": "vllm",
  "precision": "fp8",
  "tput_per_gpu": 196.14379639559067,
  "mean_ttft": 0.38894062389881584,
  "median_ttft": 0.19665080728009343,
  "std_ttft": 0.6506650000704584,
  "p99_ttft": 3.3916085789818315,
  "mean_tpot": 0.0223493375471689,
  "mean_intvty": 44.74405551795314,
  "median_tpot": 0.02251310590558251,
  "median_intvty": 44.418571306593144,
  "std_tpot": 0.0005363629561373344,
  "std_intvty": 1864.4091441392393,
  "p99_tpot": 0.02293257057534835,
  "p99_intvty": 43.60610149282446,
  "mean_itl": 0.02235469549358733,
  "median_itl": 0.02197444997727871,
  "std_itl": 0.009107781717150052,
  "p99_itl": 0.027227751910686496,
  "mean_e2el": 166.14837882908904,
  "median_e2el": 167.16825560876168,
  "std_e2el": 11.427407658793557,
  "p99_e2el": 185.97788110616617
}