{
  "hw": "h200",
  "tp": 2,
  "conc": 8,
  "model": "nvidia/Llama-3.3-70B-Instruct-FP8",
  "framework": "vllm",
  "precision": "fp8",
  "tput_per_gpu": 294.15986427883564,
  "mean_ttft": 0.15742107460973784,
  "median_ttft": 0.11701052519492805,
  "std_ttft": 0.13604742603516304,
  "p99_ttft": 0.5971611420065165,
  "mean_tpot": 0.014859842458928749,
  "mean_intvty": 67.29546445488295,
  "median_tpot": 0.01487245537359131,
  "median_intvty": 67.23839304810944,
  "std_tpot": 8.479674634377585e-05,
  "std_intvty": 11792.90530730842,
  "p99_tpot": 0.014982644778523825,
  "p99_intvty": 66.74389033326102,
  "mean_itl": 0.014860965663928473,
  "median_itl": 0.014766532927751541,
  "std_itl": 0.0026263978371318135,
  "p99_itl": 0.016316237514838582,
  "mean_e2el": 109.48954532959615,
  "median_e2el": 109.67302394961007,
  "std_e2el": 6.918530194265443,
  "p99_e2el": 122.13371121739969
}