{
  "hw": "mi300x",
  "tp": 8,
  "conc": 4,
  "model": "deepseek-ai/DeepSeek-R1-0528",
  "framework": "sglang",
  "precision": "fp8",
  "tput_per_gpu": 41.30577266929441,
  "mean_ttft": 0.17498419462499443,
  "median_ttft": 0.14148042348097079,
  "std_ttft": 0.1415648993241571,
  "p99_ttft": 0.7390781399665862,
  "mean_tpot": 0.0233692180672113,
  "mean_intvty": 42.79133333104851,
  "median_tpot": 0.023348568231321566,
  "median_intvty": 42.829178649957775,
  "std_tpot": 0.0002083555462963636,
  "std_intvty": 4799.4882678937975,
  "p99_tpot": 0.02400243712674067,
  "p99_intvty": 41.662435973466984,
  "mean_itl": 0.023368555177832963,
  "median_itl": 0.023033372010104358,
  "std_itl": 0.008159678320233711,
  "p99_itl": 0.0233227595873177,
  "mean_e2el": 21.597522738971747,
  "median_e2el": 21.71547374749207,
  "std_e2el": 1.500900937821891,
  "p99_e2el": 24.474155596037743
}