{
  "hw": "mi300x",
  "tp": 1,
  "conc": 4,
  "model": "amd/Llama-3.3-70B-Instruct-FP8-KV",
  "framework": "vllm",
  "precision": "fp8",
  "tput_per_gpu": 1018.5752688070971,
  "mean_ttft": 1.9972764213802292,
  "median_ttft": 1.7533884281292558,
  "std_ttft": 0.9275521209146372,
  "p99_ttft": 5.216779843606055,
  "mean_tpot": 0.03243571935805724,
  "mean_intvty": 30.83020878806542,
  "median_tpot": 0.0328042800163075,
  "median_intvty": 30.4838270952109,
  "std_tpot": 0.001462852209789053,
  "std_intvty": 683.5960552325395,
  "p99_tpot": 0.03442830431156839,
  "p99_intvty": 29.045868508371065,
  "mean_itl": 0.03242401780512989,
  "median_itl": 0.027504554018378258,
  "std_itl": 0.09175536856372636,
  "p99_itl": 0.02789500806480646,
  "mean_e2el": 31.799001540383323,
  "median_e2el": 31.312171722529456,
  "std_e2el": 2.5683581207896102,
  "p99_e2el": 37.49087547805626
}