{
  "hw": "mi300x",
  "tp": 2,
  "conc": 4,
  "model": "openai/gpt-oss-120b",
  "framework": "vllm",
  "precision": "fp4",
  "tput_per_gpu": 2299.8666606608663,
  "mean_ttft": 0.3941629592096433,
  "median_ttft": 0.23102697543799877,
  "std_ttft": 0.35912748772912406,
  "p99_ttft": 1.5305041872989384,
  "mean_tpot": 0.0072327647069464025,
  "mean_intvty": 138.25971679122816,
  "median_tpot": 0.007218398018495055,
  "median_intvty": 138.53489339847837,
  "std_tpot": 0.00032524795557812886,
  "std_intvty": 3074.577358134344,
  "p99_tpot": 0.008073562585214111,
  "p99_intvty": 123.86105754990936,
  "mean_itl": 0.007230533884201636,
  "median_itl": 0.006630260497331619,
  "std_itl": 0.013835601734031571,
  "p99_itl": 0.007052251026034355,
  "mean_e2el": 7.039927263674326,
  "median_e2el": 6.920478720217943,
  "std_e2el": 0.6566012410166842,
  "p99_e2el": 8.683703811410815
}