{
  "hw": "mi300x",
  "tp": 8,
  "conc": 8,
  "model": "openai/gpt-oss-120b",
  "framework": "vllm",
  "precision": "fp4",
  "tput_per_gpu": 1359.1214123415414,
  "mean_ttft": 0.28732950584962963,
  "median_ttft": 0.12881533498875797,
  "std_ttft": 0.42096552026414263,
  "p99_ttft": 1.7590416009072156,
  "mean_tpot": 0.00612219570777727,
  "mean_intvty": 163.34009034204183,
  "median_tpot": 0.005984276346272502,
  "median_intvty": 167.10458243173912,
  "std_tpot": 0.0005148037649516744,
  "std_intvty": 1942.4877362617424,
  "p99_tpot": 0.007756406978122985,
  "p99_intvty": 128.9256743258198,
  "mean_itl": 0.006137313463939714,
  "median_itl": 0.0052747942972928286,
  "std_itl": 0.016024297237137785,
  "p99_itl": 0.006227806196548046,
  "mean_e2el": 5.960815319843823,
  "median_e2el": 5.791098835878074,
  "std_e2el": 0.9632010302638194,
  "p99_e2el": 8.999244381412863
}