{
  "hw": "h200",
  "tp": 8,
  "conc": 64,
  "model": "nvidia/Llama-3.3-70B-Instruct-FP8",
  "framework": "vllm",
  "precision": "fp8",
  "tput_per_gpu": 641.3087269284272,
  "mean_ttft": 0.19260548603051575,
  "median_ttft": 0.086450454313308,
  "std_ttft": 0.3547231949656697,
  "p99_ttft": 1.8322367578372383,
  "mean_tpot": 0.013577547932870642,
  "mean_intvty": 73.65100126651325,
  "median_tpot": 0.013797985292806406,
  "median_intvty": 72.47434888348164,
  "std_tpot": 0.0005333826494102904,
  "std_intvty": 1874.8266391972127,
  "p99_tpot": 0.014029476485905447,
  "p99_intvty": 71.27849717020008,
  "mean_itl": 0.013577678059981781,
  "median_itl": 0.013254608493298292,
  "std_itl": 0.00377401110469528,
  "p99_itl": 0.01917262598872194,
  "mean_e2el": 100.46600659843389,
  "median_e2el": 99.86406294861808,
  "std_e2el": 7.445269214948017,
  "p99_e2el": 113.89959824936464
}