{
  "hw": "h200",
  "tp": 8,
  "conc": 4,
  "model": "nvidia/Llama-3.3-70B-Instruct-FP8",
  "framework": "vllm",
  "precision": "fp8",
  "tput_per_gpu": 69.63934213524695,
  "mean_ttft": 0.07436940986663103,
  "median_ttft": 0.06839027348905802,
  "std_ttft": 0.01996854434737538,
  "p99_ttft": 0.14828891065437344,
  "mean_tpot": 0.007955345376966008,
  "mean_intvty": 125.70164494622831,
  "median_tpot": 0.00797020216482799,
  "median_intvty": 125.46733185927681,
  "std_tpot": 3.6221226475472075e-05,
  "std_intvty": 27608.120908803845,
  "p99_tpot": 0.007991842621638724,
  "p99_intvty": 125.12758913600209,
  "mean_itl": 0.007955383807156382,
  "median_itl": 0.007945618126541376,
  "std_itl": 0.0007405290887273822,
  "p99_itl": 0.008275294071063399,
  "mean_e2el": 57.83880882645026,
  "median_e2el": 56.951293162303045,
  "std_e2el": 3.621523947203615,
  "p99_e2el": 64.73029286300763
}