{
  "hw": "mi300x",
  "tp": 4,
  "conc": 8,
  "model": "openai/gpt-oss-120b",
  "framework": "vllm",
  "precision": "fp4",
  "tput_per_gpu": 2476.1405921343926,
  "mean_ttft": 0.33893902292475103,
  "median_ttft": 0.16570528177544475,
  "std_ttft": 0.410976468227462,
  "p99_ttft": 1.8085808454267676,
  "mean_tpot": 0.006701649289965757,
  "mean_intvty": 149.2169996865219,
  "median_tpot": 0.0066443748865637735,
  "median_intvty": 150.50324779569493,
  "std_tpot": 0.00038556484190962684,
  "std_intvty": 2593.597473896211,
  "p99_tpot": 0.0076148088596388105,
  "p99_intvty": 131.32305989981637,
  "mean_itl": 0.00671414065328038,
  "median_itl": 0.005719747394323349,
  "std_itl": 0.01483690453258705,
  "p99_itl": 0.0067523526400327565,
  "mean_e2el": 6.5474207774503155,
  "median_e2el": 6.444967733696103,
  "std_e2el": 0.8296281643310227,
  "p99_e2el": 8.994551423136144
}