{
  "hw": "mi300x",
  "tp": 8,
  "conc": 8,
  "model": "amd/Llama-3.3-70B-Instruct-FP8-KV",
  "framework": "vllm",
  "precision": "fp8",
  "tput_per_gpu": 111.42189139416139,
  "mean_ttft": 0.19514427630929276,
  "median_ttft": 0.1291802718769759,
  "std_ttft": 0.21294773872469816,
  "p99_ttft": 0.883322399482131,
  "mean_tpot": 0.009809822180573186,
  "mean_intvty": 101.93864695940597,
  "median_tpot": 0.009823859079822889,
  "median_intvty": 101.7929911122085,
  "std_tpot": 6.259242386281717e-05,
  "std_intvty": 15976.37442818454,
  "p99_tpot": 0.009876428440939118,
  "p99_intvty": 101.25117657460729,
  "mean_itl": 0.009810284617585704,
  "median_itl": 0.009741050889715552,
  "std_itl": 0.002826464062292183,
  "p99_itl": 0.009940236806869507,
  "mean_e2el": 72.36940804971383,
  "median_e2el": 72.5325328039471,
  "std_e2el": 4.52383076227221,
  "p99_e2el": 80.64602251750883
}