{
  "hw": "mi300x",
  "tp": 8,
  "conc": 64,
  "model": "amd/Llama-3.3-70B-Instruct-FP8-KV",
  "framework": "vllm",
  "precision": "fp8",
  "tput_per_gpu": 1798.6915005251194,
  "mean_ttft": 1.6586206600703008,
  "median_ttft": 0.6658169538713992,
  "std_ttft": 3.4848634983567157,
  "p99_ttft": 17.382355617168358,
  "mean_tpot": 0.03772342503752936,
  "mean_intvty": 26.50872764085298,
  "median_tpot": 0.039193735084497666,
  "median_intvty": 25.514281755594425,
  "std_tpot": 0.005355474525324523,
  "std_intvty": 186.72481687127498,
  "p99_tpot": 0.04668744818085668,
  "p99_intvty": 21.419033144116696,
  "mean_itl": 0.03781091297867262,
  "median_itl": 0.017867485992610455,
  "std_itl": 0.09870216764761273,
  "p99_itl": 0.3721964759193366,
  "mean_e2el": 36.47343220294497,
  "median_e2el": 36.87319226958789,
  "std_e2el": 6.102978405225288,
  "p99_e2el": 52.59000985923689
}