{
  "hw": "mi300x",
  "tp": 8,
  "conc": 8,
  "model": "amd/Llama-3.3-70B-Instruct-FP8-KV",
  "framework": "vllm",
  "precision": "fp8",
  "tput_per_gpu": 649.8216963655256,
  "mean_ttft": 0.6934562048627413,
  "median_ttft": 0.5075292334950063,
  "std_ttft": 0.5224412895888211,
  "p99_ttft": 2.4546299920167076,
  "mean_tpot": 0.012724373791241129,
  "mean_intvty": 78.58932914155302,
  "median_tpot": 0.01295354513293223,
  "median_intvty": 77.19894358940138,
  "std_tpot": 0.0009536061910002866,
  "std_intvty": 1048.6509100271765,
  "p99_tpot": 0.014003067645152347,
  "p99_intvty": 71.41292360650597,
  "mean_itl": 0.012751165882810863,
  "median_itl": 0.009881892008706927,
  "std_itl": 0.03713351936494036,
  "p99_itl": 0.010747291184961795,
  "mean_e2el": 12.486531163178734,
  "median_e2el": 12.4358009690186,
  "std_e2el": 1.3600651393232037,
  "p99_e2el": 15.155569590784724
}