{
  "hw": "mi300x",
  "tp": 2,
  "conc": 32,
  "model": "amd/Llama-3.3-70B-Instruct-FP8-KV",
  "framework": "vllm",
  "precision": "fp8",
  "tput_per_gpu": 2403.4703461483246,
  "mean_ttft": 2.87806128586235,
  "median_ttft": 1.0036963177844882,
  "std_ttft": 5.580121934574226,
  "p99_ttft": 25.107454892173408,
  "mean_tpot": 0.05531648081192164,
  "mean_intvty": 18.077794995673024,
  "median_tpot": 0.057448064804043616,
  "median_intvty": 17.40702673642738,
  "std_tpot": 0.007554761596015362,
  "std_intvty": 132.36685066639745,
  "p99_tpot": 0.06823364618516783,
  "p99_intvty": 14.655526355520678,
  "mean_itl": 0.05544952374523558,
  "median_itl": 0.02937667164951563,
  "std_itl": 0.17172070826112285,
  "p99_itl": 0.9313415690138935,
  "mean_e2el": 54.13820007286559,
  "median_e2el": 54.237790293525904,
  "std_e2el": 8.776534803787268,
  "p99_e2el": 77.98860157508403
}