{
  "hw": "mi300x",
  "tp": 4,
  "conc": 8,
  "model": "amd/Llama-3.3-70B-Instruct-FP8-KV",
  "framework": "vllm",
  "precision": "fp8",
  "tput_per_gpu": 188.9916109137618,
  "mean_ttft": 0.22468163503799587,
  "median_ttft": 0.13267391547560692,
  "std_ttft": 0.274239020457744,
  "p99_ttft": 1.0869166179234162,
  "mean_tpot": 0.011565709895170393,
  "mean_intvty": 86.46248341552989,
  "median_tpot": 0.011581143190366447,
  "median_intvty": 86.3472615407977,
  "std_tpot": 6.374641686665787e-05,
  "std_intvty": 15687.156222313779,
  "p99_tpot": 0.01163098735573663,
  "p99_intvty": 85.97722355074012,
  "mean_itl": 0.011932343314353772,
  "median_itl": 0.011504448018968105,
  "std_itl": 0.005127975131329387,
  "p99_itl": 0.02340404395014047,
  "mean_e2el": 85.32003862240818,
  "median_e2el": 85.49263746640645,
  "std_e2el": 5.357359590892853,
  "p99_e2el": 95.0957940880023
}