{
  "hw": "b200-trt",
  "tp": 8,
  "conc": 16,
  "model": "deepseek-ai/DeepSeek-R1-0528",
  "framework": "trt",
  "precision": "fp8",
  "tput_per_gpu": 206.78131737548358,
  "mean_ttft": 0.28386338176205755,
  "median_ttft": 0.154983178130351,
  "std_ttft": 0.41097021120506544,
  "p99_ttft": 2.178552889255806,
  "mean_tpot": 0.01873550568665608,
  "mean_intvty": 53.37459349774724,
  "median_tpot": 0.018792018073200488,
  "median_intvty": 53.214082495275555,
  "std_tpot": 0.0005768213114734636,
  "std_intvty": 1733.6391359146317,
  "p99_tpot": 0.019936018634914465,
  "p99_intvty": 50.16046675682145,
  "mean_itl": 0.18631234239891223,
  "median_itl": 0.1717895739711821,
  "std_itl": 0.052014703848646635,
  "p99_itl": 0.3792961195483804,
  "mean_e2el": 17.430420959995537,
  "median_e2el": 17.40401014708914,
  "std_e2el": 1.4038414267211157,
  "p99_e2el": 20.93069864401361
}