{
  "hw": "mi300x",
  "tp": 1,
  "conc": 32,
  "model": "amd/Llama-3.3-70B-Instruct-FP8-KV",
  "framework": "vllm",
  "precision": "fp8",
  "tput_per_gpu": 3076.4359633095187,
  "mean_ttft": 4.630029264767654,
  "median_ttft": 1.5705736191011965,
  "std_ttft": 9.108268700291353,
  "p99_ttft": 40.30019664246589,
  "mean_tpot": 0.0862474766925279,
  "mean_intvty": 11.594542105446148,
  "median_tpot": 0.08956973317630038,
  "median_intvty": 11.164485641948906,
  "std_tpot": 0.011791223106355407,
  "std_intvty": 84.80884391552267,
  "p99_tpot": 0.10443702975630723,
  "p99_intvty": 9.575147841080835,
  "mean_itl": 0.08645788618600052,
  "median_itl": 0.04536704998463392,
  "std_itl": 0.27214985712801204,
  "p99_itl": 1.4675842842645943,
  "mean_e2el": 84.55575181334862,
  "median_e2el": 84.54454228375107,
  "std_e2el": 13.865091191750759,
  "p99_e2el": 122.88573763637804
}