{
  "hw": "mi300x",
  "tp": 4,
  "conc": 8,
  "model": "amd/Llama-3.3-70B-Instruct-FP8-KV",
  "framework": "vllm",
  "precision": "fp8",
  "tput_per_gpu": 927.9627162647596,
  "mean_ttft": 1.0767265418544412,
  "median_ttft": 0.8306189882569015,
  "std_ttft": 0.7243827979930568,
  "p99_ttft": 3.9477322636917234,
  "mean_tpot": 0.017720954141291705,
  "mean_intvty": 56.430370059470654,
  "median_tpot": 0.018048158129053724,
  "median_intvty": 55.40731596263062,
  "std_tpot": 0.0015955767969802876,
  "std_intvty": 626.7326034651245,
  "p99_tpot": 0.020066205623643443,
  "p99_intvty": 49.835032031254,
  "mean_itl": 0.017770929252840722,
  "median_itl": 0.012786125764250755,
  "std_itl": 0.06301511135747986,
  "p99_itl": 0.013532000631093973,
  "mean_e2el": 17.512392425513827,
  "median_e2el": 17.46566818235442,
  "std_e2el": 2.111347953019808,
  "p99_e2el": 21.734348415238777
}