{
  "hw": "h100",
  "tp": 4,
  "conc": 16,
  "model": "nvidia/Llama-3.3-70B-Instruct-FP8",
  "framework": "vllm",
  "precision": "fp8",
  "tput_per_gpu": 311.90961498998746,
  "mean_ttft": 0.12550223125726917,
  "median_ttft": 0.08125387225300074,
  "std_ttft": 0.14465498358647905,
  "p99_ttft": 0.6989105887617916,
  "mean_tpot": 0.014017519492359288,
  "mean_intvty": 71.3392979795807,
  "median_tpot": 0.014059489781031002,
  "median_intvty": 71.12633641579194,
  "std_tpot": 0.00012487388458716207,
  "std_intvty": 8008.079538055847,
  "p99_tpot": 0.014161365094380374,
  "p99_intvty": 70.61466132222154,
  "mean_itl": 0.01401814110720681,
  "median_itl": 0.01395276840776205,
  "std_itl": 0.002502429724985105,
  "p99_itl": 0.015554287051782013,
  "mean_e2el": 103.53697860125104,
  "median_e2el": 104.17419320344925,
  "std_e2el": 6.974493777310715,
  "p99_e2el": 114.97833231524564
}