{
  "hw": "mi300x",
  "tp": 2,
  "conc": 8,
  "model": "amd/Llama-3.3-70B-Instruct-FP8-KV",
  "framework": "vllm",
  "precision": "fp8",
  "tput_per_gpu": 1211.1016689849275,
  "mean_ttft": 1.8504980275523848,
  "median_ttft": 1.3575037156697363,
  "std_ttft": 1.414392959369382,
  "p99_ttft": 6.2794758538901805,
  "mean_tpot": 0.026951282743022453,
  "mean_intvty": 37.103985347743595,
  "median_tpot": 0.027527389530563644,
  "median_intvty": 36.32745483874163,
  "std_tpot": 0.002801081996469542,
  "std_intvty": 357.00490069922654,
  "p99_tpot": 0.03139556659744424,
  "p99_intvty": 31.851630926813886,
  "mean_itl": 0.027038445255983652,
  "median_itl": 0.018527174834161997,
  "std_itl": 0.10532906363879922,
  "p99_itl": 0.019403761252760887,
  "mean_e2el": 26.854638081381562,
  "median_e2el": 26.677590127568692,
  "std_e2el": 3.519194083714021,
  "p99_e2el": 34.03732099602465
}