{
  "hw": "mi325x",
  "tp": 2,
  "conc": 8,
  "model": "amd/Llama-3.3-70B-Instruct-FP8-KV",
  "framework": "vllm",
  "precision": "fp8",
  "tput_per_gpu": 277.5463370847045,
  "mean_ttft": 0.29279097937396725,
  "median_ttft": 0.1902001576963812,
  "std_ttft": 0.3403067730769209,
  "p99_ttft": 1.3934283718140796,
  "mean_tpot": 0.015765844322546456,
  "mean_intvty": 63.428255381788695,
  "median_tpot": 0.01579553394934643,
  "median_intvty": 63.3090342629017,
  "std_tpot": 0.00010725375961723649,
  "std_intvty": 9323.68248505941,
  "p99_tpot": 0.015862627876969435,
  "p99_intvty": 63.041256956665784,
  "mean_itl": 0.015766935107153154,
  "median_itl": 0.015672358218580484,
  "std_itl": 0.004051806228483551,
  "p99_itl": 0.01689779631793499,
  "mean_e2el": 116.29013221796485,
  "median_e2el": 116.60923192487098,
  "std_e2el": 7.3162354800622476,
  "p99_e2el": 129.61816535601392
}