{
  "hw": "mi300x",
  "tp": 8,
  "conc": 16,
  "model": "openai/gpt-oss-120b",
  "framework": "vllm",
  "precision": "fp4",
  "tput_per_gpu": 2169.2282903949485,
  "mean_ttft": 0.35379014018399174,
  "median_ttft": 0.13124254392459989,
  "std_ttft": 0.5720328571752727,
  "p99_ttft": 2.6414067412074624,
  "mean_tpot": 0.007696617540655819,
  "mean_intvty": 129.92720434888483,
  "median_tpot": 0.007469843947469402,
  "median_intvty": 133.87160522125436,
  "std_tpot": 0.0008058019977366702,
  "std_intvty": 1240.999653523808,
  "p99_tpot": 0.009660842024185132,
  "p99_intvty": 103.51064612138168,
  "mean_itl": 0.007705525708384946,
  "median_itl": 0.005949048791080713,
  "std_itl": 0.020813732731767787,
  "p99_itl": 0.09292912809178233,
  "mean_e2el": 7.3971702204202305,
  "median_e2el": 7.172755887499079,
  "std_e2el": 1.1235160488853928,
  "p99_e2el": 10.276767588811925
}