{
  "hw": "h200",
  "tp": 8,
  "conc": 4,
  "model": "deepseek-ai/DeepSeek-R1-0528",
  "framework": "sglang",
  "precision": "fp8",
  "tput_per_gpu": 56.2461145780517,
  "mean_ttft": 0.2096543511026539,
  "median_ttft": 0.22318917815573514,
  "std_ttft": 0.05569545666660956,
  "p99_ttft": 0.2804186388850212,
  "mean_tpot": 0.017160069133141845,
  "mean_intvty": 58.27482350106998,
  "median_tpot": 0.01738246881238243,
  "median_intvty": 57.52922733781339,
  "std_tpot": 0.0022919546627085496,
  "std_intvty": 436.3088049997621,
  "p99_tpot": 0.020706336964645255,
  "p99_intvty": 48.29439420924309,
  "mean_itl": 0.17057471991080314,
  "median_itl": 0.16398856043815613,
  "std_itl": 0.04236439952593112,
  "p99_itl": 0.42000474844127894,
  "mean_e2el": 15.919585861172527,
  "median_e2el": 16.149738474050537,
  "std_e2el": 2.213403419033892,
  "p99_e2el": 20.148498491351493
}