{
  "hw": "h100",
  "tp": 8,
  "conc": 4,
  "model": "nvidia/Llama-3.3-70B-Instruct-FP8",
  "framework": "vllm",
  "precision": "fp8",
  "tput_per_gpu": 109.02240540612624,
  "mean_ttft": 0.06732558463700115,
  "median_ttft": 0.06316291727125645,
  "std_ttft": 0.02602312665189596,
  "p99_ttft": 0.1572064852900803,
  "mean_tpot": 0.008851672604582863,
  "mean_intvty": 112.97299896544527,
  "median_tpot": 0.00886258873428921,
  "median_intvty": 112.83384911352329,
  "std_tpot": 5.5222778447766406e-05,
  "std_intvty": 18108.46951400445,
  "p99_tpot": 0.0089161225315766,
  "p99_intvty": 112.156376996669,
  "mean_itl": 0.008852054175763494,
  "median_itl": 0.008731020614504814,
  "std_itl": 0.002109929313722081,
  "p99_itl": 0.009135577157139778,
  "mean_e2el": 8.182224786304868,
  "median_e2el": 8.245231565553695,
  "std_e2el": 0.565489721051563,
  "p99_e2el": 9.114794893004
}