{
  "hw": "mi300x",
  "tp": 8,
  "conc": 4,
  "model": "amd/Llama-3.3-70B-Instruct-FP8-KV",
  "framework": "vllm",
  "precision": "fp8",
  "tput_per_gpu": 403.65933403400186,
  "mean_ttft": 0.4713224338833243,
  "median_ttft": 0.41337015107274055,
  "std_ttft": 0.198948340375316,
  "p99_ttft": 1.2969123881030828,
  "mean_tpot": 0.010381578487137902,
  "mean_intvty": 96.32446561367664,
  "median_tpot": 0.010431916783722704,
  "median_intvty": 95.8596603799923,
  "std_tpot": 0.00033936019946213786,
  "std_intvty": 2946.721511788742,
  "p99_tpot": 0.011031891681793504,
  "p99_intvty": 90.6462852287021,
  "mean_itl": 0.010381292067615091,
  "median_itl": 0.009264467284083366,
  "std_itl": 0.020728135998715952,
  "p99_itl": 0.009748310148715973,
  "mean_e2el": 10.013027275982314,
  "median_e2el": 9.9160764827393,
  "std_e2el": 0.7573655682238947,
  "p99_e2el": 11.680006190231069
}