{
  "hw": "h100",
  "tp": 8,
  "conc": 32,
  "model": "nvidia/Llama-3.3-70B-Instruct-FP8",
  "framework": "vllm",
  "precision": "fp8",
  "tput_per_gpu": 624.1859986108482,
  "mean_ttft": 0.11869490132667124,
  "median_ttft": 0.0584837538190186,
  "std_ttft": 0.17959560569916372,
  "p99_ttft": 0.9505106250476092,
  "mean_tpot": 0.012323808397515405,
  "mean_intvty": 81.14374775589738,
  "median_tpot": 0.012401969767799802,
  "median_intvty": 80.63235266033125,
  "std_tpot": 0.0003360005296919539,
  "std_intvty": 2976.1857843402877,
  "p99_tpot": 0.012764647886184763,
  "p99_intvty": 78.34136976722284,
  "mean_itl": 0.012328073202725017,
  "median_itl": 0.0112031614407897,
  "std_itl": 0.0070149132262011735,
  "p99_itl": 0.047593357414007186,
  "mean_e2el": 11.493692351153005,
  "median_e2el": 11.482813173905015,
  "std_e2el": 0.8524182278070745,
  "p99_e2el": 13.284616120327264
}