{
  "hw": "h200",
  "tp": 8,
  "conc": 64,
  "model": "deepseek-ai/DeepSeek-R1-0528",
  "framework": "sglang",
  "precision": "fp8",
  "tput_per_gpu": 481.2352564224885,
  "mean_ttft": 0.3446251931018196,
  "median_ttft": 0.14297944703139365,
  "std_ttft": 0.5563671111205939,
  "p99_ttft": 2.2814844046533107,
  "mean_tpot": 0.03210544462713737,
  "mean_intvty": 31.14736492871189,
  "median_tpot": 0.032644915312193074,
  "median_intvty": 30.6326418811843,
  "std_tpot": 0.001698473382157313,
  "std_intvty": 588.7640103784563,
  "p99_tpot": 0.03399479676659134,
  "p99_intvty": 29.41626646177682,
  "mean_itl": 0.3197585149978939,
  "median_itl": 0.272743861656636,
  "std_itl": 0.09207380566864787,
  "p99_itl": 0.6389879819471389,
  "mean_e2el": 29.929782040529243,
  "median_e2el": 30.1059175839182,
  "std_e2el": 2.592136288887244,
  "p99_e2el": 34.586695237550884
}