{
  "hw": "mi300x",
  "tp": 8,
  "conc": 32,
  "model": "amd/Llama-3.3-70B-Instruct-FP8-KV",
  "framework": "vllm",
  "precision": "fp8",
  "tput_per_gpu": 351.2665008701613,
  "mean_ttft": 0.2889865443852614,
  "median_ttft": 0.14074455644004047,
  "std_ttft": 0.4471375581384071,
  "p99_ttft": 1.6536296696495265,
  "mean_tpot": 0.012434914007824423,
  "mean_intvty": 80.41873062980329,
  "median_tpot": 0.012509492956833956,
  "median_intvty": 79.93929118075872,
  "std_tpot": 0.00020372376371337352,
  "std_intvty": 4908.607527038116,
  "p99_tpot": 0.012635665910118036,
  "p99_intvty": 79.14106048017999,
  "mean_itl": 0.012437366325111662,
  "median_itl": 0.012130456045269966,
  "std_itl": 0.005765142632183421,
  "p99_itl": 0.013395842025056483,
  "mean_e2el": 92.51170789202152,
  "median_e2el": 92.93277017306536,
  "std_e2el": 6.099786864429535,
  "p99_e2el": 102.54182643377221
}