{
  "hw": "mi300x",
  "tp": 1,
  "conc": 8,
  "model": "openai/gpt-oss-120b",
  "framework": "vllm",
  "precision": "fp4",
  "tput_per_gpu": 5002.445570718702,
  "mean_ttft": 0.5876629253965803,
  "median_ttft": 0.34710366767831147,
  "std_ttft": 0.6476045908588466,
  "p99_ttft": 3.217654664968136,
  "mean_tpot": 0.01338830034120708,
  "mean_intvty": 74.69207998883603,
  "median_tpot": 0.013447997860538172,
  "median_intvty": 74.36051153267965,
  "std_tpot": 0.000816220019937095,
  "std_intvty": 1225.1598534388665,
  "p99_tpot": 0.014834724616880629,
  "p99_intvty": 67.40940771236743,
  "mean_itl": 0.013411718852712329,
  "median_itl": 0.011276127770543098,
  "std_itl": 0.028098089280738,
  "p99_itl": 0.012812228053808212,
  "mean_e2el": 12.991658581624506,
  "median_e2el": 12.886309274472296,
  "std_e2el": 1.4655768790054786,
  "p99_e2el": 16.874678524164484
}