{
  "hw": "h200",
  "tp": 4,
  "conc": 16,
  "model": "nvidia/Llama-3.3-70B-Instruct-FP8",
  "framework": "vllm",
  "precision": "fp8",
  "tput_per_gpu": 387.47077345323527,
  "mean_ttft": 0.12919006011798045,
  "median_ttft": 0.08287871116772294,
  "std_ttft": 0.14864613086520787,
  "p99_ttft": 0.6840447029611093,
  "mean_tpot": 0.011271093843729612,
  "mean_intvty": 88.72253339957105,
  "median_tpot": 0.011301664207748679,
  "median_intvty": 88.48254395263108,
  "std_tpot": 8.950895585256081e-05,
  "std_intvty": 11172.066420338992,
  "p99_tpot": 0.0113577673571116,
  "p99_intvty": 88.04547307212239,
  "mean_itl": 0.011271496636403916,
  "median_itl": 0.011160019552335143,
  "std_itl": 0.002346996020028929,
  "p99_itl": 0.012563513033092024,
  "mean_e2el": 83.27873882918212,
  "median_e2el": 83.51856064167805,
  "std_e2el": 5.592115161690335,
  "p99_e2el": 92.27024867270607
}