{
  "hw": "h200",
  "tp": 8,
  "conc": 32,
  "model": "nvidia/Llama-3.3-70B-Instruct-FP8",
  "framework": "vllm",
  "precision": "fp8",
  "tput_per_gpu": 696.0910088115954,
  "mean_ttft": 0.1358659065888787,
  "median_ttft": 0.0739699624828063,
  "std_ttft": 0.18093673884145048,
  "p99_ttft": 0.9285127502132675,
  "mean_tpot": 0.011018638753902705,
  "mean_intvty": 90.75531218825091,
  "median_tpot": 0.011093288207805835,
  "median_intvty": 90.14459745996199,
  "std_tpot": 0.0003049999373627593,
  "std_intvty": 3278.6891979280144,
  "p99_tpot": 0.011401123788018616,
  "p99_intvty": 87.71065191405913,
  "mean_itl": 0.011022588190918529,
  "median_itl": 0.009941673022694886,
  "std_itl": 0.006795180740686576,
  "p99_itl": 0.04506779464427382,
  "mean_e2el": 10.306304537874166,
  "median_e2el": 10.310201501008123,
  "std_e2el": 0.7664536942600628,
  "p99_e2el": 11.977044972199947
}