{
  "hw": "mi300x",
  "tp": 1,
  "conc": 16,
  "model": "amd/Llama-3.3-70B-Instruct-FP8-KV",
  "framework": "vllm",
  "precision": "fp8",
  "tput_per_gpu": 509.9810859290295,
  "mean_ttft": 0.5380563631711993,
  "median_ttft": 0.3249086569994688,
  "std_ttft": 0.6839195873538297,
  "p99_ttft": 2.737905355594121,
  "mean_tpot": 0.03427750697266767,
  "mean_intvty": 29.173650254010127,
  "median_tpot": 0.03435504880655374,
  "median_intvty": 29.10780321200519,
  "std_tpot": 0.00034178041981854134,
  "std_intvty": 2925.8551456251407,
  "p99_tpot": 0.03473161529412087,
  "p99_intvty": 28.792211117496553,
  "mean_itl": 0.03428029703093751,
  "median_itl": 0.03400134644471109,
  "std_itl": 0.00962531806660712,
  "p99_itl": 0.03579131939914078,
  "mean_e2el": 253.42295039974562,
  "median_e2el": 254.87670518294908,
  "std_e2el": 17.233152791837956,
  "p99_e2el": 282.43897657399066
}