{
  "hw": "mi300x",
  "tp": 1,
  "conc": 8,
  "model": "amd/Llama-3.3-70B-Instruct-FP8-KV",
  "framework": "vllm",
  "precision": "fp8",
  "tput_per_gpu": 1391.7351374601762,
  "mean_ttft": 2.9948521163896658,
  "median_ttft": 2.3711935062892735,
  "std_ttft": 2.133359933437648,
  "p99_ttft": 10.349901662040502,
  "mean_tpot": 0.04717342719056315,
  "mean_intvty": 21.198375008039395,
  "median_tpot": 0.048172975881926004,
  "median_intvty": 20.758526574132397,
  "std_tpot": 0.0047990709530142265,
  "std_intvty": 208.37366435933077,
  "p99_tpot": 0.05414907565942537,
  "p99_intvty": 18.46753592415084,
  "mean_itl": 0.047314376088284746,
  "median_itl": 0.031966017093509436,
  "std_itl": 0.18928338977427472,
  "p99_itl": 0.032827370725572104,
  "mean_e2el": 46.75414408587967,
  "median_e2el": 46.98810619977303,
  "std_e2el": 6.01418095658282,
  "p99_e2el": 58.95067822126206
}