{
  "hw": "h200",
  "tp": 1,
  "conc": 32,
  "model": "nvidia/Llama-3.3-70B-Instruct-FP8",
  "framework": "vllm",
  "precision": "fp8",
  "tput_per_gpu": 931.245439716295,
  "mean_ttft": 0.4570685434009647,
  "median_ttft": 0.21649918518960476,
  "std_ttft": 0.7853061716153961,
  "p99_ttft": 3.9943336083646863,
  "mean_tpot": 0.03763432171284783,
  "mean_intvty": 26.571489918964424,
  "median_tpot": 0.037816772546445054,
  "median_intvty": 26.4432930856762,
  "std_tpot": 0.0009180047192619244,
  "std_intvty": 1089.3190187562432,
  "p99_tpot": 0.03910860318470542,
  "p99_intvty": 25.569821434867293,
  "mean_itl": 0.03764517953768105,
  "median_itl": 0.03765811864286661,
  "std_itl": 0.008195410600119546,
  "p99_itl": 0.041823267284780745,
  "mean_e2el": 279.5950159273722,
  "median_e2el": 280.95543366856873,
  "std_e2el": 19.490096079288083,
  "p99_e2el": 313.71239861130715
}