{
  "hw": "h200",
  "tp": 8,
  "conc": 16,
  "model": "nvidia/Llama-3.3-70B-Instruct-FP8",
  "framework": "vllm",
  "precision": "fp8",
  "tput_per_gpu": 224.96031580878662,
  "mean_ttft": 0.10662782128201798,
  "median_ttft": 0.0741614243015647,
  "std_ttft": 0.09843419372759245,
  "p99_ttft": 0.48950554718263445,
  "mean_tpot": 0.009716745051693874,
  "mean_intvty": 102.91512174909589,
  "median_tpot": 0.009733205404289114,
  "median_intvty": 102.74107639394231,
  "std_tpot": 6.664742260159432e-05,
  "std_intvty": 15004.33116487956,
  "p99_tpot": 0.009775825142079562,
  "p99_intvty": 102.29315535683519,
  "mean_itl": 0.009717012885521426,
  "median_itl": 0.009608978871256113,
  "std_itl": 0.0018695602660793599,
  "p99_itl": 0.013233068119734546,
  "mean_e2el": 71.78878876325325,
  "median_e2el": 71.97737869387493,
  "std_e2el": 4.80842080016084,
  "p99_e2el": 79.57175144866109
}