{
  "hw": "h200",
  "tp": 8,
  "conc": 32,
  "model": "deepseek-ai/DeepSeek-R1-0528",
  "framework": "sglang",
  "precision": "fp8",
  "tput_per_gpu": 295.42888171399653,
  "mean_ttft": 0.288020233772113,
  "median_ttft": 0.1607072949409485,
  "std_ttft": 0.3231838351198945,
  "p99_ttft": 1.4596235478110617,
  "mean_tpot": 0.026204840548156028,
  "mean_intvty": 38.16088856416902,
  "median_tpot": 0.026681618584653777,
  "median_intvty": 37.47898564801316,
  "std_tpot": 0.001435845456639744,
  "std_intvty": 696.4537829442055,
  "p99_tpot": 0.027785042725846237,
  "p99_intvty": 35.99058708913839,
  "mean_itl": 0.26084905942269665,
  "median_itl": 0.23114775912836194,
  "std_itl": 0.07772833573061184,
  "p99_itl": 0.5747393996361643,
  "mean_e2el": 24.48340060407063,
  "median_e2el": 24.6966885314323,
  "std_e2el": 2.147571771584018,
  "p99_e2el": 28.233964890558273
}