{
  "hw": "h200",
  "tp": 2,
  "conc": 4,
  "model": "nvidia/Llama-3.3-70B-Instruct-FP8",
  "framework": "vllm",
  "precision": "fp8",
  "tput_per_gpu": 156.60003143812207,
  "mean_ttft": 0.12735696526942775,
  "median_ttft": 0.11504643317312002,
  "std_ttft": 0.04227591152269532,
  "p99_ttft": 0.2819539593532681,
  "mean_tpot": 0.014148839589494838,
  "mean_intvty": 70.67717417211198,
  "median_tpot": 0.014154971799796748,
  "median_intvty": 70.64655543957771,
  "std_tpot": 3.085072985085393e-05,
  "std_intvty": 32414.14400354358,
  "p99_tpot": 0.01420192049373399,
  "p99_intvty": 70.41301213038115,
  "mean_itl": 0.014149150383542879,
  "median_itl": 0.014124652603641152,
  "std_itl": 0.0014310646538451014,
  "p99_itl": 0.014614685284905136,
  "mean_e2el": 102.86504520188319,
  "median_e2el": 101.90402134577744,
  "std_e2el": 6.454300529130463,
  "p99_e2el": 114.94662669248413
}