{
  "hw": "h100",
  "tp": 8,
  "conc": 8,
  "model": "nvidia/Llama-3.3-70B-Instruct-FP8",
  "framework": "vllm",
  "precision": "fp8",
  "tput_per_gpu": 206.67603477749824,
  "mean_ttft": 0.07463955942075699,
  "median_ttft": 0.055796224158257246,
  "std_ttft": 0.05317503257939805,
  "p99_ttft": 0.24591361765749753,
  "mean_tpot": 0.00934500257532953,
  "mean_intvty": 107.00906628318796,
  "median_tpot": 0.009372818818261186,
  "median_intvty": 106.69148944303574,
  "std_tpot": 9.617520434077941e-05,
  "std_intvty": 10397.690411518974,
  "p99_tpot": 0.00945266903893141,
  "p99_intvty": 105.79022664196083,
  "mean_itl": 0.009346936679277195,
  "median_itl": 0.009081859141588211,
  "std_itl": 0.003175958461448086,
  "p99_itl": 0.00959320068359375,
  "mean_e2el": 8.749297685874627,
  "median_e2el": 8.809678080957383,
  "std_e2el": 0.5840037995106133,
  "p99_e2el": 9.664469722276554
}