{
  "hw": "mi300x",
  "tp": 4,
  "conc": 64,
  "model": "amd/Llama-3.3-70B-Instruct-FP8-KV",
  "framework": "vllm",
  "precision": "fp8",
  "tput_per_gpu": 756.467981919075,
  "mean_ttft": 0.5207219143572729,
  "median_ttft": 0.1548720677383244,
  "std_ttft": 1.1033877401360799,
  "p99_ttft": 3.891905791349709,
  "mean_tpot": 0.023045213188660752,
  "mean_intvty": 43.39295938872215,
  "median_tpot": 0.023199126589498867,
  "median_intvty": 43.10507105265989,
  "std_tpot": 0.000531620932120955,
  "std_intvty": 1881.0395520176376,
  "p99_tpot": 0.02354711427284987,
  "p99_intvty": 42.46804888329833,
  "mean_itl": 0.023048219077523045,
  "median_itl": 0.022358530201017857,
  "std_itl": 0.007903611868660437,
  "p99_itl": 0.02468821029178798,
  "mean_e2el": 170.7356370280075,
  "median_e2el": 169.78921719267964,
  "std_e2el": 11.844751549155532,
  "p99_e2el": 191.85395315832457
}