{
  "hw": "mi300x",
  "tp": 1,
  "conc": 16,
  "model": "amd/Llama-3.3-70B-Instruct-FP8-KV",
  "framework": "vllm",
  "precision": "fp8",
  "tput_per_gpu": 1711.1774984368515,
  "mean_ttft": 4.994508389220573,
  "median_ttft": 3.482318357564509,
  "std_ttft": 4.9851650725040955,
  "p99_ttft": 20.883587683765217,
  "mean_tpot": 0.07740655763605517,
  "mean_intvty": 12.91880210849488,
  "median_tpot": 0.08154161456125547,
  "median_intvty": 12.26367671747268,
  "std_tpot": 0.013402630825775091,
  "std_intvty": 74.6122170340515,
  "p99_tpot": 0.09509899751641325,
  "p99_intvty": 10.515357954508499,
  "mean_itl": 0.07772473464324477,
  "median_itl": 0.0324389161542058,
  "std_itl": 0.386940795228746,
  "p99_itl": 3.0395691088866448,
  "mean_e2el": 76.0475457802473,
  "median_e2el": 77.88943465659395,
  "std_e2el": 12.562926403981075,
  "p99_e2el": 98.0092519486416
}