{
  "hw": "mi300x",
  "tp": 2,
  "conc": 8,
  "model": "amd/Llama-3.3-70B-Instruct-FP8-KV",
  "framework": "vllm",
  "precision": "fp8",
  "tput_per_gpu": 242.92634909945116,
  "mean_ttft": 0.2723741074325517,
  "median_ttft": 0.16738557070493698,
  "std_ttft": 0.32538771954976176,
  "p99_ttft": 1.308888427130878,
  "mean_tpot": 0.018003692272004136,
  "mean_intvty": 55.54416199142699,
  "median_tpot": 0.018027417201077797,
  "median_intvty": 55.47106326136467,
  "std_tpot": 0.0001046347144380357,
  "std_intvty": 9557.057668391655,
  "p99_tpot": 0.01811825442699452,
  "p99_intvty": 55.19295493003414,
  "mean_itl": 0.018005375599883768,
  "median_itl": 0.017950963228940964,
  "std_itl": 0.0033074964896235006,
  "p99_itl": 0.018553368858993054,
  "mean_e2el": 132.73792201947654,
  "median_e2el": 133.04980335896835,
  "std_e2el": 8.38398752322749,
  "p99_e2el": 147.93664965556934
}