{
  "hw": "h200",
  "tp": 1,
  "conc": 8,
  "model": "nvidia/Llama-3.3-70B-Instruct-FP8",
  "framework": "vllm",
  "precision": "fp8",
  "tput_per_gpu": 682.3793068431742,
  "mean_ttft": 0.25627601737505756,
  "median_ttft": 0.17780819698236883,
  "std_ttft": 0.23341618839474632,
  "p99_ttft": 0.9671414238680144,
  "mean_tpot": 0.02255895109798924,
  "mean_intvty": 44.32830212966478,
  "median_tpot": 0.02262551020173493,
  "median_intvty": 44.19789834941798,
  "std_tpot": 0.00029802090085232825,
  "std_intvty": 3355.469355135961,
  "p99_tpot": 0.022906042692797394,
  "p99_intvty": 43.65660246998672,
  "mean_itl": 0.022563936707776667,
  "median_itl": 0.021738385315984488,
  "std_itl": 0.009193005145342737,
  "p99_itl": 0.0234811939066276,
  "mean_e2el": 21.197301420831355,
  "median_e2el": 21.29163205018267,
  "std_e2el": 1.4248235462216732,
  "p99_e2el": 23.40185819908045
}