{
  "hw": "h100",
  "tp": 4,
  "conc": 32,
  "model": "nvidia/Llama-3.3-70B-Instruct-FP8",
  "framework": "vllm",
  "precision": "fp8",
  "tput_per_gpu": 476.7597396447464,
  "mean_ttft": 0.1714610486436868,
  "median_ttft": 0.08656858513131738,
  "std_ttft": 0.2808179139019752,
  "p99_ttft": 1.4440420683100819,
  "mean_tpot": 0.018380545609637165,
  "mean_intvty": 54.40534907057855,
  "median_tpot": 0.018546063592406806,
  "median_intvty": 53.91979785993096,
  "std_tpot": 0.00043044204711334313,
  "std_intvty": 2323.1931143954484,
  "p99_tpot": 0.018747453136226486,
  "p99_intvty": 53.340578730006705,
  "mean_itl": 0.018383957742761147,
  "median_itl": 0.01822911947965622,
  "std_itl": 0.0037019161259766275,
  "p99_itl": 0.02070400323718786,
  "mean_e2el": 136.48799053548137,
  "median_e2el": 137.34518085606396,
  "std_e2el": 9.292286003336375,
  "p99_e2el": 151.74656865022146
}