{
  "hw": "mi300x",
  "tp": 4,
  "conc": 64,
  "model": "amd/Llama-3.3-70B-Instruct-FP8-KV",
  "framework": "vllm",
  "precision": "fp8",
  "tput_per_gpu": 1324.0347673706783,
  "mean_ttft": 0.5168231157231276,
  "median_ttft": 0.14255253298324533,
  "std_ttft": 1.0567792423337303,
  "p99_ttft": 3.7744219374255046,
  "mean_tpot": 0.022975113211004435,
  "mean_intvty": 43.52535679872202,
  "median_tpot": 0.023524939393302795,
  "median_intvty": 42.50807975661291,
  "std_tpot": 0.001597800989572114,
  "std_intvty": 625.8601706510375,
  "p99_tpot": 0.024756387256356364,
  "p99_intvty": 40.393615984628106,
  "mean_itl": 0.022999207297142003,
  "median_itl": 0.01811049599200487,
  "std_itl": 0.022295398375066566,
  "p99_itl": 0.10792556797387079,
  "mean_e2el": 21.694816482594614,
  "median_e2el": 21.856093668495305,
  "std_e2el": 2.112850976052715,
  "p99_e2el": 26.047023637062523
}