{
  "hw": "mi300x",
  "tp": 2,
  "conc": 4,
  "model": "amd/Llama-3.3-70B-Instruct-FP8-KV",
  "framework": "vllm",
  "precision": "fp8",
  "tput_per_gpu": 122.88253763818585,
  "mean_ttft": 0.22617241157859097,
  "median_ttft": 0.15922954102279618,
  "std_ttft": 0.20277790779020838,
  "p99_ttft": 0.8848591947404201,
  "mean_tpot": 0.018029646260047754,
  "mean_intvty": 55.46420520828074,
  "median_tpot": 0.018041426338353338,
  "median_intvty": 55.4279900738309,
  "std_tpot": 5.6999295382023e-05,
  "std_intvty": 17544.076524065065,
  "p99_tpot": 0.018109617155342286,
  "p99_intvty": 55.2192788738774,
  "mean_itl": 0.018030408632951682,
  "median_itl": 0.017997101502260193,
  "std_itl": 0.0020856370132202474,
  "p99_itl": 0.018411136777722277,
  "mean_e2el": 131.14587080952188,
  "median_e2el": 130.25484838100965,
  "std_e2el": 8.306542979130594,
  "p99_e2el": 146.29120181983862
}