{
  "hw": "h200",
  "tp": 4,
  "conc": 16,
  "model": "nvidia/Llama-3.3-70B-Instruct-FP8",
  "framework": "vllm",
  "precision": "fp8",
  "tput_per_gpu": 704.8672254470283,
  "mean_ttft": 0.12624256790732033,
  "median_ttft": 0.07655065087601542,
  "std_ttft": 0.1501615189495577,
  "p99_ttft": 0.72295830742456,
  "mean_tpot": 0.01100697256459958,
  "mean_intvty": 90.85150291154368,
  "median_tpot": 0.011061057677727738,
  "median_intvty": 90.40726747258306,
  "std_tpot": 0.00019593496187770995,
  "std_intvty": 5103.734373981382,
  "p99_tpot": 0.011294187082645988,
  "p99_intvty": 88.5411223209277,
  "mean_itl": 0.011009445988641137,
  "median_itl": 0.010326665826141834,
  "std_itl": 0.0059948068832828185,
  "p99_itl": 0.05414196815341711,
  "mean_e2el": 10.198715758608888,
  "median_e2el": 10.212225704919547,
  "std_e2el": 0.735105837514307,
  "p99_e2el": 11.640764924501998
}