{
  "hw": "mi300x",
  "tp": 2,
  "conc": 16,
  "model": "amd/Llama-3.3-70B-Instruct-FP8-KV",
  "framework": "vllm",
  "precision": "fp8",
  "tput_per_gpu": 443.24878002821146,
  "mean_ttft": 0.35802944098832085,
  "median_ttft": 0.1894632331095636,
  "std_ttft": 0.5232801513988035,
  "p99_ttft": 2.0337838914804163,
  "mean_tpot": 0.01970899567486763,
  "mean_intvty": 50.73825254704239,
  "median_tpot": 0.019740537086323527,
  "median_intvty": 50.65718301518815,
  "std_tpot": 0.00015142994653732616,
  "std_intvty": 6603.713617197301,
  "p99_tpot": 0.019898104926738807,
  "p99_intvty": 50.25604215485935,
  "mean_itl": 0.01971082395997203,
  "median_itl": 0.019538805820047855,
  "std_itl": 0.005718446047154828,
  "p99_itl": 0.020574434893205765,
  "mean_e2el": 145.76428467966034,
  "median_e2el": 146.37063132505864,
  "std_e2el": 9.896291054702186,
  "p99_e2el": 162.15880202773027
}