{
  "hw": "h200",
  "tp": 1,
  "conc": 8,
  "model": "nvidia/Llama-3.3-70B-Instruct-FP8",
  "framework": "vllm",
  "precision": "fp8",
  "tput_per_gpu": 363.17569638976624,
  "mean_ttft": 0.23702686111209914,
  "median_ttft": 0.18275856412947178,
  "std_ttft": 0.18682987479092908,
  "p99_ttft": 0.9989495887607336,
  "mean_tpot": 0.024095981684681165,
  "mean_intvty": 41.50069555521543,
  "median_tpot": 0.024309871527377944,
  "median_intvty": 41.135552644685646,
  "std_tpot": 0.0004881617405058194,
  "std_intvty": 2048.5013818654206,
  "p99_tpot": 0.02466782227951499,
  "p99_intvty": 40.538641338860074,
  "mean_itl": 0.0240968202171014,
  "median_itl": 0.023956761229783297,
  "std_itl": 0.0036689910102361283,
  "p99_itl": 0.026629321100190284,
  "mean_e2el": 177.51733303144573,
  "median_e2el": 178.21622372278944,
  "std_e2el": 11.569692064324402,
  "p99_e2el": 199.7770385716576
}