{
  "hw": "mi300x",
  "tp": 4,
  "conc": 32,
  "model": "amd/Llama-3.3-70B-Instruct-FP8-KV",
  "framework": "vllm",
  "precision": "fp8",
  "tput_per_gpu": 887.0720253145587,
  "mean_ttft": 0.3465718705294421,
  "median_ttft": 0.1316617331467569,
  "std_ttft": 0.6076072656912799,
  "p99_ttft": 2.229166429704055,
  "mean_tpot": 0.017177904451718816,
  "mean_intvty": 58.21431844673814,
  "median_tpot": 0.017423890240301533,
  "median_intvty": 57.39246438128931,
  "std_tpot": 0.0007842123140167407,
  "std_intvty": 1275.1648783452447,
  "p99_tpot": 0.018148163240283597,
  "p99_intvty": 55.10199499309624,
  "mean_itl": 0.01718957425837834,
  "median_itl": 0.014665750786662102,
  "std_itl": 0.015459411921018917,
  "p99_itl": 0.10292742289602759,
  "mean_e2el": 16.207230744409024,
  "median_e2el": 16.223697499837726,
  "std_e2el": 1.3457755583456894,
  "p99_e2el": 19.376112450575455
}