{
  "hw": "mi300x",
  "tp": 4,
  "conc": 16,
  "model": "openai/gpt-oss-120b",
  "framework": "vllm",
  "precision": "fp4",
  "tput_per_gpu": 3818.080479482833,
  "mean_ttft": 0.39544249143800697,
  "median_ttft": 0.1513312323950231,
  "std_ttft": 0.7032384513089092,
  "p99_ttft": 3.161260363166217,
  "mean_tpot": 0.008782992873935249,
  "mean_intvty": 113.85640570968,
  "median_tpot": 0.00856953460672487,
  "median_intvty": 116.69245132813379,
  "std_tpot": 0.0009427132463083054,
  "std_intvty": 1060.767952413983,
  "p99_tpot": 0.01175324159341518,
  "p99_intvty": 85.08291028070552,
  "mean_itl": 0.00878617230135992,
  "median_itl": 0.006779409712180495,
  "std_itl": 0.022967327916528953,
  "p99_itl": 0.1124176201410591,
  "mean_e2el": 8.425784131267573,
  "median_e2el": 8.161432340275496,
  "std_e2el": 1.4135963615927627,
  "p99_e2el": 12.91964254693128
}