{
  "hw": "mi300x",
  "tp": 8,
  "conc": 8,
  "model": "deepseek-ai/DeepSeek-R1-0528",
  "framework": "sglang",
  "precision": "fp8",
  "tput_per_gpu": 79.40386371522693,
  "mean_ttft": 0.243035921768751,
  "median_ttft": 0.14298750553280115,
  "std_ttft": 0.2976529692913762,
  "p99_ttft": 1.2501853524241597,
  "mean_tpot": 0.02428750626540226,
  "mean_intvty": 41.17343250774608,
  "median_tpot": 0.024322660954526724,
  "median_intvty": 41.113922603681594,
  "std_tpot": 0.00028258478811224463,
  "std_intvty": 3538.7609031622505,
  "p99_tpot": 0.024800978011073553,
  "p99_intvty": 40.32099054938492,
  "mean_itl": 0.024292069885951405,
  "median_itl": 0.023643140215426683,
  "std_itl": 0.007681133220278983,
  "p99_itl": 0.03008212884888057,
  "mean_e2el": 22.787898490088992,
  "median_e2el": 22.980363519396633,
  "std_e2el": 1.5472034375489263,
  "p99_e2el": 25.34793403382413
}