{
  "hw": "mi300x",
  "tp": 4,
  "conc": 4,
  "model": "amd/Llama-3.3-70B-Instruct-FP8-KV",
  "framework": "vllm",
  "precision": "fp8",
  "tput_per_gpu": 102.65944988205958,
  "mean_ttft": 0.18728157384321092,
  "median_ttft": 0.13051460194401443,
  "std_ttft": 0.19677210767536646,
  "p99_ttft": 0.8785006073536351,
  "mean_tpot": 0.010782907488949004,
  "mean_intvty": 92.73936561403892,
  "median_tpot": 0.010792420263608207,
  "median_intvty": 92.65762225475754,
  "std_tpot": 3.742584085606521e-05,
  "std_intvty": 26719.506552861872,
  "p99_tpot": 0.01084869978966093,
  "p99_intvty": 92.17694464667774,
  "mean_itl": 0.010910104121301067,
  "median_itl": 0.010747319087386131,
  "std_itl": 0.004076311531321149,
  "p99_itl": 0.021459228899329906,
  "mean_e2el": 78.4860983599443,
  "median_e2el": 77.91619971394539,
  "std_e2el": 4.97266715992091,
  "p99_e2el": 87.60546700340696
}