{
  "hw": "mi300x",
  "tp": 2,
  "conc": 4,
  "model": "amd/Llama-3.3-70B-Instruct-FP8-KV",
  "framework": "vllm",
  "precision": "fp8",
  "tput_per_gpu": 813.0489597013225,
  "mean_ttft": 1.284537216508761,
  "median_ttft": 1.0766378319822252,
  "std_ttft": 0.6271671466961346,
  "p99_ttft": 3.1558511595753953,
  "mean_tpot": 0.020268759113645646,
  "mean_intvty": 49.33701142694841,
  "median_tpot": 0.02054085653522336,
  "median_intvty": 48.683461582296,
  "std_tpot": 0.0010203655291992411,
  "std_intvty": 980.0409474678908,
  "p99_tpot": 0.02163390063295107,
  "p99_intvty": 46.223749335192835,
  "mean_itl": 0.02026749093765179,
  "median_itl": 0.017321560997515917,
  "std_itl": 0.05472099617831236,
  "p99_itl": 0.017854593750089406,
  "mean_e2el": 19.912894610792865,
  "median_e2el": 19.579420297406614,
  "std_e2el": 1.5662783914775793,
  "p99_e2el": 23.28376228899695
}