{
  "hw": "mi300x",
  "tp": 8,
  "conc": 64,
  "model": "amd/Llama-3.3-70B-Instruct-FP8-KV",
  "framework": "vllm",
  "precision": "fp8",
  "tput_per_gpu": 560.684424735634,
  "mean_ttft": 0.4054322949734342,
  "median_ttft": 0.1389274694956839,
  "std_ttft": 0.7854504781369241,
  "p99_ttft": 2.786224229815416,
  "mean_tpot": 0.015526000067967016,
  "mean_intvty": 64.4080893741063,
  "median_tpot": 0.015648235888118645,
  "median_intvty": 63.90496712535357,
  "std_tpot": 0.00038418277994018535,
  "std_intvty": 2602.9277006004622,
  "p99_tpot": 0.01587304496964393,
  "p99_intvty": 62.99988451569494,
  "mean_itl": 0.015692023724199554,
  "median_itl": 0.014877486508339643,
  "std_itl": 0.00908967652240056,
  "p99_itl": 0.032405540309846284,
  "mean_e2el": 115.09151922005185,
  "median_e2el": 114.51305958768353,
  "std_e2el": 8.194863112942013,
  "p99_e2el": 129.40528710002545
}