{
  "hw": "mi300x",
  "tp": 4,
  "conc": 16,
  "model": "amd/Llama-3.3-70B-Instruct-FP8-KV",
  "framework": "vllm",
  "precision": "fp8",
  "tput_per_gpu": 308.72833625639834,
  "mean_ttft": 0.25037306699086914,
  "median_ttft": 0.13042257307097316,
  "std_ttft": 0.3634348168082599,
  "p99_ttft": 1.407883699107915,
  "mean_tpot": 0.01415485595952625,
  "mean_intvty": 70.64713359566176,
  "median_tpot": 0.014197070644232198,
  "median_intvty": 70.43706586092583,
  "std_tpot": 0.00016302922614780605,
  "std_intvty": 6133.869513024474,
  "p99_tpot": 0.014415022130960969,
  "p99_intvty": 69.37207525003888,
  "mean_itl": 0.014155728353576511,
  "median_itl": 0.01406024768948555,
  "std_itl": 0.003960309535927089,
  "p99_itl": 0.015621811337769034,
  "mean_e2el": 104.67682708585635,
  "median_e2el": 105.02649122104049,
  "std_e2el": 7.10984315317781,
  "p99_e2el": 116.42208217464388
}