{
  "hw": "mi300x",
  "tp": 1,
  "conc": 64,
  "model": "amd/Llama-3.3-70B-Instruct-FP8-KV",
  "framework": "vllm",
  "precision": "fp8",
  "tput_per_gpu": 3516.0307329464536,
  "mean_ttft": 13.155472089943942,
  "median_ttft": 8.51453861920163,
  "std_ttft": 15.259101481156074,
  "p99_ttft": 78.44152179092168,
  "mean_tpot": 0.14699952632217128,
  "mean_intvty": 6.802743008901618,
  "median_tpot": 0.15279248117537692,
  "median_intvty": 6.54482466877535,
  "std_tpot": 0.025747241706523778,
  "std_intvty": 38.83911183179759,
  "p99_tpot": 0.19205843686786359,
  "p99_intvty": 5.2067486141626835,
  "mean_itl": 0.14758109742127526,
  "median_itl": 0.06184957176446915,
  "std_itl": 0.4767512247791883,
  "p99_itl": 2.292121180985123,
  "mean_e2el": 149.04238156359642,
  "median_e2el": 151.05808942695148,
  "std_e2el": 29.862386184292195,
  "p99_e2el": 219.35212905356198
}