{
  "hw": "h200-trt",
  "tp": 8,
  "conc": 8,
  "model": "deepseek-ai/DeepSeek-R1-0528",
  "framework": "trt",
  "precision": "fp8",
  "tput_per_gpu": 116.21953005651014,
  "mean_ttft": 0.3343746916434611,
  "median_ttft": 0.12077168299583718,
  "std_ttft": 0.5986955895450382,
  "p99_ttft": 2.3240998389432206,
  "mean_tpot": 0.016462590059537013,
  "mean_intvty": 60.74378310967451,
  "median_tpot": 0.01638599268869293,
  "median_intvty": 61.02773380889184,
  "std_tpot": 0.0005067551438168278,
  "std_intvty": 1973.339614213094,
  "p99_tpot": 0.01772594151804429,
  "p99_intvty": 56.41449279193664,
  "mean_itl": 0.16369086186526738,
  "median_itl": 0.15842088300269097,
  "std_itl": 0.049167276513348956,
  "p99_itl": 0.2418107961118221,
  "mean_e2el": 15.616962538498047,
  "median_e2el": 15.620655467559118,
  "std_e2el": 1.2898883760129587,
  "p99_e2el": 18.17131177481147
}