{
  "hw": "h200",
  "tp": 8,
  "conc": 16,
  "model": "deepseek-ai/DeepSeek-R1-0528",
  "framework": "sglang",
  "precision": "fp8",
  "tput_per_gpu": 209.9661660247408,
  "mean_ttft": 0.2111172140168492,
  "median_ttft": 0.14734613290056586,
  "std_ttft": 0.17509600993392702,
  "p99_ttft": 0.7520213687419891,
  "mean_tpot": 0.01855288893659727,
  "mean_intvty": 53.8999615325357,
  "median_tpot": 0.018725545973950687,
  "median_intvty": 53.40298228906708,
  "std_tpot": 0.0006271890740245676,
  "std_intvty": 1594.4155302055358,
  "p99_tpot": 0.019250872296464723,
  "p99_intvty": 51.9456980753876,
  "mean_itl": 0.18472626243871637,
  "median_itl": 0.1697290176525712,
  "std_itl": 0.049619052819499236,
  "p99_itl": 0.396053411513567,
  "mean_e2el": 17.19323322659475,
  "median_e2el": 17.1311864242889,
  "std_e2el": 1.383517615761293,
  "p99_e2el": 19.725422243531792
}