{
  "hw": "h200-trt",
  "tp": 8,
  "conc": 4,
  "model": "deepseek-ai/DeepSeek-R1-0528",
  "framework": "trt",
  "precision": "fp8",
  "tput_per_gpu": 69.26642423908129,
  "mean_ttft": 0.23814379579853268,
  "median_ttft": 0.10076930187642574,
  "std_ttft": 0.43504523865764544,
  "p99_ttft": 1.7652454801183195,
  "mean_tpot": 0.01384828895761291,
  "mean_intvty": 72.21108709247892,
  "median_tpot": 0.013828497262517184,
  "median_intvty": 72.31443742701883,
  "std_tpot": 0.00039533283556608114,
  "std_intvty": 2529.514146144956,
  "p99_tpot": 0.015147201446443565,
  "p99_intvty": 66.01879585055572,
  "mean_itl": 0.13757678966129522,
  "median_itl": 0.1363407326862216,
  "std_itl": 0.03443208219234955,
  "p99_itl": 0.19764681505039333,
  "mean_e2el": 12.933041865448468,
  "median_e2el": 12.974826436955482,
  "std_e2el": 1.076583257321381,
  "p99_e2el": 15.694687292054295
}