{
  "hw": "mi300x",
  "tp": 8,
  "conc": 32,
  "model": "amd/Llama-3.3-70B-Instruct-FP8-KV",
  "framework": "vllm",
  "precision": "fp8",
  "tput_per_gpu": 1462.0449861742209,
  "mean_ttft": 1.1350844288404915,
  "median_ttft": 0.39159923302941024,
  "std_ttft": 2.09350439869775,
  "p99_ttft": 9.189110438730568,
  "mean_tpot": 0.02271987071181606,
  "mean_intvty": 44.01433497066178,
  "median_tpot": 0.0234390997748583,
  "median_intvty": 42.66375456418507,
  "std_tpot": 0.00274375862128674,
  "std_intvty": 364.4635472820966,
  "p99_tpot": 0.02729039392729321,
  "p99_intvty": 36.64293020702412,
  "mean_itl": 0.02298932917077153,
  "median_itl": 0.013421740382909775,
  "std_itl": 0.061455796031898616,
  "p99_itl": 0.3336235456261784,
  "mean_e2el": 22.18555086519773,
  "median_e2el": 22.200730270007625,
  "std_e2el": 3.3152739920598475,
  "p99_e2el": 31.46804490010254
}