{
  "hw": "h200-trt",
  "tp": 8,
  "conc": 32,
  "model": "deepseek-ai/DeepSeek-R1-0528",
  "framework": "trt",
  "precision": "fp8",
  "tput_per_gpu": 289.7413132007988,
  "mean_ttft": 0.49872411929245575,
  "median_ttft": 0.13422959530726075,
  "std_ttft": 1.0525779713889118,
  "p99_ttft": 4.796520698545501,
  "mean_tpot": 0.02641959890274157,
  "mean_intvty": 37.85068818346934,
  "median_tpot": 0.026446222921703202,
  "median_intvty": 37.81258302785256,
  "std_tpot": 0.0010354730287826892,
  "std_intvty": 965.7421991721102,
  "p99_tpot": 0.028782004100839934,
  "p99_intvty": 34.74393223266956,
  "mean_itl": 0.26275871133529,
  "median_itl": 0.24307638313621283,
  "std_itl": 0.07434626829041956,
  "p99_itl": 0.45732209867797785,
  "mean_e2el": 24.886016810528236,
  "median_e2el": 24.819829776417464,
  "std_e2el": 2.2162573363113602,
  "p99_e2el": 30.831009326763454
}