{
  "hw": "mi300x",
  "tp": 4,
  "conc": 32,
  "model": "amd/Llama-3.3-70B-Instruct-FP8-KV",
  "framework": "vllm",
  "precision": "fp8",
  "tput_per_gpu": 1968.130524261769,
  "mean_ttft": 1.696441773758852,
  "median_ttft": 0.5955934538505971,
  "std_ttft": 3.1519469912962546,
  "p99_ttft": 13.996835737926885,
  "mean_tpot": 0.03379806629930033,
  "mean_intvty": 29.587491519321077,
  "median_tpot": 0.034835860632554685,
  "median_intvty": 28.706051231169628,
  "std_tpot": 0.004290826165082981,
  "std_intvty": 233.05535146997985,
  "p99_tpot": 0.04036680263853559,
  "p99_intvty": 24.77283150103556,
  "mean_itl": 0.033873304041373536,
  "median_itl": 0.01896983478218317,
  "std_itl": 0.09767665611632155,
  "p99_itl": 0.5307591462880371,
  "mean_e2el": 33.01051168507547,
  "median_e2el": 32.92518006591126,
  "std_e2el": 5.1047446972819905,
  "p99_e2el": 46.74044100875967
}