{
  "hw": "h200",
  "tp": 8,
  "conc": 8,
  "model": "deepseek-ai/DeepSeek-R1-0528",
  "framework": "sglang",
  "precision": "fp8",
  "tput_per_gpu": 136.58022578204614,
  "mean_ttft": 0.14595886858878657,
  "median_ttft": 0.11255250894464552,
  "std_ttft": 0.09964789139941514,
  "p99_ttft": 0.46557566794566807,
  "mean_tpot": 0.014143954271831263,
  "mean_intvty": 70.70158604737392,
  "median_tpot": 0.014113043243055467,
  "median_intvty": 70.85643987465743,
  "std_tpot": 0.0003938524944342257,
  "std_intvty": 2539.021623911544,
  "p99_tpot": 0.014990609741425359,
  "p99_intvty": 66.70842729209203,
  "mean_itl": 0.1407644096850556,
  "median_itl": 0.13518787128850818,
  "std_itl": 0.02520849705396989,
  "p99_itl": 0.2271685754787177,
  "mean_e2el": 13.27575903282268,
  "median_e2el": 13.409150276100263,
  "std_e2el": 0.9469776527726802,
  "p99_e2el": 15.347305140891113
}