{
  "hw": "h200",
  "tp": 4,
  "conc": 32,
  "model": "nvidia/Llama-3.3-70B-Instruct-FP8",
  "framework": "vllm",
  "precision": "fp8",
  "tput_per_gpu": 556.7315984702998,
  "mean_ttft": 0.17770803272142074,
  "median_ttft": 0.09169305860996246,
  "std_ttft": 0.28463828917761025,
  "p99_ttft": 1.3926634677127003,
  "mean_tpot": 0.015754095063022264,
  "mean_intvty": 63.475559592577454,
  "median_tpot": 0.01594751442186718,
  "median_intvty": 62.70569654596476,
  "std_tpot": 0.000503128417202713,
  "std_intvty": 1987.5641403039554,
  "p99_tpot": 0.01619368669505581,
  "p99_intvty": 61.75246062438122,
  "mean_itl": 0.01575729388314805,
  "median_itl": 0.015581413172185421,
  "std_itl": 0.0035065591813267802,
  "p99_itl": 0.018077998235821728,
  "mean_e2el": 117.01759885770153,
  "median_e2el": 117.41766006499529,
  "std_e2el": 8.3387614678727,
  "p99_e2el": 130.84098124143668
}