{
  "hw": "mi300x",
  "tp": 2,
  "conc": 32,
  "model": "amd/Llama-3.3-70B-Instruct-FP8-KV",
  "framework": "vllm",
  "precision": "fp8",
  "tput_per_gpu": 664.0681973050971,
  "mean_ttft": 0.5253928805992473,
  "median_ttft": 0.22036772221326828,
  "std_ttft": 0.9447792214326124,
  "p99_ttft": 3.4615617735031994,
  "mean_tpot": 0.02633169701781569,
  "mean_intvty": 37.97704338324312,
  "median_tpot": 0.026478265629512915,
  "median_intvty": 37.76682408100744,
  "std_tpot": 0.0004537282542099732,
  "std_intvty": 2203.96237333994,
  "p99_tpot": 0.02684050666122011,
  "p99_intvty": 37.25712083687403,
  "mean_itl": 0.026336659070700073,
  "median_itl": 0.025940341874957085,
  "std_itl": 0.008965174958060766,
  "p99_itl": 0.027676299586892134,
  "mean_e2el": 195.81097902251932,
  "median_e2el": 196.5001270584762,
  "std_e2el": 12.904338928070379,
  "p99_e2el": 217.36811139906757
}