{
  "hw": "h200",
  "tp": 2,
  "conc": 64,
  "model": "nvidia/Llama-3.3-70B-Instruct-FP8",
  "framework": "vllm",
  "precision": "fp8",
  "tput_per_gpu": 1287.313687121974,
  "mean_ttft": 0.4216502058232436,
  "median_ttft": 0.15649032779037952,
  "std_ttft": 0.8963873946494262,
  "p99_ttft": 4.712204143153503,
  "mean_tpot": 0.027052831902434238,
  "mean_intvty": 36.96470682280102,
  "median_tpot": 0.027359855552020945,
  "median_intvty": 36.54990056868684,
  "std_tpot": 0.0008361426651915341,
  "std_intvty": 1195.9681542753608,
  "p99_tpot": 0.028118046915570825,
  "p99_intvty": 35.56434780134867,
  "mean_itl": 0.02705861842107987,
  "median_itl": 0.02670677937567234,
  "std_itl": 0.008374575174874149,
  "p99_itl": 0.03336088918149476,
  "mean_e2el": 200.25402869015232,
  "median_e2el": 200.05662964377552,
  "std_e2el": 14.629962348318958,
  "p99_e2el": 227.56290159156546
}