{
  "hw": "h100",
  "tp": 4,
  "conc": 64,
  "model": "nvidia/Llama-3.3-70B-Instruct-FP8",
  "framework": "vllm",
  "precision": "fp8",
  "tput_per_gpu": 1569.818925985523,
  "mean_ttft": 0.255258939563646,
  "median_ttft": 0.08742994768545032,
  "std_ttft": 0.5407948730611983,
  "p99_ttft": 2.8490129818115384,
  "mean_tpot": 0.019490361994855675,
  "mean_intvty": 51.307410312027145,
  "median_tpot": 0.019753638594586176,
  "median_intvty": 50.62358487585509,
  "std_tpot": 0.0009185747120174742,
  "std_intvty": 1088.6430759711322,
  "p99_tpot": 0.020646443589061987,
  "p99_intvty": 48.43449166856887,
  "mean_itl": 0.01951562245060165,
  "median_itl": 0.016432182863354683,
  "std_itl": 0.01435869528532576,
  "p99_itl": 0.07315253689885139,
  "mean_e2el": 18.217712167432182,
  "median_e2el": 18.315599692054093,
  "std_e2el": 1.5950318706201712,
  "p99_e2el": 21.686388600030917
}