{
  "hw": "mi300x",
  "tp": 2,
  "conc": 32,
  "model": "openai/gpt-oss-120b",
  "framework": "vllm",
  "precision": "fp4",
  "tput_per_gpu": 6869.28818401228,
  "mean_ttft": 0.7741087364818668,
  "median_ttft": 0.26451496640220284,
  "std_ttft": 1.5062842444910298,
  "p99_ttft": 7.537624034676702,
  "mean_tpot": 0.01958047460331798,
  "mean_intvty": 51.07128505611128,
  "median_tpot": 0.019908747178863654,
  "median_intvty": 50.22917770846281,
  "std_tpot": 0.002096183108991356,
  "std_intvty": 477.05756033936433,
  "p99_tpot": 0.023400164846625278,
  "p99_intvty": 42.73474168042957,
  "mean_itl": 0.019618173226526526,
  "median_itl": 0.013393583707511425,
  "std_itl": 0.03736996075482824,
  "p99_itl": 0.21198728246614335,
  "mean_e2el": 18.910067500258446,
  "median_e2el": 18.918398890644312,
  "std_e2el": 2.7332445085389834,
  "p99_e2el": 26.68054491519928
}