{
  "hw": "h200",
  "tp": 2,
  "conc": 16,
  "model": "nvidia/Llama-3.3-70B-Instruct-FP8",
  "framework": "vllm",
  "precision": "fp8",
  "tput_per_gpu": 508.4876331405913,
  "mean_ttft": 0.19698536809301004,
  "median_ttft": 0.12127069593407214,
  "std_ttft": 0.24800775316128645,
  "p99_ttft": 1.117639561383985,
  "mean_tpot": 0.017197924572526058,
  "mean_intvty": 58.14655110172508,
  "median_tpot": 0.017374419552069812,
  "median_intvty": 57.55587960812596,
  "std_tpot": 0.000434223669057301,
  "std_intvty": 2302.960596715049,
  "p99_tpot": 0.01758160624144642,
  "p99_intvty": 56.877624618996755,
  "mean_itl": 0.017198146111630216,
  "median_itl": 0.017010404961183667,
  "std_itl": 0.003998988450966446,
  "p99_itl": 0.01933303566183895,
  "mean_e2el": 127.06727915510128,
  "median_e2el": 127.55200428143144,
  "std_e2el": 8.950015809512836,
  "p99_e2el": 142.2543573280191
}