{
  "hw": "mi300x",
  "tp": 8,
  "conc": 64,
  "model": "openai/gpt-oss-120b",
  "framework": "vllm",
  "precision": "fp4",
  "tput_per_gpu": 4511.598175380083,
  "mean_ttft": 0.6510906008246821,
  "median_ttft": 0.20894788624718785,
  "std_ttft": 1.396338718021764,
  "p99_ttft": 6.753415618408472,
  "mean_tpot": 0.015002104223422658,
  "mean_intvty": 66.65731587430972,
  "median_tpot": 0.015150912468405154,
  "median_intvty": 66.0026253920576,
  "std_tpot": 0.001764661509542239,
  "std_intvty": 566.6809156274987,
  "p99_tpot": 0.01975734909877038,
  "p99_intvty": 50.614077576947615,
  "mean_itl": 0.015040228069508254,
  "median_itl": 0.009129077196121216,
  "std_itl": 0.027741650307135535,
  "p99_itl": 0.1040358460880816,
  "mean_e2el": 14.495126873983827,
  "median_e2el": 14.321289215702564,
  "std_e2el": 2.6005013480454844,
  "p99_e2el": 23.41789222581312
}