{
  "hw": "mi300x",
  "tp": 4,
  "conc": 64,
  "model": "amd/Llama-3.3-70B-Instruct-FP8-KV",
  "framework": "vllm",
  "precision": "fp8",
  "tput_per_gpu": 2537.3840052115484,
  "mean_ttft": 2.525720229958824,
  "median_ttft": 1.014935429673642,
  "std_ttft": 5.216756498104912,
  "p99_ttft": 26.271048442516477,
  "mean_tpot": 0.05337598568228308,
  "mean_intvty": 18.735017015937316,
  "median_tpot": 0.05550807829924116,
  "median_intvty": 18.0153957881419,
  "std_tpot": 0.008068139904017281,
  "std_intvty": 123.94430586188533,
  "p99_tpot": 0.06665650676504586,
  "p99_intvty": 15.002286326297435,
  "mean_itl": 0.053513107371071886,
  "median_itl": 0.023744860664010048,
  "std_itl": 0.15091989970591646,
  "p99_itl": 0.5637995517253878,
  "mean_e2el": 51.79833156801178,
  "median_e2el": 52.25240148883313,
  "std_e2el": 9.078984221729831,
  "p99_e2el": 75.48052569010295
}