{
  "hw": "b200",
  "tp": 8,
  "conc": 4,
  "model": "deepseek-ai/DeepSeek-R1-0528",
  "framework": "sglang",
  "precision": "fp8",
  "tput_per_gpu": 107.65433639870578,
  "mean_ttft": 0.18705391050782055,
  "median_ttft": 0.13257225742563605,
  "std_ttft": 0.44146971319233713,
  "p99_ttft": 3.7513993666437453,
  "mean_tpot": 0.009035451267754872,
  "mean_intvty": 110.67515836964719,
  "median_tpot": 0.009027116003848784,
  "median_intvty": 110.77735121312742,
  "std_tpot": 0.0002901128160688712,
  "std_intvty": 3446.934932245825,
  "p99_tpot": 0.009205735638279441,
  "p99_intvty": 108.62792929244934,
  "mean_itl": 0.2666404262377591,
  "median_itl": 0.2643648760858923,
  "std_itl": 0.0582828222583393,
  "p99_itl": 0.3387221379089169,
  "mean_e2el": 8.498235855428502,
  "median_e2el": 8.446357316919602,
  "std_e2el": 0.7737454037535392,
  "p99_e2el": 12.07516666203737
}