{
  "hw": "mi300x",
  "tp": 1,
  "conc": 32,
  "model": "openai/gpt-oss-120b",
  "framework": "vllm",
  "precision": "fp4",
  "tput_per_gpu": 9546.245453502052,
  "mean_ttft": 1.0464447244492476,
  "median_ttft": 0.3722074378747493,
  "std_ttft": 2.0816808525200763,
  "p99_ttft": 10.599626537794247,
  "mean_tpot": 0.02830921075504631,
  "mean_intvty": 35.32419213848069,
  "median_tpot": 0.028795877011956253,
  "median_intvty": 34.727193743215146,
  "std_tpot": 0.002951486498380388,
  "std_intvty": 338.8123240776282,
  "p99_tpot": 0.03443037625934366,
  "p99_intvty": 29.044120588970376,
  "mean_itl": 0.028586458469826593,
  "median_itl": 0.01935203606262803,
  "std_itl": 0.05308955541924114,
  "p99_itl": 0.3129237058013679,
  "mean_e2el": 27.269428219069958,
  "median_e2el": 26.99626021157019,
  "std_e2el": 4.064498163856047,
  "p99_e2el": 39.63994118338916
}