{
  "hw": "b200-trt",
  "tp": 8,
  "conc": 4,
  "model": "deepseek-ai/DeepSeek-R1-0528",
  "framework": "trt",
  "precision": "fp8",
  "tput_per_gpu": 65.95593208270395,
  "mean_ttft": 0.1905269713315647,
  "median_ttft": 0.1562674839515239,
  "std_ttft": 0.10605278597190637,
  "p99_ttft": 0.5930641276016831,
  "mean_tpot": 0.014583397678533538,
  "mean_intvty": 68.5711260190058,
  "median_tpot": 0.014603947898581781,
  "median_intvty": 68.47463486891185,
  "std_tpot": 0.00020010667218437923,
  "std_intvty": 4997.334617001653,
  "p99_tpot": 0.014831728653663747,
  "p99_intvty": 67.42302420378888,
  "mean_itl": 0.1448867054247007,
  "median_itl": 0.14259961410425603,
  "std_itl": 0.02230589398485176,
  "p99_itl": 0.25847696121782066,
  "mean_e2el": 13.559947474685032,
  "median_e2el": 13.684037692495622,
  "std_e2el": 0.9347190798122849,
  "p99_e2el": 15.236895292319822
}