{
  "hw": "mi300x",
  "tp": 2,
  "conc": 64,
  "model": "amd/Llama-3.3-70B-Instruct-FP8-KV",
  "framework": "vllm",
  "precision": "fp8",
  "tput_per_gpu": 2877.111387384846,
  "mean_ttft": 4.3864843038818435,
  "median_ttft": 1.0556803589861374,
  "std_ttft": 9.816858723313224,
  "p99_ttft": 48.829489618630035,
  "mean_tpot": 0.09431898869650494,
  "mean_intvty": 10.602318937258238,
  "median_tpot": 0.09809545179512491,
  "median_intvty": 10.194152549381473,
  "std_tpot": 0.01423681520870365,
  "std_intvty": 70.24042844839707,
  "p99_tpot": 0.11993634584261864,
  "p99_intvty": 8.33775610699535,
  "mean_itl": 0.09455039693490837,
  "median_itl": 0.04144395800540224,
  "std_itl": 0.2663620220274054,
  "p99_itl": 0.973753858236596,
  "mean_e2el": 91.44479628414292,
  "median_e2el": 92.0873754650238,
  "std_e2el": 16.48521537106407,
  "p99_e2el": 136.81705950663948
}