{
  "hw": "mi300x",
  "tp": 4,
  "conc": 4,
  "model": "amd/Llama-3.3-70B-Instruct-FP8-KV",
  "framework": "vllm",
  "precision": "fp8",
  "tput_per_gpu": 649.5027108021696,
  "mean_ttft": 0.783876538858749,
  "median_ttft": 0.6766577283851802,
  "std_ttft": 0.33401641741114485,
  "p99_ttft": 1.7758935944736003,
  "mean_tpot": 0.012695674106842294,
  "mean_intvty": 78.76698721031703,
  "median_tpot": 0.01283793707323092,
  "median_intvty": 77.8941347270781,
  "std_tpot": 0.0005980917802869513,
  "std_intvty": 1671.9841886478057,
  "p99_tpot": 0.0135718036855317,
  "p99_intvty": 73.68217395201906,
  "mean_itl": 0.012695911975636147,
  "median_itl": 0.010938036255538464,
  "std_itl": 0.03263842739388253,
  "p99_itl": 0.01161090701818466,
  "mean_e2el": 12.452053950331173,
  "median_e2el": 12.27485478296876,
  "std_e2el": 0.9598647504619088,
  "p99_e2el": 14.458242584355176
}