{
  "hw": "mi300x",
  "tp": 8,
  "conc": 64,
  "model": "amd/Llama-3.3-70B-Instruct-FP8-KV",
  "framework": "vllm",
  "precision": "fp8",
  "tput_per_gpu": 818.4744372420681,
  "mean_ttft": 0.42105496436561224,
  "median_ttft": 0.14424162078648806,
  "std_ttft": 0.7713640129741312,
  "p99_ttft": 2.776073759868741,
  "mean_tpot": 0.018583177173156943,
  "mean_intvty": 53.81211138881469,
  "median_tpot": 0.01911580979771755,
  "median_intvty": 52.31271971116814,
  "std_tpot": 0.0014711933382313123,
  "std_intvty": 679.7203154836284,
  "p99_tpot": 0.0202416827703193,
  "p99_intvty": 49.40300721767639,
  "mean_itl": 0.018603380062929695,
  "median_itl": 0.014136457815766335,
  "std_itl": 0.01999791658095853,
  "p99_itl": 0.10246402360498906,
  "mean_e2el": 17.551308803950086,
  "median_e2el": 17.755058608017862,
  "std_e2el": 1.7582914197199766,
  "p99_e2el": 20.7572332941927
}