{
  "hw": "mi300x",
  "tp": 8,
  "conc": 64,
  "model": "deepseek-ai/DeepSeek-R1-0528",
  "framework": "sglang",
  "precision": "fp8",
  "tput_per_gpu": 365.764237059811,
  "mean_ttft": 0.5022330551568303,
  "median_ttft": 0.18567998753860593,
  "std_ttft": 0.8860038962058611,
  "p99_ttft": 3.635124039896764,
  "mean_tpot": 0.04201694342827614,
  "mean_intvty": 23.79992256473921,
  "median_tpot": 0.04278079668056167,
  "median_intvty": 23.37497376373943,
  "std_tpot": 0.002336527798884384,
  "std_intvty": 427.9854921809479,
  "p99_tpot": 0.04458924156522885,
  "p99_intvty": 22.426934500267667,
  "mean_itl": 0.04204858288676165,
  "median_itl": 0.035769817885011435,
  "std_itl": 0.028017777885076603,
  "p99_itl": 0.15342576801776886,
  "mean_e2el": 39.22115931984517,
  "median_e2el": 39.51697820541449,
  "std_e2el": 3.4120875688365526,
  "p99_e2el": 45.374940903154204
}