{
  "hw": "mi300x",
  "tp": 8,
  "conc": 16,
  "model": "deepseek-ai/DeepSeek-R1-0528",
  "framework": "sglang",
  "precision": "fp8",
  "tput_per_gpu": 139.88017594012166,
  "mean_ttft": 0.283302807493601,
  "median_ttft": 0.1487443670630455,
  "std_ttft": 0.40245609840662966,
  "p99_ttft": 1.5350137027772144,
  "mean_tpot": 0.0277943008478856,
  "mean_intvty": 35.97859883120871,
  "median_tpot": 0.027762643056450986,
  "median_intvty": 36.01962529167906,
  "std_tpot": 0.0005866382483835456,
  "std_intvty": 1704.628027162316,
  "p99_tpot": 0.02887873698056566,
  "p99_intvty": 34.62755316040877,
  "mean_itl": 0.027801039379310485,
  "median_itl": 0.026345129124820232,
  "std_itl": 0.011536169547074291,
  "p99_itl": 0.1175868884846568,
  "mean_e2el": 25.718299813591877,
  "median_e2el": 25.75612872466445,
  "std_e2el": 1.8836494518685636,
  "p99_e2el": 29.493758539534173
}