{
  "hw": "mi300x",
  "tp": 2,
  "conc": 16,
  "model": "amd/Llama-3.3-70B-Instruct-FP8-KV",
  "framework": "vllm",
  "precision": "fp8",
  "tput_per_gpu": 1472.0342324208355,
  "mean_ttft": 2.9826159546821147,
  "median_ttft": 1.9025465250015259,
  "std_ttft": 3.247527171486321,
  "p99_ttft": 12.956927299615927,
  "mean_tpot": 0.04485293064441712,
  "mean_intvty": 22.295087202389322,
  "median_tpot": 0.046817450817226096,
  "median_intvty": 21.359556800817064,
  "std_tpot": 0.00732355643087932,
  "std_intvty": 136.54568097318977,
  "p99_tpot": 0.05451896465139329,
  "p99_intvty": 18.342241207151098,
  "mean_itl": 0.04538912668273309,
  "median_itl": 0.020211874041706324,
  "std_itl": 0.21253572342693386,
  "p99_itl": 1.6669499997235797,
  "mean_e2el": 44.14289425464813,
  "median_e2el": 44.949167341925204,
  "std_e2el": 6.967127806334294,
  "p99_e2el": 56.649833388379776
}