{
  "hw": "mi325x",
  "tp": 4,
  "conc": 16,
  "model": "amd/Llama-3.3-70B-Instruct-FP8-KV",
  "framework": "vllm",
  "precision": "fp8",
  "tput_per_gpu": 298.5257882121927,
  "mean_ttft": 0.2518269113003043,
  "median_ttft": 0.13490404351614416,
  "std_ttft": 0.36730921044783676,
  "p99_ttft": 1.4305449362518265,
  "mean_tpot": 0.01463658042843988,
  "mean_intvty": 68.32196938958032,
  "median_tpot": 0.014652527839258068,
  "median_intvty": 68.2476096254689,
  "std_tpot": 0.0001197768452124018,
  "std_intvty": 8348.859065595587,
  "p99_tpot": 0.014765894573003948,
  "p99_intvty": 67.72363130834421,
  "mean_itl": 0.01463729239278379,
  "median_itl": 0.01455764495767653,
  "std_itl": 0.0034551614763950827,
  "p99_itl": 0.015996444574557244,
  "mean_e2el": 108.23076661262311,
  "median_e2el": 108.63879651017487,
  "std_e2el": 7.283747378344014,
  "p99_e2el": 120.06551800607238
}