{
  "hw": "h200",
  "tp": 4,
  "conc": 64,
  "model": "nvidia/Llama-3.3-70B-Instruct-FP8",
  "framework": "vllm",
  "precision": "fp8",
  "tput_per_gpu": 944.3788806233152,
  "mean_ttft": 0.26426898217760025,
  "median_ttft": 0.10121690900996327,
  "std_ttft": 0.5450662421079183,
  "p99_ttft": 2.8547182277322283,
  "mean_tpot": 0.018456386438246496,
  "mean_intvty": 54.18178706573549,
  "median_tpot": 0.018741931114512632,
  "median_intvty": 53.356294711042864,
  "std_tpot": 0.0008795976993728784,
  "std_intvty": 1136.8833737434331,
  "p99_tpot": 0.01913228207384671,
  "p99_intvty": 52.26768015128586,
  "mean_itl": 0.01845720570703982,
  "median_itl": 0.01808981754584238,
  "std_itl": 0.0052828421827348215,
  "p99_itl": 0.022405691124731678,
  "mean_e2el": 136.5737899538737,
  "median_e2el": 136.06038755748887,
  "std_e2el": 10.751573005759413,
  "p99_e2el": 155.40919502423029
}