{
  "hw": "mi300x",
  "tp": 1,
  "conc": 8,
  "model": "amd/Llama-3.3-70B-Instruct-FP8-KV",
  "framework": "vllm",
  "precision": "fp8",
  "tput_per_gpu": 309.388465836536,
  "mean_ttft": 0.36641216650023123,
  "median_ttft": 0.24311887403018773,
  "std_ttft": 0.39180578192252746,
  "p99_ttft": 1.6230756805418058,
  "mean_tpot": 0.028286759442232134,
  "mean_intvty": 35.35222908945165,
  "median_tpot": 0.02832866593076208,
  "median_intvty": 35.2999326704651,
  "std_tpot": 0.000153364913645932,
  "std_intvty": 6520.396199020223,
  "p99_tpot": 0.028429784616322517,
  "p99_intvty": 35.17437833228837,
  "mean_itl": 0.02828885448081831,
  "median_itl": 0.028224107576534152,
  "std_itl": 0.004770579752465808,
  "p99_itl": 0.029260920863598588,
  "mean_e2el": 208.4875143966521,
  "median_e2el": 209.0142774474807,
  "std_e2el": 13.132495641957693,
  "p99_e2el": 232.31500650995412
}