{
  "hw": "h200-trt",
  "tp": 8,
  "conc": 64,
  "model": "deepseek-ai/DeepSeek-R1-0528",
  "framework": "trt",
  "precision": "fp8",
  "tput_per_gpu": 461.4996699427214,
  "mean_ttft": 0.6885297907021595,
  "median_ttft": 0.139213053509593,
  "std_ttft": 1.689357464011308,
  "p99_ttft": 7.648723205961288,
  "mean_tpot": 0.03308280117679017,
  "mean_intvty": 30.227186466349405,
  "median_tpot": 0.033236852315514556,
  "median_intvty": 30.087084977454747,
  "std_tpot": 0.001221427263177929,
  "std_intvty": 818.7143272029019,
  "p99_tpot": 0.03566058010802403,
  "p99_intvty": 28.042168606645546,
  "mean_itl": 0.32906374953677325,
  "median_itl": 0.30405166931450367,
  "std_itl": 0.06555117912606394,
  "p99_itl": 0.5422691280767321,
  "mean_e2el": 31.166516953171232,
  "median_e2el": 30.93852714728564,
  "std_e2el": 3.08470544772067,
  "p99_e2el": 40.25719008388929
}