{
  "hw": "mi300x",
  "tp": 4,
  "conc": 16,
  "model": "amd/Llama-3.3-70B-Instruct-FP8-KV",
  "framework": "vllm",
  "precision": "fp8",
  "tput_per_gpu": 1155.223337842659,
  "mean_ttft": 1.689828948865761,
  "median_ttft": 1.1235744419973344,
  "std_ttft": 1.8264493293279744,
  "p99_ttft": 7.30630330848042,
  "mean_tpot": 0.028754388495955963,
  "mean_intvty": 34.777300172481176,
  "median_tpot": 0.029976796067449248,
  "median_intvty": 33.35913543762153,
  "std_tpot": 0.004285489986697192,
  "std_intvty": 233.34554580786588,
  "p99_tpot": 0.03436358351990877,
  "p99_intvty": 29.100573850822144,
  "mean_itl": 0.028852891692816175,
  "median_itl": 0.014527100836858153,
  "std_itl": 0.12175401573631194,
  "p99_itl": 0.9801340610021726,
  "mean_e2el": 28.066060390300116,
  "median_e2el": 28.630079178372398,
  "std_e2el": 4.15263623692762,
  "p99_e2el": 35.273905392144805
}