{
  "hw": "h200",
  "tp": 8,
  "conc": 16,
  "model": "nvidia/Llama-3.3-70B-Instruct-FP8",
  "framework": "vllm",
  "precision": "fp8",
  "tput_per_gpu": 400.05489704050575,
  "mean_ttft": 0.10276803452870809,
  "median_ttft": 0.07125888112932444,
  "std_ttft": 0.09731478673809509,
  "p99_ttft": 0.4900612524524331,
  "mean_tpot": 0.00971801945713053,
  "mean_intvty": 102.90162562560594,
  "median_tpot": 0.009764042761378303,
  "median_intvty": 102.41659366297561,
  "std_tpot": 0.00017814995475187929,
  "std_intvty": 5613.248689244761,
  "p99_tpot": 0.009935785427043113,
  "p99_intvty": 100.64629589103352,
  "mean_itl": 0.009721217529816315,
  "median_itl": 0.009165752679109573,
  "std_itl": 0.00465899440984322,
  "p99_itl": 0.044281801525503386,
  "mean_e2el": 8.995676891779294,
  "median_e2el": 9.02024842100218,
  "std_e2el": 0.6499573558363918,
  "p99_e2el": 10.220273862192407
}