{
  "hw": "b200-trt",
  "tp": 1,
  "conc": 8,
  "model": "openai/gpt-oss-120b",
  "framework": "trt",
  "precision": "fp4",
  "tput_per_gpu": 2768.226565716631,
  "mean_ttft": 0.04631253467578063,
  "median_ttft": 0.03804134800157044,
  "std_ttft": 0.023965173901004895,
  "p99_ttft": 0.12310702432187098,
  "mean_tpot": 0.00561350945393595,
  "mean_intvty": 178.1416791413513,
  "median_tpot": 0.005620404335919758,
  "median_intvty": 177.923142221111,
  "std_tpot": 0.00016715687663528672,
  "std_intvty": 5982.404194963886,
  "p99_tpot": 0.005880457591843332,
  "p99_intvty": 170.0547932506274,
  "mean_itl": 0.11094561861964038,
  "median_itl": 0.11138751300313743,
  "std_itl": 0.012827554372363605,
  "p99_itl": 0.13789137687883343,
  "mean_e2el": 5.25659594962517,
  "median_e2el": 5.2743269780003175,
  "std_e2el": 0.37424457842235,
  "p99_e2el": 5.893131465897459
}