{
  "hw": "mi300x",
  "tp": 8,
  "conc": 32,
  "model": "deepseek-ai/DeepSeek-R1-0528",
  "framework": "sglang",
  "precision": "fp8",
  "tput_per_gpu": 225.07737654789798,
  "mean_ttft": 0.4051608826703159,
  "median_ttft": 0.15934310434386134,
  "std_ttft": 0.7060556279099709,
  "p99_ttft": 2.56164266849868,
  "mean_tpot": 0.03417373474022162,
  "mean_intvty": 29.262239190468854,
  "median_tpot": 0.03443791184355725,
  "median_intvty": 29.03776525541815,
  "std_tpot": 0.0013797399624394342,
  "std_intvty": 724.7742525569535,
  "p99_tpot": 0.036653667142621194,
  "p99_intvty": 27.282399769413292,
  "mean_itl": 0.03418717787362742,
  "median_itl": 0.03133270796388388,
  "std_itl": 0.016563761156551685,
  "p99_itl": 0.1237409768626094,
  "mean_e2el": 31.94934920837404,
  "median_e2el": 31.837990425061435,
  "std_e2el": 2.5259296707723546,
  "p99_e2el": 36.96171154303476
}