{
  "hw": "b200-trt",
  "tp": 8,
  "conc": 4,
  "model": "deepseek-ai/DeepSeek-R1-0528",
  "framework": "trt",
  "precision": "fp8",
  "tput_per_gpu": 65.91336529649287,
  "mean_ttft": 0.18710968312552723,
  "median_ttft": 0.15455570399717544,
  "std_ttft": 0.10342064234947275,
  "p99_ttft": 0.5829324289999204,
  "mean_tpot": 0.014594820727100988,
  "mean_intvty": 68.51745689093045,
  "median_tpot": 0.014631965719030356,
  "median_intvty": 68.3435171461206,
  "std_tpot": 0.0001928002319580813,
  "std_intvty": 5186.715751552729,
  "p99_tpot": 0.014824956034936613,
  "p99_intvty": 67.45382567364058,
  "mean_itl": 0.14499647289595277,
  "median_itl": 0.1427087229967583,
  "std_itl": 0.02184824939858251,
  "p99_itl": 0.25669099820370317,
  "mean_e2el": 13.56665903485009,
  "median_e2el": 13.690034965497034,
  "std_e2el": 0.9388541296409014,
  "p99_e2el": 15.238170740780479
}