{
  "hw": "mi300x",
  "tp": 4,
  "conc": 32,
  "model": "amd/Llama-3.3-70B-Instruct-FP8-KV",
  "framework": "vllm",
  "precision": "fp8",
  "tput_per_gpu": 944.3230931637003,
  "mean_ttft": 0.30753679656481836,
  "median_ttft": 0.12693719216622412,
  "std_ttft": 0.5203085421097486,
  "p99_ttft": 1.9229964637337253,
  "mean_tpot": 0.016156814539723105,
  "mean_intvty": 61.89338854768695,
  "median_tpot": 0.016312279097003828,
  "median_intvty": 61.30351216119616,
  "std_tpot": 0.0007027509411285295,
  "std_intvty": 1422.9792398344225,
  "p99_tpot": 0.01712499394427726,
  "p99_intvty": 58.39418123322461,
  "mean_itl": 0.01616761532025782,
  "median_itl": 0.013771205674856901,
  "std_itl": 0.014532538046826532,
  "p99_itl": 0.09956547161564236,
  "mean_e2el": 15.225243744246836,
  "median_e2el": 15.233034640550613,
  "std_e2el": 1.2796307774844697,
  "p99_e2el": 18.342126269862057
}