{
  "hw": "h200-trt",
  "tp": 8,
  "conc": 32,
  "model": "openai/gpt-oss-120b",
  "framework": "trt",
  "precision": "fp4",
  "tput_per_gpu": 901.1635681704454,
  "mean_ttft": 0.1581400795344962,
  "median_ttft": 0.09072210127487779,
  "std_ttft": 0.15131427308824225,
  "p99_ttft": 0.6169754742365331,
  "mean_tpot": 0.008496521989515077,
  "mean_intvty": 117.69521708223968,
  "median_tpot": 0.00862489009349041,
  "median_intvty": 115.94350642853348,
  "std_tpot": 0.0005521974499195258,
  "std_intvty": 1810.9464289372115,
  "p99_tpot": 0.009356675709436412,
  "p99_intvty": 106.87556468281551,
  "mean_itl": 0.16819594114190253,
  "median_itl": 0.13179654255509377,
  "std_itl": 0.0687215517834692,
  "p99_itl": 0.4228468114510179,
  "mean_e2el": 8.006057383687585,
  "median_e2el": 8.04261336941272,
  "std_e2el": 0.7804442374568074,
  "p99_e2el": 9.599724337719381
}