{
  "hw": "h200-trt",
  "tp": 8,
  "conc": 64,
  "model": "deepseek-ai/DeepSeek-R1-0528",
  "framework": "trt",
  "precision": "fp8",
  "tput_per_gpu": 464.08802985028973,
  "mean_ttft": 0.5901883393307799,
  "median_ttft": 0.14021688932552934,
  "std_ttft": 1.3679507957032429,
  "p99_ttft": 6.444106237720699,
  "mean_tpot": 0.033008086273444204,
  "mean_intvty": 30.295606710302497,
  "median_tpot": 0.03321544693026596,
  "median_intvty": 30.106474318995204,
  "std_tpot": 0.0012563153624605263,
  "std_intvty": 795.9784858807059,
  "p99_tpot": 0.03585562709108972,
  "p99_intvty": 27.889625175416448,
  "mean_itl": 0.32835350689351633,
  "median_itl": 0.30199162289500237,
  "std_itl": 0.07749195321436984,
  "p99_itl": 0.5438785866647958,
  "mean_e2el": 31.002392605626664,
  "median_e2el": 30.867740006186068,
  "std_e2el": 2.944410416972001,
  "p99_e2el": 39.98907991772518
}