{
  "hw": "h200-trt",
  "tp": 2,
  "conc": 16,
  "model": "openai/gpt-oss-120b",
  "framework": "trt",
  "precision": "fp4",
  "tput_per_gpu": 1752.9174238972514,
  "mean_ttft": 0.1182544740382582,
  "median_ttft": 0.07712848810479045,
  "std_ttft": 0.10237456047988118,
  "p99_ttft": 0.42956550025381146,
  "mean_tpot": 0.008878628842207272,
  "mean_intvty": 112.63000377335234,
  "median_tpot": 0.008943608186865366,
  "median_intvty": 111.81169602986475,
  "std_tpot": 0.0003830197337950655,
  "std_intvty": 2610.8315362546027,
  "p99_tpot": 0.009312218952113085,
  "p99_intvty": 107.38579119996794,
  "mean_itl": 0.17568265535007835,
  "median_itl": 0.16316729132086039,
  "std_itl": 0.03919990036337814,
  "p99_itl": 0.32072882331907715,
  "mean_e2el": 8.246871139999712,
  "median_e2el": 8.236988598946482,
  "std_e2el": 0.6968045375292209,
  "p99_e2el": 9.486935151107609
}