{
  "hw": "mi355x-amd_1",
  "tp": 8,
  "conc": 4,
  "model": "amd/Llama-3.3-70B-Instruct-FP8-KV",
  "framework": "vllm",
  "precision": "fp8",
  "tput_per_gpu": 112.2660718627777,
  "mean_ttft": 0.07587848777184263,
  "median_ttft": 0.06675759912468493,
  "std_ttft": 0.03608851866867436,
  "p99_ttft": 0.21669907065574068,
  "mean_tpot": 0.008621399933780822,
  "mean_intvty": 115.99044327844571,
  "median_tpot": 0.008625470125851725,
  "median_intvty": 115.93570963776943,
  "std_tpot": 0.00012622254569076913,
  "std_intvty": 7922.514908310328,
  "p99_tpot": 0.008833398631308645,
  "p99_intvty": 113.20671032049333,
  "mean_itl": 0.008630134044489876,
  "median_itl": 0.008475576993077993,
  "std_itl": 0.0033559934599126035,
  "p99_itl": 0.012401460949331521,
  "mean_e2el": 7.980433816742152,
  "median_e2el": 8.044558917637914,
  "std_e2el": 0.572811533428244,
  "p99_e2el": 9.004477809974924
}