{
  "hw": "h100",
  "tp": 4,
  "conc": 4,
  "model": "openai/gpt-oss-120b",
  "framework": "vllm",
  "precision": "fp4",
  "tput_per_gpu": 368.21298180594954,
  "mean_ttft": 0.039857704937458036,
  "median_ttft": 0.03563162963837385,
  "std_ttft": 0.013506532939505574,
  "p99_ttft": 0.08540348034352065,
  "mean_tpot": 0.005252452190692878,
  "mean_intvty": 190.38726364267677,
  "median_tpot": 0.005257524356371593,
  "median_intvty": 190.20358865063554,
  "std_tpot": 8.506650276860367e-05,
  "std_intvty": 11755.508542771313,
  "p99_tpot": 0.005388951127446042,
  "p99_intvty": 185.5648671421381,
  "mean_itl": 0.0052530825953980296,
  "median_itl": 0.0052092717960476875,
  "std_itl": 0.00120256043700939,
  "p99_itl": 0.005440160110592842,
  "mean_e2el": 4.855489638028667,
  "median_e2el": 4.866219116840512,
  "std_e2el": 0.3480549744545161,
  "p99_e2el": 5.4465130844619125
}