{
  "hw": "h200-trt",
  "tp": 1,
  "conc": 8,
  "model": "openai/gpt-oss-120b",
  "framework": "trt",
  "precision": "fp4",
  "tput_per_gpu": 1822.3444423671424,
  "mean_ttft": 0.10510464296676218,
  "median_ttft": 0.07567189680412412,
  "std_ttft": 0.07898845400683559,
  "p99_ttft": 0.35106644870713355,
  "mean_tpot": 0.00847825179219031,
  "mean_intvty": 117.94884423238572,
  "median_tpot": 0.008511647512992403,
  "median_intvty": 117.48606817582304,
  "std_tpot": 0.0003125676426094561,
  "std_intvty": 3199.3074895774485,
  "p99_tpot": 0.009078157461451481,
  "p99_intvty": 110.1545114464354,
  "mean_itl": 0.16760319957099626,
  "median_itl": 0.16462834924459457,
  "std_itl": 0.027815871780503897,
  "p99_itl": 0.2650012915581466,
  "mean_e2el": 7.976169671677053,
  "median_e2el": 8.004361111670732,
  "std_e2el": 0.6210305445099488,
  "p99_e2el": 9.161160695897415
}