{
  "hw": "h200-trt",
  "tp": 8,
  "conc": 32,
  "model": "deepseek-ai/DeepSeek-R1-0528",
  "framework": "trt",
  "precision": "fp8",
  "tput_per_gpu": 296.78372654468063,
  "mean_ttft": 0.3996604844665853,
  "median_ttft": 0.1243398473598063,
  "std_ttft": 0.8134695405442651,
  "p99_ttft": 3.6549635958392175,
  "mean_tpot": 0.025892945699842858,
  "mean_intvty": 38.62055756777294,
  "median_tpot": 0.025879246612408313,
  "median_intvty": 38.641001222985,
  "std_tpot": 0.0009847850762459236,
  "std_intvty": 1015.4499942384148,
  "p99_tpot": 0.0279709811940831,
  "p99_intvty": 35.751337897704396,
  "mean_itl": 0.25749801980726644,
  "median_itl": 0.242364636156708,
  "std_itl": 0.06045115076365898,
  "p99_itl": 0.3977701080031693,
  "mean_e2el": 24.298695296494408,
  "median_e2el": 24.2173868897371,
  "std_e2el": 2.061394415649258,
  "p99_e2el": 29.422278090938928
}