{
  "hw": "b200",
  "tp": 2,
  "conc": 16,
  "model": "openai/gpt-oss-120b",
  "framework": "vllm",
  "precision": "fp4",
  "tput_per_gpu": 3194.128531408525,
  "mean_ttft": 0.04118763116566697,
  "median_ttft": 0.030047984910197556,
  "std_ttft": 0.03132731438158637,
  "p99_ttft": 0.16765021987026557,
  "mean_tpot": 0.004882556176002846,
  "mean_intvty": 204.81075157207107,
  "median_tpot": 0.004910337321082944,
  "median_intvty": 203.65199671851798,
  "std_tpot": 0.0001106844471847342,
  "std_intvty": 9034.69299829436,
  "p99_tpot": 0.005021862947401149,
  "p99_intvty": 199.1292893641208,
  "mean_itl": 0.004884048119951535,
  "median_itl": 0.004742160905152559,
  "std_itl": 0.0014469031464058855,
  "p99_itl": 0.015461810622364281,
  "mean_e2el": 4.50957261389849,
  "median_e2el": 4.481926909531467,
  "std_e2el": 0.33322219253341906,
  "p99_e2el": 5.098713284491096
}