{
  "hw": "b200",
  "tp": 8,
  "conc": 16,
  "model": "openai/gpt-oss-120b",
  "framework": "vllm",
  "precision": "fp4",
  "tput_per_gpu": 951.4919622303187,
  "mean_ttft": 0.04387233994930284,
  "median_ttft": 0.03609718452207744,
  "std_ttft": 0.024295657909335324,
  "p99_ttft": 0.13659642288461327,
  "mean_tpot": 0.004083781190147576,
  "mean_intvty": 244.8711019122606,
  "median_tpot": 0.00411489033507572,
  "median_intvty": 243.01984222420316,
  "std_tpot": 7.554873664686104e-05,
  "std_intvty": 13236.488714223242,
  "p99_tpot": 0.004166625729272754,
  "p99_intvty": 240.00235801705682,
  "mean_itl": 0.004085137516647102,
  "median_itl": 0.003998014144599438,
  "std_itl": 0.0011182772355936873,
  "p99_itl": 0.011991764684207729,
  "mean_e2el": 3.7809301963498,
  "median_e2el": 3.7846751250326633,
  "std_e2el": 0.26848663888020424,
  "p99_e2el": 4.239681371138431
}