{
  "hw": "h200-trt",
  "tp": 4,
  "conc": 16,
  "model": "openai/gpt-oss-120b",
  "framework": "trt",
  "precision": "fp4",
  "tput_per_gpu": 1037.9869977599828,
  "mean_ttft": 0.12392663611681201,
  "median_ttft": 0.08606703113764524,
  "std_ttft": 0.08956495270169446,
  "p99_ttft": 0.3899086246825755,
  "mean_tpot": 0.007464105673611418,
  "mean_intvty": 133.9745233692762,
  "median_tpot": 0.007542247880995973,
  "median_intvty": 132.5864670292363,
  "std_tpot": 0.00030703813312499815,
  "std_intvty": 3256.9244406944413,
  "p99_tpot": 0.00791988314984452,
  "p99_intvty": 126.26448914459448,
  "mean_itl": 0.1476953692783808,
  "median_itl": 0.13228851649910212,
  "std_itl": 0.042899377746067474,
  "p99_itl": 0.30121309340000146,
  "mean_e2el": 6.957606558717089,
  "median_e2el": 6.96532684052363,
  "std_e2el": 0.5848351274868462,
  "p99_e2el": 8.059455099273473
}