{
  "hw": "h100",
  "tp": 2,
  "conc": 16,
  "model": "openai/gpt-oss-120b",
  "framework": "vllm",
  "precision": "fp4",
  "tput_per_gpu": 1592.337189789958,
  "mean_ttft": 0.08046676105586811,
  "median_ttft": 0.052200155798345804,
  "std_ttft": 0.08255223264667301,
  "p99_ttft": 0.4278258578851819,
  "mean_tpot": 0.009819369356400178,
  "mean_intvty": 101.83953405808172,
  "median_tpot": 0.009866575695893328,
  "median_intvty": 101.35228582052237,
  "std_tpot": 0.0002887346423701208,
  "std_intvty": 3463.387669007615,
  "p99_tpot": 0.010194617961194795,
  "p99_intvty": 98.09097347310515,
  "mean_itl": 0.00982389703912166,
  "median_itl": 0.00935111753642559,
  "std_itl": 0.004287685169489925,
  "p99_itl": 0.03960794404148978,
  "mean_e2el": 9.068288636772195,
  "median_e2el": 9.042313549201936,
  "std_e2el": 0.7025468742545833,
  "p99_e2el": 10.291207267940042
}