{
  "hw": "b200-trt",
  "tp": 2,
  "conc": 4,
  "model": "openai/gpt-oss-120b",
  "framework": "trt",
  "precision": "fp4",
  "tput_per_gpu": 1158.4028211752548,
  "mean_ttft": 0.03875892357500561,
  "median_ttft": 0.034206173000711715,
  "std_ttft": 0.01270833316819177,
  "p99_ttft": 0.07798149692032894,
  "mean_tpot": 0.0033335413095468467,
  "mean_intvty": 299.9812833085718,
  "median_tpot": 0.003356722005139625,
  "median_intvty": 297.90968643481824,
  "std_tpot": 7.828463169616539e-05,
  "std_intvty": 12773.899274140456,
  "p99_tpot": 0.0034137100202714685,
  "p99_intvty": 292.93642226836744,
  "mean_itl": 0.06583630041247568,
  "median_itl": 0.0660781760016107,
  "std_itl": 0.007652995506919706,
  "p99_itl": 0.08606350864225533,
  "mean_e2el": 3.095208900025136,
  "median_e2el": 3.143718692503171,
  "std_e2el": 0.22724515947047044,
  "p99_e2el": 3.4785890530710457
}