{
  "hw": "mi300x",
  "tp": 8,
  "conc": 8,
  "model": "deepseek-ai/DeepSeek-R1-0528",
  "framework": "sglang",
  "precision": "fp8",
  "tput_per_gpu": 77.12594345065067,
  "mean_ttft": 0.21790249016630697,
  "median_ttft": 0.14507487055379897,
  "std_ttft": 0.2524103340534702,
  "p99_ttft": 1.1873724759195465,
  "mean_tpot": 0.02502903879678332,
  "mean_intvty": 39.95359183064265,
  "median_tpot": 0.025015549470166924,
  "median_intvty": 39.97513631241965,
  "std_tpot": 0.000302948869778229,
  "std_intvty": 3300.887046490852,
  "p99_tpot": 0.025756887301774178,
  "p99_intvty": 38.8245671258234,
  "mean_itl": 0.025033860795625203,
  "median_itl": 0.02430804690811783,
  "std_itl": 0.009569159090990582,
  "p99_itl": 0.03196099932538347,
  "mean_e2el": 23.451202664896847,
  "median_e2el": 23.65512652893085,
  "std_e2el": 1.566251289080225,
  "p99_e2el": 26.044541205004784
}