{
  "hw": "h200-trt",
  "tp": 2,
  "conc": 4,
  "model": "openai/gpt-oss-120b",
  "framework": "trt",
  "precision": "fp4",
  "tput_per_gpu": 652.1754705793353,
  "mean_ttft": 0.10487129611428828,
  "median_ttft": 0.0811713170260191,
  "std_ttft": 0.04976914350868927,
  "p99_ttft": 0.24802407807670535,
  "mean_tpot": 0.0058918855145881814,
  "mean_intvty": 169.72495435018578,
  "median_tpot": 0.005886895890964481,
  "median_intvty": 169.86881006930204,
  "std_tpot": 0.00018533903449983067,
  "std_intvty": 5395.517478002798,
  "p99_tpot": 0.006185900477341443,
  "p99_intvty": 161.6579516050955,
  "mean_itl": 0.11635531424948475,
  "median_itl": 0.114637840539217,
  "std_itl": 0.019902449642220467,
  "p99_itl": 0.19662424057722097,
  "mean_e2el": 5.506666526617482,
  "median_e2el": 5.513968021608889,
  "std_e2el": 0.42258008675521425,
  "p99_e2el": 6.359341737106442
}