{
  "hw": "h200-trt",
  "tp": 1,
  "conc": 64,
  "model": "openai/gpt-oss-120b",
  "framework": "trt",
  "precision": "fp4",
  "tput_per_gpu": 5965.737637066418,
  "mean_ttft": 0.2310874836100993,
  "median_ttft": 0.09678695898037404,
  "std_ttft": 0.35822980441508834,
  "p99_ttft": 1.6388478918885812,
  "mean_tpot": 0.020784202944171652,
  "mean_intvty": 48.113463994077385,
  "median_tpot": 0.020708192510258704,
  "median_intvty": 48.29006681798068,
  "std_tpot": 0.0012697527894385433,
  "std_intvty": 787.5548754983859,
  "p99_tpot": 0.023574616182063513,
  "p99_intvty": 42.41850608625556,
  "mean_itl": 0.41136543056945596,
  "median_itl": 0.3746372750028968,
  "std_itl": 0.12039692232045579,
  "p99_itl": 0.7622560905455613,
  "mean_e2el": 19.382076376713304,
  "median_e2el": 19.320924947969615,
  "std_e2el": 1.8269735051086837,
  "p99_e2el": 23.620217960666636
}