{
  "hw": "mi300x",
  "tp": 2,
  "conc": 64,
  "model": "amd/Llama-3.3-70B-Instruct-FP8-KV",
  "framework": "vllm",
  "precision": "fp8",
  "tput_per_gpu": 1894.1548098337046,
  "mean_ttft": 0.7956555471275351,
  "median_ttft": 0.22864719666540623,
  "std_ttft": 1.641352073448327,
  "p99_ttft": 5.766362512251362,
  "mean_tpot": 0.032113668710954134,
  "mean_intvty": 31.13938830847112,
  "median_tpot": 0.03300114696247997,
  "median_intvty": 30.301977114217607,
  "std_tpot": 0.0023895853280445772,
  "std_intvty": 418.4826497986203,
  "p99_tpot": 0.03469827888783495,
  "p99_intvty": 28.819873263241167,
  "mean_itl": 0.032145359615451584,
  "median_itl": 0.025322739966213703,
  "std_itl": 0.03126513374100003,
  "p99_itl": 0.16050869077444083,
  "mean_e2el": 30.395554387351147,
  "median_e2el": 30.684618402272463,
  "std_e2el": 3.0200192092879665,
  "p99_e2el": 36.48650166777894
}