{
  "hw": "b200",
  "tp": 1,
  "conc": 32,
  "model": "openai/gpt-oss-120b",
  "framework": "vllm",
  "precision": "fp4",
  "tput_per_gpu": 7395.468449414182,
  "mean_ttft": 0.07645972832033295,
  "median_ttft": 0.04933955246815458,
  "std_ttft": 0.08119458983134471,
  "p99_ttft": 0.43510994622833093,
  "mean_tpot": 0.008375248055677645,
  "mean_intvty": 119.39944863150559,
  "median_tpot": 0.008429882013661676,
  "median_intvty": 118.62562232536294,
  "std_tpot": 0.0002804943359150147,
  "std_intvty": 3565.1343786955613,
  "p99_tpot": 0.008739563446957822,
  "p99_intvty": 114.42219123062635,
  "mean_itl": 0.008377035880898524,
  "median_itl": 0.007896483060903847,
  "std_itl": 0.0032828773392774135,
  "p99_itl": 0.025820007245056332,
  "mean_e2el": 7.805872061759146,
  "median_e2el": 7.787539771059528,
  "std_e2el": 0.5759445153387013,
  "p99_e2el": 8.887296087412397
}