{
  "hw": "h200-trt",
  "tp": 2,
  "conc": 8,
  "model": "openai/gpt-oss-120b",
  "framework": "trt",
  "precision": "fp4",
  "tput_per_gpu": 1133.9523060174656,
  "mean_ttft": 0.08360956918913871,
  "median_ttft": 0.06270768400281668,
  "std_ttft": 0.05574391831564525,
  "p99_ttft": 0.2588382371980697,
  "mean_tpot": 0.006808507552979478,
  "mean_intvty": 146.8750665573381,
  "median_tpot": 0.006840970019217523,
  "median_intvty": 146.17810006341486,
  "std_tpot": 0.00017963956746380679,
  "std_intvty": 5566.702336897336,
  "p99_tpot": 0.007050989044339012,
  "p99_intvty": 141.82407513494357,
  "mean_itl": 0.13460053692083226,
  "median_itl": 0.13143249228596687,
  "std_itl": 0.021428718818253843,
  "p99_itl": 0.2139328639954329,
  "mean_e2el": 6.404787131841294,
  "median_e2el": 6.486895413137972,
  "std_e2el": 0.47097708263773636,
  "p99_e2el": 7.224980278788134
}