{
  "hw": "h200",
  "tp": 8,
  "conc": 4,
  "model": "deepseek-ai/DeepSeek-R1-0528",
  "framework": "sglang",
  "precision": "fp8",
  "tput_per_gpu": 77.2878274471447,
  "mean_ttft": 0.17182831752579658,
  "median_ttft": 0.14344459446147084,
  "std_ttft": 0.07264098587123317,
  "p99_ttft": 0.41903431475162506,
  "mean_tpot": 0.012451037382357833,
  "mean_intvty": 80.31459301671711,
  "median_tpot": 0.012501531777513467,
  "median_intvty": 79.9901978250939,
  "std_tpot": 0.00022586628283837145,
  "std_intvty": 4427.398314761278,
  "p99_tpot": 0.012681344753674627,
  "p99_intvty": 78.85599038778862,
  "mean_itl": 0.12394995966407467,
  "median_itl": 0.12118207290768623,
  "std_itl": 0.022986867317215425,
  "p99_itl": 0.24256748978979886,
  "mean_e2el": 11.587619364797138,
  "median_e2el": 11.71698152506724,
  "std_e2el": 0.8196664449255917,
  "p99_e2el": 12.961685598380864
}