{
  "hw": "h100",
  "tp": 8,
  "conc": 32,
  "model": "openai/gpt-oss-120b",
  "framework": "vllm",
  "precision": "fp4",
  "tput_per_gpu": 1023.5228837899607,
  "mean_ttft": 0.061146712771733294,
  "median_ttft": 0.03474343381822109,
  "std_ttft": 0.07253393870836461,
  "p99_ttft": 0.3872817765083164,
  "mean_tpot": 0.007547179458480198,
  "mean_intvty": 132.49983063227353,
  "median_tpot": 0.007590650230481179,
  "median_intvty": 131.74101949585008,
  "std_tpot": 0.0002040297004513666,
  "std_intvty": 4901.24720953734,
  "p99_tpot": 0.007767194137759072,
  "p99_intvty": 128.74662101448538,
  "mean_itl": 0.007548924094995621,
  "median_itl": 0.007093862630426884,
  "std_itl": 0.002960926566034307,
  "p99_itl": 0.020456848666071892,
  "mean_e2el": 7.026468084962107,
  "median_e2el": 7.010373882949352,
  "std_e2el": 0.5033767152359205,
  "p99_e2el": 7.99119736911729
}