{
  "hw": "b200-trt",
  "tp": 4,
  "conc": 8,
  "model": "openai/gpt-oss-120b",
  "framework": "trt",
  "precision": "fp4",
  "tput_per_gpu": 1110.4498504779394,
  "mean_ttft": 0.04455435035342816,
  "median_ttft": 0.03661485051270574,
  "std_ttft": 0.022665755696172685,
  "p99_ttft": 0.11481744691496715,
  "mean_tpot": 0.0034743263655387033,
  "mean_intvty": 287.82557963432646,
  "median_tpot": 0.0034782066308117403,
  "median_intvty": 287.50448324187715,
  "std_tpot": 9.220276948575934e-05,
  "std_intvty": 10845.661204942975,
  "p99_tpot": 0.003610152091074677,
  "p99_intvty": 276.99664024468234,
  "mean_itl": 0.06867580959866641,
  "median_itl": 0.06719308206811547,
  "std_itl": 0.009834100199036586,
  "p99_itl": 0.10125643788836898,
  "mean_e2el": 3.2697418945637766,
  "median_e2el": 3.262249603518285,
  "std_e2el": 0.23076928113894296,
  "p99_e2el": 3.698977795911487
}