{
  "hw": "h100",
  "tp": 2,
  "conc": 64,
  "model": "openai/gpt-oss-120b",
  "framework": "vllm",
  "precision": "fp4",
  "tput_per_gpu": 3548.605251320045,
  "mean_ttft": 0.15863968350022334,
  "median_ttft": 0.06615759804844856,
  "std_ttft": 0.2920780617752809,
  "p99_ttft": 1.547981925252825,
  "mean_tpot": 0.01748351515633534,
  "mean_intvty": 57.19673595716473,
  "median_tpot": 0.01768883431816852,
  "median_intvty": 56.532837721979334,
  "std_tpot": 0.0008132827786978137,
  "std_intvty": 1229.5846244293384,
  "p99_tpot": 0.01840185683302287,
  "p99_intvty": 54.34234213829226,
  "mean_itl": 0.017493018466999057,
  "median_itl": 0.015554658137261868,
  "std_itl": 0.00904047027436442,
  "p99_itl": 0.05428123921155935,
  "mean_e2el": 16.26645696639025,
  "median_e2el": 16.324442728422582,
  "std_e2el": 1.359501670735032,
  "p99_e2el": 18.786208641910925
}