{
  "hw": "h200-trt",
  "tp": 8,
  "conc": 4,
  "model": "deepseek-ai/DeepSeek-R1-0528",
  "framework": "trt",
  "precision": "fp8",
  "tput_per_gpu": 68.97344427664602,
  "mean_ttft": 0.3256218337221071,
  "median_ttft": 0.12545667216181755,
  "std_ttft": 0.553386877364511,
  "p99_ttft": 2.0425259904842825,
  "mean_tpot": 0.013815098460820208,
  "mean_intvty": 72.38457277999231,
  "median_tpot": 0.013822524436723277,
  "median_intvty": 72.34568508652656,
  "std_tpot": 0.000283002725098785,
  "std_intvty": 3533.5348790402622,
  "p99_tpot": 0.014386697537426276,
  "p99_intvty": 69.50865529761434,
  "mean_itl": 0.13726660735911225,
  "median_itl": 0.13528972305357456,
  "std_itl": 0.027243522339214087,
  "p99_itl": 0.22242794912308453,
  "mean_e2el": 12.991897712135687,
  "median_e2el": 13.056143546011299,
  "std_e2el": 1.081005454645088,
  "p99_e2el": 15.883075834941119
}