{
  "hw": "h200-trt",
  "tp": 1,
  "conc": 4,
  "model": "openai/gpt-oss-120b",
  "framework": "trt",
  "precision": "fp4",
  "tput_per_gpu": 1131.1521370835633,
  "mean_ttft": 0.07604988815728575,
  "median_ttft": 0.060723801609128714,
  "std_ttft": 0.03737107356840833,
  "p99_ttft": 0.19676651182584465,
  "mean_tpot": 0.0068469376866585555,
  "mean_intvty": 146.05069386691326,
  "median_tpot": 0.006903381284293537,
  "median_intvty": 144.85655055373866,
  "std_tpot": 0.00019888540559057476,
  "std_intvty": 5028.0210206001675,
  "p99_tpot": 0.007086522941055405,
  "p99_intvty": 141.11292778106335,
  "mean_itl": 0.13520361758431537,
  "median_itl": 0.1359050888568163,
  "std_itl": 0.017161763033443377,
  "p99_itl": 0.18905806452035917,
  "mean_e2el": 6.352877683565021,
  "median_e2el": 6.317754258867353,
  "std_e2el": 0.47283737774982837,
  "p99_e2el": 7.228231976563111
}