{
  "hw": "mi300x",
  "tp": 8,
  "conc": 16,
  "model": "deepseek-ai/DeepSeek-R1-0528",
  "framework": "sglang",
  "precision": "fp8",
  "tput_per_gpu": 150.76035058649543,
  "mean_ttft": 0.23378355813911184,
  "median_ttft": 0.16233759559690952,
  "std_ttft": 0.2058973185084992,
  "p99_ttft": 0.871512705879286,
  "mean_tpot": 0.02582505793125922,
  "mean_intvty": 38.72208157913086,
  "median_tpot": 0.026021563792193888,
  "median_intvty": 38.42966579510438,
  "std_tpot": 0.000621690082934715,
  "std_intvty": 1608.5185005355988,
  "p99_tpot": 0.026524024371492864,
  "p99_intvty": 37.701669474967254,
  "mean_itl": 0.02583457429989582,
  "median_itl": 0.024171171709895134,
  "std_itl": 0.013623813043562435,
  "p99_itl": 0.1361714715976267,
  "mean_e2el": 23.869673947358386,
  "median_e2el": 23.801434305496514,
  "std_e2el": 1.7753867808072121,
  "p99_e2el": 27.024905010564254
}