{
  "hw": "b200-trt",
  "tp": 2,
  "conc": 16,
  "model": "openai/gpt-oss-120b",
  "framework": "trt",
  "precision": "fp4",
  "tput_per_gpu": 2948.5536010777178,
  "mean_ttft": 0.04771705108869355,
  "median_ttft": 0.032558900536969304,
  "std_ttft": 0.04102426497092039,
  "p99_ttft": 0.17542355198878795,
  "mean_tpot": 0.005297698355514134,
  "mean_intvty": 188.76121909794003,
  "median_tpot": 0.005314815231709183,
  "median_intvty": 188.15329534577472,
  "std_tpot": 0.0001513640976600534,
  "std_intvty": 6606.586472347535,
  "p99_tpot": 0.005512556128690798,
  "p99_intvty": 181.40404862190394,
  "mean_itl": 0.10478975616659535,
  "median_itl": 0.10304077784530818,
  "std_itl": 0.012349297293670073,
  "p99_itl": 0.13444338292349106,
  "mean_e2el": 4.896207916390267,
  "median_e2el": 4.901527139474638,
  "std_e2el": 0.37320196332677125,
  "p99_e2el": 5.571733144987374
}