{
  "hw": "h100",
  "tp": 8,
  "conc": 32,
  "model": "nvidia/Llama-3.3-70B-Instruct-FP8",
  "framework": "vllm",
  "precision": "fp8",
  "tput_per_gpu": 665.5645902720933,
  "mean_ttft": 0.11541625546233263,
  "median_ttft": 0.053502092603594065,
  "std_ttft": 0.1865774181801854,
  "p99_ttft": 0.9370686461776497,
  "mean_tpot": 0.011547718161345744,
  "mean_intvty": 86.59719487676364,
  "median_tpot": 0.01162270105345473,
  "median_intvty": 86.03852025452898,
  "std_tpot": 0.0003117998980008511,
  "std_intvty": 3207.1851415335304,
  "p99_tpot": 0.011920411633488,
  "p99_intvty": 83.88972048504608,
  "mean_itl": 0.01155157039167236,
  "median_itl": 0.010528362356126308,
  "std_itl": 0.006418159357080696,
  "p99_itl": 0.04335828851908448,
  "mean_e2el": 10.773941833619029,
  "median_e2el": 10.751582185737789,
  "std_e2el": 0.7986649776257455,
  "p99_e2el": 12.511349879130721
}