{
  "hw": "h100",
  "tp": 8,
  "conc": 4,
  "model": "openai/gpt-oss-120b",
  "framework": "vllm",
  "precision": "fp4",
  "tput_per_gpu": 202.74093833004392,
  "mean_ttft": 0.033963960595428944,
  "median_ttft": 0.02953964751213789,
  "std_ttft": 0.012096382262579348,
  "p99_ttft": 0.07133148762397468,
  "mean_tpot": 0.004772988385031013,
  "mean_intvty": 209.5123472615579,
  "median_tpot": 0.00478641263807583,
  "median_intvty": 208.92473666917414,
  "std_tpot": 7.263629363505186e-05,
  "std_intvty": 13767.222279048572,
  "p99_tpot": 0.004855958172866586,
  "p99_intvty": 205.93258104809345,
  "mean_itl": 0.004772641159907573,
  "median_itl": 0.004735724069178104,
  "std_itl": 0.0009301562698085399,
  "p99_itl": 0.005074800662696361,
  "mean_e2el": 4.409163280786015,
  "median_e2el": 4.439569090493023,
  "std_e2el": 0.3039299073799544,
  "p99_e2el": 4.947934647444636
}