{
  "hw": "h200-trt",
  "tp": 4,
  "conc": 4,
  "model": "openai/gpt-oss-120b",
  "framework": "trt",
  "precision": "fp4",
  "tput_per_gpu": 389.7115396351341,
  "mean_ttft": 0.08181518048513681,
  "median_ttft": 0.06837273435667157,
  "std_ttft": 0.03348635452451408,
  "p99_ttft": 0.18207691835239528,
  "mean_tpot": 0.004932849990020248,
  "mean_intvty": 202.72256444512217,
  "median_tpot": 0.004952979385678681,
  "median_intvty": 201.89867999278482,
  "std_tpot": 0.00012613305579655477,
  "std_intvty": 7928.135837864273,
  "p99_tpot": 0.005073217283464633,
  "p99_intvty": 197.11357588789764,
  "mean_itl": 0.09742040051509439,
  "median_itl": 0.09629393927752972,
  "std_itl": 0.015465935194862305,
  "p99_itl": 0.15591845344752076,
  "mean_e2el": 4.6045571099966764,
  "median_e2el": 4.639760403428227,
  "std_e2el": 0.3416338441513411,
  "p99_e2el": 5.214910812620073
}