{
  "hw": "h200-trt",
  "tp": 1,
  "conc": 32,
  "model": "openai/gpt-oss-120b",
  "framework": "trt",
  "precision": "fp4",
  "tput_per_gpu": 4047.8986377663487,
  "mean_ttft": 0.3229701450996799,
  "median_ttft": 0.07758156803902239,
  "std_ttft": 0.7056460766411798,
  "p99_ttft": 2.5936607086414005,
  "mean_tpot": 0.01513400036793805,
  "mean_intvty": 66.07638269380102,
  "median_tpot": 0.01533791530988694,
  "median_intvty": 65.1979085681476,
  "std_tpot": 0.0006275801390841202,
  "std_intvty": 1593.4219993949825,
  "p99_tpot": 0.01583720468038846,
  "p99_intvty": 63.14245601929491,
  "mean_itl": 0.29934979463612077,
  "median_itl": 0.28436716995202005,
  "std_itl": 0.051275252445875726,
  "p99_itl": 0.4567459848476579,
  "mean_e2el": 14.290444290831875,
  "median_e2el": 14.270057252491824,
  "std_e2el": 1.2494015199317545,
  "p99_e2el": 17.810431043521966
}