{
  "hw": "b200",
  "tp": 4,
  "conc": 64,
  "model": "openai/gpt-oss-120b",
  "framework": "vllm",
  "precision": "fp4",
  "tput_per_gpu": 5460.497992489402,
  "mean_ttft": 0.060911365116771775,
  "median_ttft": 0.03390350891277194,
  "std_ttft": 0.0805932740849744,
  "p99_ttft": 0.42352061989018697,
  "mean_tpot": 0.005616555496770194,
  "mean_intvty": 178.0450670477753,
  "median_tpot": 0.005655172196067848,
  "median_intvty": 176.82927510064496,
  "std_tpot": 0.00016777854779023547,
  "std_intvty": 5960.23754628182,
  "p99_tpot": 0.005829049456553389,
  "p99_intvty": 171.5545574717566,
  "mean_itl": 0.005618679715719382,
  "median_itl": 0.005185456946492195,
  "std_itl": 0.0020826920617814867,
  "p99_itl": 0.013127940660342593,
  "mean_e2el": 5.234670548504073,
  "median_e2el": 5.243768158485182,
  "std_e2el": 0.3858203309916108,
  "p99_e2el": 5.980195151399821
}