{
  "hw": "h200-trt",
  "tp": 8,
  "conc": 16,
  "model": "deepseek-ai/DeepSeek-R1-0528",
  "framework": "trt",
  "precision": "fp8",
  "tput_per_gpu": 190.01687362588814,
  "mean_ttft": 0.37094113820421626,
  "median_ttft": 0.12353928800439462,
  "std_ttft": 0.7144325204317479,
  "p99_ttft": 3.043960867163259,
  "mean_tpot": 0.020342838591582618,
  "mean_intvty": 49.15734819887801,
  "median_tpot": 0.020393091573994354,
  "median_intvty": 49.036213875252656,
  "std_tpot": 0.000672647736453195,
  "std_intvty": 1486.6622539650562,
  "p99_tpot": 0.02150860809693838,
  "p99_intvty": 46.493013192348045,
  "mean_itl": 0.20230325954817616,
  "median_itl": 0.19292428297922015,
  "std_itl": 0.04259106508221512,
  "p99_itl": 0.33635650503449144,
  "mean_e2el": 18.989162751501862,
  "median_e2el": 18.962284165027086,
  "std_e2el": 1.6840139729784616,
  "p99_e2el": 23.587832829451653
}