{
  "hw": "h100",
  "tp": 4,
  "conc": 16,
  "model": "openai/gpt-oss-120b",
  "framework": "vllm",
  "precision": "fp4",
  "tput_per_gpu": 1062.247947084234,
  "mean_ttft": 0.058626375521998855,
  "median_ttft": 0.041252573020756245,
  "std_ttft": 0.050299814259193325,
  "p99_ttft": 0.2677673183754086,
  "mean_tpot": 0.007350923724779609,
  "mean_intvty": 136.03732502747215,
  "median_tpot": 0.007387517141377711,
  "median_intvty": 135.3634760992931,
  "std_tpot": 0.00017893561873533656,
  "std_intvty": 5588.602241787862,
  "p99_tpot": 0.007564868825883019,
  "p99_intvty": 132.1899986657434,
  "mean_itl": 0.007353530515140282,
  "median_itl": 0.007058771327137947,
  "std_itl": 0.0027135595151672382,
  "p99_itl": 0.02585206238552927,
  "mean_e2el": 6.786325352574932,
  "median_e2el": 6.801664995029569,
  "std_e2el": 0.5094229684108345,
  "p99_e2el": 7.709855626598
}