{
  "hw": "h100",
  "tp": 2,
  "conc": 16,
  "model": "nvidia/Llama-3.3-70B-Instruct-FP8",
  "framework": "vllm",
  "precision": "fp8",
  "tput_per_gpu": 788.7715192614904,
  "mean_ttft": 0.19360639355145395,
  "median_ttft": 0.11147404182702303,
  "std_ttft": 0.25254358186192066,
  "p99_ttft": 1.2106712913513185,
  "mean_tpot": 0.01971066775132347,
  "mean_intvty": 50.733948368281695,
  "median_tpot": 0.019825773680901854,
  "median_intvty": 50.43939349329398,
  "std_tpot": 0.0003622693404846249,
  "std_intvty": 2760.377123447026,
  "p99_tpot": 0.020212305232243665,
  "p99_intvty": 49.474811928168926,
  "mean_itl": 0.019716319092200892,
  "median_itl": 0.01861964352428913,
  "std_itl": 0.00972773506192316,
  "p99_itl": 0.08937162179499863,
  "mean_e2el": 18.23194337930181,
  "median_e2el": 18.28461409593001,
  "std_e2el": 1.3218712022752799,
  "p99_e2el": 20.680688901934772
}