{
  "hw": "b200",
  "tp": 1,
  "conc": 8,
  "model": "openai/gpt-oss-120b",
  "framework": "vllm",
  "precision": "fp4",
  "tput_per_gpu": 3014.7809066947084,
  "mean_ttft": 0.05855917415465228,
  "median_ttft": 0.049442794057540596,
  "std_ttft": 0.029676589646591,
  "p99_ttft": 0.16176215697079896,
  "mean_tpot": 0.005124255836000708,
  "mean_intvty": 195.15028757433447,
  "median_tpot": 0.00509967763611026,
  "median_intvty": 196.09082600027682,
  "std_tpot": 0.0001219214422761326,
  "std_intvty": 8202.002710361312,
  "p99_tpot": 0.005357597830301703,
  "p99_intvty": 186.65081472598828,
  "mean_itl": 0.005125056580783424,
  "median_itl": 0.004974758019670844,
  "std_itl": 0.001800118358287093,
  "p99_itl": 0.006668134720530361,
  "mean_e2el": 4.814995476909099,
  "median_e2el": 4.83767111657653,
  "std_e2el": 0.330147344589787,
  "p99_e2el": 5.352766469556372
}