{
  "hw": "h200",
  "tp": 8,
  "conc": 32,
  "model": "deepseek-ai/DeepSeek-R1-0528",
  "framework": "sglang",
  "precision": "fp8",
  "tput_per_gpu": 295.1778507657347,
  "mean_ttft": 0.2845536703331163,
  "median_ttft": 0.16112783504649997,
  "std_ttft": 0.3179565131001273,
  "p99_ttft": 1.2921218497212978,
  "mean_tpot": 0.02622851724949287,
  "mean_intvty": 38.126440411698646,
  "median_tpot": 0.026747131562374963,
  "median_intvty": 37.38718664721021,
  "std_tpot": 0.001498253593491091,
  "std_intvty": 667.4437520753033,
  "p99_tpot": 0.027869252713286115,
  "p99_intvty": 35.88183760389347,
  "mean_itl": 0.2610875325942382,
  "median_itl": 0.23232342675328255,
  "std_itl": 0.07681433750066317,
  "p99_itl": 0.5672911891900003,
  "mean_e2el": 24.502053929341493,
  "median_e2el": 24.690415578894317,
  "std_e2el": 2.17174028698808,
  "p99_e2el": 28.345627568913624
}