{
  "hw": "h200-trt",
  "tp": 1,
  "conc": 16,
  "model": "openai/gpt-oss-120b",
  "framework": "trt",
  "precision": "fp4",
  "tput_per_gpu": 2716.7910374481567,
  "mean_ttft": 0.12304657347267493,
  "median_ttft": 0.07354318862780929,
  "std_ttft": 0.12896594358423363,
  "p99_ttft": 0.5200917099695652,
  "mean_tpot": 0.011498666520740506,
  "mean_intvty": 86.96660592741503,
  "median_tpot": 0.011653495044431353,
  "median_intvty": 85.81116619411549,
  "std_tpot": 0.00048457124028298626,
  "std_intvty": 2063.6800471608817,
  "p99_tpot": 0.012176960081496569,
  "p99_intvty": 82.1223025539473,
  "mean_itl": 0.2274832883364139,
  "median_itl": 0.2205889504402876,
  "std_itl": 0.03782750543866311,
  "p99_itl": 0.3531786867976175,
  "mean_e2el": 10.648413795634406,
  "median_e2el": 10.648936234880239,
  "std_e2el": 0.8664988961731894,
  "p99_e2el": 12.176024514809251
}