{
  "hw": "b200",
  "tp": 4,
  "conc": 16,
  "model": "openai/gpt-oss-120b",
  "framework": "vllm",
  "precision": "fp4",
  "tput_per_gpu": 1907.0971488693388,
  "mean_ttft": 0.03520337158406619,
  "median_ttft": 0.027220011921599507,
  "std_ttft": 0.023374755310884197,
  "p99_ttft": 0.13004050380084664,
  "mean_tpot": 0.004087967550581528,
  "mean_intvty": 244.62033703221212,
  "median_tpot": 0.004111989967085654,
  "median_intvty": 243.19125484363562,
  "std_tpot": 8.037804185877852e-05,
  "std_intvty": 12441.208778847411,
  "p99_tpot": 0.00418094386639922,
  "p99_intvty": 239.18044153537898,
  "mean_itl": 0.004089537372445449,
  "median_itl": 0.003989278804510832,
  "std_itl": 0.0010235917760905203,
  "p99_itl": 0.011442577796988188,
  "mean_e2el": 3.776286481389252,
  "median_e2el": 3.7700451320270076,
  "std_e2el": 0.2740982560232211,
  "p99_e2el": 4.257805308341049
}