{
  "hw": "h200-trt",
  "tp": 4,
  "conc": 64,
  "model": "openai/gpt-oss-120b",
  "framework": "trt",
  "precision": "fp4",
  "tput_per_gpu": 2730.8926151377177,
  "mean_ttft": 0.16391870819206816,
  "median_ttft": 0.07180358609184623,
  "std_ttft": 0.2229073072670354,
  "p99_ttft": 0.9170070264488459,
  "mean_tpot": 0.011256252068415719,
  "mean_intvty": 88.83951726755767,
  "median_tpot": 0.011424608925278646,
  "median_intvty": 87.53034843821668,
  "std_tpot": 0.0008507979588714949,
  "std_intvty": 1175.3671827403157,
  "p99_tpot": 0.01267978746422185,
  "p99_intvty": 78.86567521905774,
  "mean_itl": 0.22292112868377992,
  "median_itl": 0.17567125335335732,
  "std_itl": 0.09535339607139266,
  "p99_itl": 0.5392844809032978,
  "mean_e2el": 10.54194205764652,
  "median_e2el": 10.584383352659643,
  "std_e2el": 1.112706702227461,
  "p99_e2el": 12.702500591119751
}