{
  "hw": "mi300x",
  "tp": 8,
  "conc": 4,
  "model": "deepseek-ai/DeepSeek-R1-0528",
  "framework": "sglang",
  "precision": "fp8",
  "tput_per_gpu": 41.24185846265659,
  "mean_ttft": 0.2286731653381139,
  "median_ttft": 0.14313584845513105,
  "std_ttft": 0.25729391703036125,
  "p99_ttft": 1.0012134495191276,
  "mean_tpot": 0.02334480228712698,
  "mean_intvty": 42.83608778093742,
  "median_tpot": 0.02337612664983805,
  "median_intvty": 42.77868677644797,
  "std_tpot": 0.00013170403938646502,
  "std_intvty": 7592.7815476156775,
  "p99_tpot": 0.023508692484255682,
  "p99_intvty": 42.5374571839639,
  "mean_itl": 0.02334620709078136,
  "median_itl": 0.02306449878960848,
  "std_itl": 0.005016731253451606,
  "p99_itl": 0.02347863554954529,
  "mean_e2el": 21.630724675720558,
  "median_e2el": 21.746890138369054,
  "std_e2el": 1.5047775961048377,
  "p99_e2el": 24.493204119605945
}