{
  "hw": "b200-trt",
  "tp": 1,
  "conc": 4,
  "model": "openai/gpt-oss-120b",
  "framework": "trt",
  "precision": "fp4",
  "tput_per_gpu": 1825.2426803152648,
  "mean_ttft": 0.03951312297558616,
  "median_ttft": 0.035160277500835946,
  "std_ttft": 0.012894389046212158,
  "p99_ttft": 0.08214335310171009,
  "mean_tpot": 0.004248517879877647,
  "mean_intvty": 235.37620136573346,
  "median_tpot": 0.004283125096671127,
  "median_intvty": 233.4743855081904,
  "std_tpot": 0.00011879974476916817,
  "std_intvty": 8417.52650178696,
  "p99_tpot": 0.004396897758822466,
  "p99_intvty": 227.43308006047658,
  "mean_itl": 0.08388826688099915,
  "median_itl": 0.08482599400304025,
  "std_itl": 0.009204317880481518,
  "p99_itl": 0.10348547775967745,
  "mean_e2el": 3.9340257032252337,
  "median_e2el": 3.9496321085025556,
  "std_e2el": 0.2861544442142101,
  "p99_e2el": 4.431435395673398
}