{
  "hw": "h200-trt",
  "tp": 2,
  "conc": 32,
  "model": "openai/gpt-oss-120b",
  "framework": "trt",
  "precision": "fp4",
  "tput_per_gpu": 2702.819701433198,
  "mean_ttft": 0.15437593896640464,
  "median_ttft": 0.0807331744581461,
  "std_ttft": 0.1842421482010685,
  "p99_ttft": 0.7706376149039715,
  "mean_tpot": 0.01140595837576135,
  "mean_intvty": 87.67347442939005,
  "median_tpot": 0.011565360932094843,
  "median_intvty": 86.4650922588085,
  "std_tpot": 0.0005980096682718547,
  "std_intvty": 1672.2137668607072,
  "p99_tpot": 0.012167988374819805,
  "p99_intvty": 82.18285300710677,
  "mean_itl": 0.2256788401383245,
  "median_itl": 0.2000242080539465,
  "std_itl": 0.057416611231282735,
  "p99_itl": 0.4184935143217445,
  "mean_e2el": 10.684409390154178,
  "median_e2el": 10.708196020685136,
  "std_e2el": 0.8958192192322947,
  "p99_e2el": 12.434669946869835
}