{
  "hw": "mi325x",
  "tp": 8,
  "conc": 4,
  "model": "amd/Llama-3.3-70B-Instruct-FP8-KV",
  "framework": "vllm",
  "precision": "fp8",
  "tput_per_gpu": 458.20719205138624,
  "mean_ttft": 0.4775169482687488,
  "median_ttft": 0.4171806275844574,
  "std_ttft": 0.21287880667819056,
  "p99_ttft": 1.2139162122225389,
  "mean_tpot": 0.009079675244158276,
  "mean_intvty": 110.13609772479305,
  "median_tpot": 0.009160916592853958,
  "median_intvty": 109.15938267356975,
  "std_tpot": 0.00038534428068722214,
  "std_intvty": 2595.081982835199,
  "p99_tpot": 0.009786640539465558,
  "p99_intvty": 102.18010929975459,
  "mean_itl": 0.009083220420710364,
  "median_itl": 0.007978036068379879,
  "std_itl": 0.020203282324346306,
  "p99_itl": 0.009008557554334393,
  "mean_e2el": 8.82476901813643,
  "median_e2el": 8.716322822961956,
  "std_e2el": 0.6677074762337258,
  "p99_e2el": 10.247333182157018
}