{
  "hw": "mi300x",
  "tp": 4,
  "conc": 4,
  "model": "amd/Llama-3.3-70B-Instruct-FP8-KV",
  "framework": "vllm",
  "precision": "fp8",
  "tput_per_gpu": 108.10142070314316,
  "mean_ttft": 0.147124290431384,
  "median_ttft": 0.11739703500643373,
  "std_ttft": 0.10574653711415447,
  "p99_ttft": 0.5187816364923492,
  "mean_tpot": 0.010244650323963513,
  "mean_intvty": 97.61192118591646,
  "median_tpot": 0.010250206673739569,
  "median_intvty": 97.55900849901316,
  "std_tpot": 2.6963520996895344e-05,
  "std_intvty": 37087.144520745,
  "p99_tpot": 0.010290493037216505,
  "p99_intvty": 97.17707367211746,
  "mean_itl": 0.010245047624232983,
  "median_itl": 0.01022285409271717,
  "std_itl": 0.001664859932258661,
  "p99_itl": 0.010516901197843258,
  "mean_e2el": 74.53692709940951,
  "median_e2el": 74.01686927094124,
  "std_e2el": 4.702852032548229,
  "p99_e2el": 83.23954939411021
}