{
  "hw": "mi300x",
  "tp": 2,
  "conc": 64,
  "model": "amd/Llama-3.3-70B-Instruct-FP8-KV",
  "framework": "vllm",
  "precision": "fp8",
  "tput_per_gpu": 3040.6401243389023,
  "mean_ttft": 4.267054263254249,
  "median_ttft": 1.0124655095860362,
  "std_ttft": 9.541827843915861,
  "p99_ttft": 47.43804433413315,
  "mean_tpot": 0.08916309636891842,
  "mean_intvty": 11.215402343840006,
  "median_tpot": 0.09294384782803408,
  "median_intvty": 10.75918442552769,
  "std_tpot": 0.014134187881980021,
  "std_intvty": 70.75043917273247,
  "p99_tpot": 0.1131983739625615,
  "p99_intvty": 8.834049156313267,
  "mean_itl": 0.08939953634681486,
  "median_itl": 0.03791820118203759,
  "std_itl": 0.25820846565601274,
  "p99_itl": 0.9334209386259318,
  "mean_e2el": 86.58265501356728,
  "median_e2el": 87.35871544294059,
  "std_e2el": 15.958883608148028,
  "p99_e2el": 130.18749585008248
}