{
  "hw": "b200",
  "tp": 2,
  "conc": 64,
  "model": "nvidia/Llama-3.3-70B-Instruct-FP8",
  "framework": "vllm",
  "precision": "fp8",
  "tput_per_gpu": 3856.2918835442083,
  "mean_ttft": 0.27052079824061365,
  "median_ttft": 0.10017788410186768,
  "std_ttft": 0.5177356192146253,
  "p99_ttft": 2.7153519762447105,
  "mean_tpot": 0.015772568832006263,
  "mean_intvty": 63.4012132488377,
  "median_tpot": 0.015394423463382299,
  "median_intvty": 64.95858726886617,
  "std_tpot": 0.0015183101990740237,
  "std_intvty": 658.6269397451673,
  "p99_tpot": 0.018506267481593522,
  "p99_intvty": 54.03574767276047,
  "mean_itl": 0.015789210453973815,
  "median_itl": 0.01207251800224185,
  "std_itl": 0.03393304977477726,
  "p99_itl": 0.07424349379725756,
  "mean_e2el": 14.809447694901973,
  "median_e2el": 14.788765875506215,
  "std_e2el": 1.7610839063196768,
  "p99_e2el": 18.40690766621148
}