{
  "hw": "mi300x",
  "tp": 8,
  "conc": 4,
  "model": "amd/Llama-3.3-70B-Instruct-FP8-KV",
  "framework": "vllm",
  "precision": "fp8",
  "tput_per_gpu": 66.21186464366882,
  "mean_ttft": 0.1451395474607125,
  "median_ttft": 0.11486273258924484,
  "std_ttft": 0.09259182241092187,
  "p99_ttft": 0.46850248660892246,
  "mean_tpot": 0.008361586914100052,
  "mean_intvty": 119.59452317761729,
  "median_tpot": 0.008372146011272287,
  "median_intvty": 119.44368847050642,
  "std_tpot": 3.393867224280713e-05,
  "std_intvty": 29464.912264266237,
  "p99_tpot": 0.008396528945462145,
  "p99_intvty": 119.09683233337084,
  "mean_itl": 0.008361813917568572,
  "median_itl": 0.008338798768818378,
  "std_itl": 0.0016105711658536232,
  "p99_itl": 0.008837864217348399,
  "mean_e2el": 60.860688266309445,
  "median_e2el": 60.27942181658,
  "std_e2el": 3.837575446876427,
  "p99_e2el": 67.99587571321055
}