{
  "hw": "h200",
  "tp": 2,
  "conc": 4,
  "model": "nvidia/Llama-3.3-70B-Instruct-FP8",
  "framework": "vllm",
  "precision": "fp8",
  "tput_per_gpu": 276.43315895532095,
  "mean_ttft": 0.12471454550977797,
  "median_ttft": 0.109984643291682,
  "std_ttft": 0.06025503330468527,
  "p99_ttft": 0.3359733914025128,
  "mean_tpot": 0.01393833675982432,
  "mean_intvty": 71.74457162510141,
  "median_tpot": 0.01395591268297776,
  "median_intvty": 71.6542172995762,
  "std_tpot": 8.081513582202917e-05,
  "std_intvty": 12373.919685072322,
  "p99_tpot": 0.014039075674125717,
  "p99_intvty": 71.22976064891644,
  "mean_itl": 0.013938731292166719,
  "median_itl": 0.013730369508266449,
  "std_itl": 0.0038294896280463395,
  "p99_itl": 0.014106387570500374,
  "mean_e2el": 12.902697836118751,
  "median_e2el": 13.00869919732213,
  "std_e2el": 0.8877734211627486,
  "p99_e2el": 14.378932314291596
}