{
  "hw": "h100",
  "tp": 4,
  "conc": 64,
  "model": "nvidia/Llama-3.3-70B-Instruct-FP8",
  "framework": "vllm",
  "precision": "fp8",
  "tput_per_gpu": 751.2482921499784,
  "mean_ttft": 0.2581939242576482,
  "median_ttft": 0.0968508506193757,
  "std_ttft": 0.5449852007239626,
  "p99_ttft": 2.8576068156864496,
  "mean_tpot": 0.023234846878479286,
  "mean_intvty": 43.038803105960035,
  "median_tpot": 0.02344381942292847,
  "median_intvty": 42.65516560931971,
  "std_tpot": 0.0006522636031373438,
  "std_intvty": 1533.122490953148,
  "p99_tpot": 0.02392132560769004,
  "p99_intvty": 41.80370337330001,
  "mean_itl": 0.02323618536310513,
  "median_itl": 0.022914126981049776,
  "std_itl": 0.005694376676430393,
  "p99_itl": 0.02814891408197582,
  "mean_e2el": 171.86127119821612,
  "median_e2el": 171.24013579264283,
  "std_e2el": 12.041652027948135,
  "p99_e2el": 194.01860641025007
}