{
  "hw": "mi355x",
  "tp": 2,
  "conc": 8,
  "model": "amd/Llama-3.3-70B-Instruct-FP8-KV",
  "framework": "vllm",
  "precision": "fp8",
  "tput_per_gpu": 601.1860062441361,
  "mean_ttft": 0.14643184087472036,
  "median_ttft": 0.09767188248224556,
  "std_ttft": 0.1524101458401253,
  "p99_ttft": 0.6381029194872826,
  "mean_tpot": 0.01279529971144328,
  "mean_intvty": 78.15369882314404,
  "median_tpot": 0.012823137545444754,
  "median_intvty": 77.98403444211955,
  "std_tpot": 0.00012518205748123125,
  "std_intvty": 7988.365266723081,
  "p99_tpot": 0.0130313022180857,
  "p99_intvty": 76.7383016113412,
  "mean_itl": 0.012850338855114135,
  "median_itl": 0.012389383045956492,
  "std_itl": 0.005700508777803468,
  "p99_itl": 0.024384764791466295,
  "mean_e2el": 12.023678569257026,
  "median_e2el": 12.111178151564673,
  "std_e2el": 0.8022708521050335,
  "p99_e2el": 13.3069528266415
}