{
  "hw": "h100",
  "tp": 4,
  "conc": 32,
  "model": "nvidia/Llama-3.3-70B-Instruct-FP8",
  "framework": "vllm",
  "precision": "fp8",
  "tput_per_gpu": 477.13081700079516,
  "mean_ttft": 0.17040284432878253,
  "median_ttft": 0.08640619739890099,
  "std_ttft": 0.27981427950647914,
  "p99_ttft": 1.4491366503108294,
  "mean_tpot": 0.018369605983997343,
  "mean_intvty": 54.43774901166354,
  "median_tpot": 0.018533681130316226,
  "median_intvty": 53.95582199610973,
  "std_tpot": 0.00043312262204843737,
  "std_intvty": 2308.814984704648,
  "p99_tpot": 0.018745957509229673,
  "p99_intvty": 53.34483445338253,
  "mean_itl": 0.018372637716694,
  "median_itl": 0.01824227999895811,
  "std_itl": 0.003698201530214958,
  "p99_itl": 0.02059045396745205,
  "mean_e2el": 136.4029946623021,
  "median_e2el": 137.31779411621392,
  "std_e2el": 9.265588327975696,
  "p99_e2el": 151.56325852832757
}