{
  "hw": "mi300x",
  "tp": 2,
  "conc": 8,
  "model": "amd/Llama-3.3-70B-Instruct-FP8-KV",
  "framework": "vllm",
  "precision": "fp8",
  "tput_per_gpu": 264.7716188166863,
  "mean_ttft": 0.2267545282433275,
  "median_ttft": 0.1572397395502776,
  "std_ttft": 0.22489873197112942,
  "p99_ttft": 0.9994987494545058,
  "mean_tpot": 0.016525462341542806,
  "mean_intvty": 60.51267912100308,
  "median_tpot": 0.016541304120400422,
  "median_intvty": 60.454725499345486,
  "std_tpot": 9.367567455041279e-05,
  "std_intvty": 10675.129960893284,
  "p99_tpot": 0.016624397619402285,
  "p99_intvty": 60.15255547262073,
  "mean_itl": 0.01652694711037207,
  "median_itl": 0.016468508169054985,
  "std_itl": 0.00330101395267355,
  "p99_itl": 0.01690670494455844,
  "mean_e2el": 121.8155042018625,
  "median_e2el": 122.21489205397666,
  "std_e2el": 7.696849906933196,
  "p99_e2el": 135.94275980699342
}