{
  "hw": "mi300x",
  "tp": 8,
  "conc": 8,
  "model": "deepseek-ai/DeepSeek-R1-0528",
  "framework": "sglang",
  "precision": "fp8",
  "tput_per_gpu": 300.2218703338409,
  "mean_ttft": 0.9490158517786768,
  "median_ttft": 0.5541564645245671,
  "std_ttft": 1.1685571511858936,
  "p99_ttft": 4.70775287726894,
  "mean_tpot": 0.028101615321526153,
  "mean_intvty": 35.58514300898528,
  "median_tpot": 0.02822931698829169,
  "median_intvty": 35.424165608213514,
  "std_tpot": 0.0011051568864777375,
  "std_intvty": 904.8489062825419,
  "p99_tpot": 0.03001736136356728,
  "p99_intvty": 33.314054086503475,
  "mean_itl": 0.02813513085260461,
  "median_itl": 0.024899058043956757,
  "std_itl": 0.03246055573964901,
  "p99_itl": 0.20340407328680157,
  "mean_e2el": 26.970142913627207,
  "median_e2el": 26.89268175396137,
  "std_e2el": 2.573251899628599,
  "p99_e2el": 33.75683549730572
}