{
  "hw": "mi300x",
  "tp": 8,
  "conc": 64,
  "model": "deepseek-ai/DeepSeek-R1-0528",
  "framework": "sglang",
  "precision": "fp8",
  "tput_per_gpu": 908.4829725168487,
  "mean_ttft": 2.9583091133732524,
  "median_ttft": 0.60634935204871,
  "std_ttft": 6.963885053040122,
  "p99_ttft": 30.444928762358614,
  "mean_tpot": 0.07494903361549766,
  "mean_intvty": 13.342400185307044,
  "median_tpot": 0.07745463729028773,
  "median_intvty": 12.910782814102635,
  "std_tpot": 0.008615128245725289,
  "std_intvty": 116.07488263406718,
  "p99_tpot": 0.08883537334236402,
  "p99_intvty": 11.256777141534426,
  "mean_itl": 0.07507349320909307,
  "median_itl": 0.0459628258831799,
  "std_itl": 0.16098006479178137,
  "p99_itl": 0.5891281433217228,
  "mean_e2el": 72.08304893458845,
  "median_e2el": 72.45755739370361,
  "std_e2el": 10.760176189614969,
  "p99_e2el": 102.20708209844771
}