{
  "hw": "h100",
  "tp": 4,
  "conc": 16,
  "model": "nvidia/Llama-3.3-70B-Instruct-FP8",
  "framework": "vllm",
  "precision": "fp8",
  "tput_per_gpu": 1608.3374336813329,
  "mean_ttft": 0.7194229696586263,
  "median_ttft": 0.4258183743804693,
  "std_ttft": 0.9930244341133143,
  "p99_ttft": 5.3372933757770795,
  "mean_tpot": 0.021067390436576048,
  "mean_intvty": 47.46672365571461,
  "median_tpot": 0.021258849475717434,
  "median_intvty": 47.03923423241852,
  "std_tpot": 0.0015568601012301644,
  "std_intvty": 642.3184711393418,
  "p99_tpot": 0.023631328509602322,
  "p99_intvty": 42.31670680696861,
  "mean_itl": 0.02109206835626804,
  "median_itl": 0.015354487113654613,
  "std_itl": 0.04582239118504385,
  "p99_itl": 0.37145939809270234,
  "mean_e2el": 20.001000774797284,
  "median_e2el": 19.923752343282104,
  "std_e2el": 2.20866468570566,
  "p99_e2el": 25.17387544170953
}