{
  "hw": "mi300x",
  "tp": 8,
  "conc": 8,
  "model": "amd/Llama-3.3-70B-Instruct-FP8-KV",
  "framework": "vllm",
  "precision": "fp8",
  "tput_per_gpu": 118.41966529098056,
  "mean_ttft": 0.15538804735406303,
  "median_ttft": 0.11310640233568847,
  "std_ttft": 0.1365684961714207,
  "p99_ttft": 0.5971837729308754,
  "mean_tpot": 0.00923469598082596,
  "mean_intvty": 108.28726815439344,
  "median_tpot": 0.009247164591613958,
  "median_intvty": 108.14125671634278,
  "std_tpot": 5.674275301326939e-05,
  "std_intvty": 17623.395885746824,
  "p99_tpot": 0.009296777404011695,
  "p99_intvty": 107.56415438843202,
  "mean_itl": 0.009235184554979075,
  "median_itl": 0.00917637487873435,
  "std_itl": 0.0023372620751098997,
  "p99_itl": 0.00938308787997812,
  "mean_e2el": 68.09864063861315,
  "median_e2el": 68.2850959727075,
  "std_e2el": 4.27176166265121,
  "p99_e2el": 75.82911093583796
}