{
  "hw": "mi300x",
  "tp": 8,
  "conc": 4,
  "model": "deepseek-ai/DeepSeek-R1-0528",
  "framework": "sglang",
  "precision": "fp8",
  "tput_per_gpu": 175.8151543803412,
  "mean_ttft": 0.6970414189185249,
  "median_ttft": 0.5386434480315074,
  "std_ttft": 0.571856961167226,
  "p99_ttft": 2.7031854079815094,
  "mean_tpot": 0.024189317840668485,
  "mean_intvty": 41.34056225094294,
  "median_tpot": 0.024191707066904832,
  "median_intvty": 41.336479366023646,
  "std_tpot": 0.0006233720743492152,
  "std_intvty": 1604.178372994932,
  "p99_tpot": 0.026230373385367704,
  "p99_intvty": 38.123742476263715,
  "mean_itl": 0.024196952505977126,
  "median_itl": 0.022667168988846242,
  "std_itl": 0.020862126543948714,
  "p99_itl": 0.023897478794679045,
  "mean_e2el": 22.937065057648578,
  "median_e2el": 22.613347667036578,
  "std_e2el": 1.817243392059227,
  "p99_e2el": 27.747224094991108
}