{
  "hw": "h200-trt",
  "tp": 8,
  "conc": 4,
  "model": "nvidia/Llama-3.3-70B-Instruct-FP8",
  "framework": "trt",
  "precision": "fp8",
  "tput_per_gpu": 152.74327397583508,
  "mean_ttft": 0.06396576839033515,
  "median_ttft": 0.0541931907646358,
  "std_ttft": 0.02746322544387339,
  "p99_ttft": 0.15759938403964044,
  "mean_tpot": 0.006281897995266532,
  "mean_intvty": 159.1875577657436,
  "median_tpot": 0.006285146952531664,
  "median_intvty": 159.10526954301343,
  "std_tpot": 3.980322805481835e-05,
  "std_intvty": 25123.590444040525,
  "p99_tpot": 0.006384795243123409,
  "p99_intvty": 156.62209388422065,
  "mean_itl": 0.062409277600383846,
  "median_itl": 0.06173937860876322,
  "std_itl": 0.007167373372715504,
  "p99_itl": 0.09752106461673975,
  "mean_e2el": 5.822781684668735,
  "median_e2el": 5.892255595419556,
  "std_e2el": 0.39560110645543867,
  "p99_e2el": 6.466657174378634
}