{
  "hw": "mi300x",
  "tp": 8,
  "conc": 4,
  "model": "deepseek-ai/DeepSeek-R1-0528",
  "framework": "sglang",
  "precision": "fp8",
  "tput_per_gpu": 24.628639527284523,
  "mean_ttft": 0.17867042291909457,
  "median_ttft": 0.14607044542208314,
  "std_ttft": 0.13309170465119274,
  "p99_ttft": 0.7090596896549684,
  "mean_tpot": 0.022493737927118933,
  "mean_intvty": 44.45681741469827,
  "median_tpot": 0.022513613540681952,
  "median_intvty": 44.41756976031442,
  "std_tpot": 9.153967544970264e-05,
  "std_intvty": 10924.224879401714,
  "p99_tpot": 0.02262800906457994,
  "p99_intvty": 44.19301747431768,
  "mean_itl": 0.022494768278125854,
  "median_itl": 0.022492472548037767,
  "std_itl": 0.0031494071006387624,
  "p99_itl": 0.022994175255298614,
  "mean_e2el": 163.51430741922232,
  "median_e2el": 161.57930977782235,
  "std_e2el": 10.339705880288744,
  "p99_e2el": 182.94799771712627
}