{
  "hw": "mi300x",
  "tp": 4,
  "conc": 4,
  "model": "amd/Llama-3.3-70B-Instruct-FP8-KV",
  "framework": "vllm",
  "precision": "fp8",
  "tput_per_gpu": 647.2246492033612,
  "mean_ttft": 0.7494471315992997,
  "median_ttft": 0.6552207595668733,
  "std_ttft": 0.2856092303418977,
  "p99_ttft": 1.785057782437652,
  "mean_tpot": 0.012789082714178395,
  "mean_intvty": 78.19169070596183,
  "median_tpot": 0.012899479935735508,
  "median_intvty": 77.52250516935135,
  "std_tpot": 0.0005340227250854957,
  "std_intvty": 1872.5794859009093,
  "p99_tpot": 0.01354509311882982,
  "p99_intvty": 73.8274732574442,
  "mean_itl": 0.012789019046083558,
  "median_itl": 0.010966232977807522,
  "std_itl": 0.033467245427616824,
  "p99_itl": 0.011366839222609998,
  "mean_e2el": 12.50415394101292,
  "median_e2el": 12.277791559929028,
  "std_e2el": 0.9899304288625403,
  "p99_e2el": 14.698594093546271
}