{
  "hw": "mi300x",
  "tp": 4,
  "conc": 32,
  "model": "amd/Llama-3.3-70B-Instruct-FP8-KV",
  "framework": "vllm",
  "precision": "fp8",
  "tput_per_gpu": 951.441406723798,
  "mean_ttft": 0.29878804028849115,
  "median_ttft": 0.12809758866205812,
  "std_ttft": 0.49935822092637344,
  "p99_ttft": 1.9308012400381267,
  "mean_tpot": 0.0160430427614639,
  "mean_intvty": 62.33231531377854,
  "median_tpot": 0.01623759769321915,
  "median_intvty": 61.585464727802794,
  "std_tpot": 0.0007343638441362674,
  "std_intvty": 1361.7228135409694,
  "p99_tpot": 0.017024141153147532,
  "p99_intvty": 58.740114464753105,
  "mean_itl": 0.016053363414555866,
  "median_itl": 0.013632332906126976,
  "std_itl": 0.01536239098054958,
  "p99_itl": 0.10075830407440663,
  "mean_e2el": 15.111075818995596,
  "median_e2el": 15.08747793128714,
  "std_e2el": 1.2573546980391783,
  "p99_e2el": 17.8758455010131
}