{
  "hw": "h100",
  "tp": 2,
  "conc": 64,
  "model": "nvidia/Llama-3.3-70B-Instruct-FP8",
  "framework": "vllm",
  "precision": "fp8",
  "tput_per_gpu": 2375.4592507237694,
  "mean_ttft": 59.448144117274204,
  "median_ttft": 58.29497825028375,
  "std_ttft": 13.513626621295387,
  "p99_ttft": 80.81028823252767,
  "mean_tpot": 0.052893901114909346,
  "mean_intvty": 18.905771344555397,
  "median_tpot": 0.05319566517383855,
  "median_intvty": 18.79852421681526,
  "std_tpot": 0.005009262827609619,
  "std_intvty": 199.63017202616857,
  "p99_tpot": 0.06613175247504319,
  "p99_intvty": 15.121329203809928,
  "mean_itl": 0.05296628667468908,
  "median_itl": 0.03260257001966238,
  "std_itl": 0.1356605566093895,
  "p99_itl": 0.7359548659063876,
  "mean_e2el": 108.21743176292657,
  "median_e2el": 108.72749324003235,
  "std_e2el": 14.20147292304645,
  "p99_e2el": 135.27719859582376
}