{
  "hw": "mi355x",
  "tp": 8,
  "conc": 64,
  "model": "amd/Llama-3.3-70B-Instruct-FP8-KV",
  "framework": "vllm",
  "precision": "fp8",
  "tput_per_gpu": 1147.613918997115,
  "mean_ttft": 0.22267926528584212,
  "median_ttft": 0.08629945060238242,
  "std_ttft": 0.3921511538010518,
  "p99_ttft": 1.45082412625663,
  "mean_tpot": 0.013271235379689833,
  "mean_intvty": 75.35093541708936,
  "median_tpot": 0.013556454671353227,
  "median_intvty": 73.76559906279526,
  "std_tpot": 0.0007740116817953507,
  "std_intvty": 1291.9701646885492,
  "p99_tpot": 0.014149549134974206,
  "p99_intvty": 70.67362998360463,
  "mean_itl": 0.013303532111457333,
  "median_itl": 0.010768829844892025,
  "std_itl": 0.011098466679226484,
  "p99_itl": 0.05813820578157903,
  "mean_e2el": 12.454341516833665,
  "median_e2el": 12.53559901053086,
  "std_e2el": 1.1088075169829186,
  "p99_e2el": 14.503008990711532
}