{
  "hw": "h100",
  "tp": 8,
  "conc": 64,
  "model": "nvidia/Llama-3.3-70B-Instruct-FP8",
  "framework": "vllm",
  "precision": "fp8",
  "tput_per_gpu": 529.2743078886881,
  "mean_ttft": 0.17615002012607875,
  "median_ttft": 0.07006619730964303,
  "std_ttft": 0.35555434535770514,
  "p99_ttft": 1.8613640399090945,
  "mean_tpot": 0.016474888416821258,
  "mean_intvty": 60.698438417280926,
  "median_tpot": 0.016636314333721557,
  "median_intvty": 60.10946775470665,
  "std_tpot": 0.00044594843769317754,
  "std_intvty": 2242.411712826814,
  "p99_tpot": 0.016898106986759653,
  "p99_intvty": 59.178226341183674,
  "mean_itl": 0.016475818975434105,
  "median_itl": 0.016225628554821014,
  "std_itl": 0.003925677130647796,
  "p99_itl": 0.018891910230740907,
  "mean_e2el": 121.85280183960568,
  "median_e2el": 121.58044359367341,
  "std_e2el": 8.508332732221291,
  "p99_e2el": 137.45895245919937
}