{
  "hw": "mi300x",
  "tp": 4,
  "conc": 8,
  "model": "amd/Llama-3.3-70B-Instruct-FP8-KV",
  "framework": "vllm",
  "precision": "fp8",
  "tput_per_gpu": 1010.681644585661,
  "mean_ttft": 1.0718460008734838,
  "median_ttft": 0.7908430965617299,
  "std_ttft": 0.8069640355628495,
  "p99_ttft": 3.5911544589931146,
  "mean_tpot": 0.016186540785264682,
  "mean_intvty": 61.779722626735904,
  "median_tpot": 0.01651208057169023,
  "median_intvty": 60.561719987878966,
  "std_tpot": 0.0015899063943865188,
  "std_intvty": 628.9678458623093,
  "p99_tpot": 0.01851236297125301,
  "p99_intvty": 54.0179555442411,
  "mean_itl": 0.0162325688030342,
  "median_itl": 0.011449692770838737,
  "std_itl": 0.059404404901759085,
  "p99_itl": 0.012245779819786544,
  "mean_e2el": 16.084739978966535,
  "median_e2el": 15.943105813115835,
  "std_e2el": 2.0043198782805516,
  "p99_e2el": 20.2006531673111
}