{
  "hw": "b200",
  "tp": 1,
  "conc": 4,
  "model": "nvidia/Llama-3.3-70B-Instruct-FP8",
  "framework": "vllm",
  "precision": "fp8",
  "tput_per_gpu": 471.3179037143066,
  "mean_ttft": 0.122292171115987,
  "median_ttft": 0.1047356070484966,
  "std_ttft": 0.053268128447095525,
  "p99_ttft": 0.2821005984232761,
  "mean_tpot": 0.01636318274623126,
  "mean_intvty": 61.11280522307424,
  "median_tpot": 0.01637132012248336,
  "median_intvty": 61.08242905999143,
  "std_tpot": 5.3901432680683563e-05,
  "std_intvty": 18552.382566973323,
  "p99_tpot": 0.01646234179834353,
  "p99_intvty": 60.74469915942468,
  "mean_itl": 0.016363972191165973,
  "median_itl": 0.01617598789744079,
  "std_itl": 0.00307511874006811,
  "p99_itl": 0.017474485812708735,
  "mean_e2el": 15.12355442410335,
  "median_e2el": 15.231113640475087,
  "std_e2el": 1.0348990774733755,
  "p99_e2el": 16.83232471069787
}