{
  "hw": "h200",
  "tp": 4,
  "conc": 8,
  "model": "nvidia/Llama-3.3-70B-Instruct-FP8",
  "framework": "vllm",
  "precision": "fp8",
  "tput_per_gpu": 377.70621877367046,
  "mean_ttft": 0.10701303773821565,
  "median_ttft": 0.07647626497782767,
  "std_ttft": 0.08925456478769776,
  "p99_ttft": 0.3946261384501122,
  "mean_tpot": 0.010196133328702433,
  "mean_intvty": 98.07639501780238,
  "median_tpot": 0.010225729381495213,
  "median_intvty": 97.79253515251733,
  "std_tpot": 0.00010511005603998563,
  "std_intvty": 9513.837568686893,
  "p99_tpot": 0.010353883666449001,
  "p99_intvty": 96.58211664483217,
  "mean_itl": 0.010198283145283638,
  "median_itl": 0.009854967531282455,
  "std_itl": 0.0039975662352785025,
  "p99_itl": 0.011099741118960092,
  "mean_e2el": 9.571784490499704,
  "median_e2el": 9.629000742046628,
  "std_e2el": 0.6389920318335558,
  "p99_e2el": 10.58517146541737
}