{
  "hw": "mi300x",
  "tp": 4,
  "conc": 32,
  "model": "amd/Llama-3.3-70B-Instruct-FP8-KV",
  "framework": "vllm",
  "precision": "fp8",
  "tput_per_gpu": 2049.066345649623,
  "mean_ttft": 1.6378698456246639,
  "median_ttft": 0.5787538180011325,
  "std_ttft": 3.044784871096721,
  "p99_ttft": 13.586198364750016,
  "mean_tpot": 0.03246090309590037,
  "mean_intvty": 30.80629017146151,
  "median_tpot": 0.033660795039979,
  "median_intvty": 29.70815153986404,
  "std_tpot": 0.0041482532860394545,
  "std_intvty": 241.06531859214172,
  "p99_tpot": 0.0386186649342436,
  "p99_intvty": 25.894214668029313,
  "mean_itl": 0.032535059263748015,
  "median_itl": 0.017881260020658374,
  "std_itl": 0.0950990160321421,
  "p99_itl": 0.5218364432733505,
  "mean_e2el": 31.71480356288739,
  "median_e2el": 31.69949942897074,
  "std_e2el": 4.8872023598690735,
  "p99_e2el": 44.78039107101969
}