{
  "hw": "h200",
  "tp": 2,
  "conc": 8,
  "model": "nvidia/Llama-3.3-70B-Instruct-FP8",
  "framework": "vllm",
  "precision": "fp8",
  "tput_per_gpu": 536.2596030387739,
  "mean_ttft": 0.15296225987840445,
  "median_ttft": 0.11081657372415066,
  "std_ttft": 0.13639635485346166,
  "p99_ttft": 0.5926419865433127,
  "mean_tpot": 0.014357310770879959,
  "mean_intvty": 69.65092669222135,
  "median_tpot": 0.01440199392558867,
  "median_intvty": 69.43483000803487,
  "std_tpot": 0.0001541495874823147,
  "std_intvty": 6487.205164364958,
  "p99_tpot": 0.014583298112472737,
  "p99_intvty": 68.57159418175264,
  "mean_itl": 0.014360398608292847,
  "median_itl": 0.01388912694528699,
  "std_itl": 0.0058503206549034275,
  "p99_itl": 0.014817823423072697,
  "mean_e2el": 13.480489076103549,
  "median_e2el": 13.556232611648738,
  "std_e2el": 0.9008800479215059,
  "p99_e2el": 14.891019005840644
}