{
  "hw": "mi300x",
  "tp": 4,
  "conc": 32,
  "model": "amd/Llama-3.3-70B-Instruct-FP8-KV",
  "framework": "vllm",
  "precision": "fp8",
  "tput_per_gpu": 567.356563684953,
  "mean_ttft": 0.3009714567626361,
  "median_ttft": 0.13249043561518192,
  "std_ttft": 0.5245631628560958,
  "p99_ttft": 1.9323142737150192,
  "mean_tpot": 0.015401306440436061,
  "mean_intvty": 64.92955671439044,
  "median_tpot": 0.0154530868174737,
  "median_intvty": 64.71199002578838,
  "std_tpot": 0.0002442617958316048,
  "std_intvty": 4093.9680992495632,
  "p99_tpot": 0.015717442771306524,
  "p99_intvty": 63.623581427990416,
  "mean_itl": 0.015403794428104472,
  "median_itl": 0.015150831080973148,
  "std_itl": 0.005392493446298976,
  "p99_itl": 0.01606062678620219,
  "mean_e2el": 114.51967375641689,
  "median_e2el": 114.68546891910955,
  "std_e2el": 7.488552649409133,
  "p99_e2el": 127.23592842352576
}