{
  "hw": "mi300x",
  "tp": 1,
  "conc": 16,
  "model": "amd/Llama-3.3-70B-Instruct-FP8-KV",
  "framework": "vllm",
  "precision": "fp8",
  "tput_per_gpu": 627.5722516631771,
  "mean_ttft": 0.47751498832949435,
  "median_ttft": 0.2837224998511374,
  "std_ttft": 0.6254603220398814,
  "p99_ttft": 2.4945453742612154,
  "mean_tpot": 0.027837758722686602,
  "mean_intvty": 35.92243218866044,
  "median_tpot": 0.027897671822904112,
  "median_intvty": 35.845285095761845,
  "std_tpot": 0.00022517510852373087,
  "std_intvty": 4440.9882004991305,
  "p99_tpot": 0.028140851421967667,
  "p99_intvty": 35.53552751496948,
  "mean_itl": 0.027840763612452482,
  "median_itl": 0.02758896118029952,
  "std_itl": 0.008781161401756334,
  "p99_itl": 0.02959281271323562,
  "mean_e2el": 205.8581317629374,
  "median_e2el": 207.06262254249305,
  "std_e2el": 14.052850714956827,
  "p99_e2el": 228.86758588976227
}