{
  "hw": "h100",
  "tp": 4,
  "conc": 64,
  "model": "nvidia/Llama-3.3-70B-Instruct-FP8",
  "framework": "vllm",
  "precision": "fp8",
  "tput_per_gpu": 2563.3950548063185,
  "mean_ttft": 1.7409601404418935,
  "median_ttft": 0.4623635201714933,
  "std_ttft": 4.227343996942805,
  "p99_ttft": 22.199349389867862,
  "mean_tpot": 0.05361762516886788,
  "mean_intvty": 18.65058358796227,
  "median_tpot": 0.05510840551027244,
  "median_intvty": 18.146052144687722,
  "std_tpot": 0.006324509448066601,
  "std_intvty": 158.11502982349083,
  "p99_tpot": 0.06473131504016444,
  "p99_intvty": 15.448473422477527,
  "mean_itl": 0.05371510928872141,
  "median_itl": 0.02985936962068081,
  "std_itl": 0.09228239807076963,
  "p99_itl": 0.4376354686915874,
  "mean_e2el": 51.19973440237518,
  "median_e2el": 51.554205644875765,
  "std_e2el": 8.20181707600273,
  "p99_e2el": 74.52431848973036
}