{
  "hw": "mi300x",
  "tp": 8,
  "conc": 64,
  "model": "amd/Llama-3.3-70B-Instruct-FP8-KV",
  "framework": "vllm",
  "precision": "fp8",
  "tput_per_gpu": 594.4200321464377,
  "mean_ttft": 0.34822640517231773,
  "median_ttft": 0.1195808039046824,
  "std_ttft": 0.6741941945482565,
  "p99_ttft": 2.3929317299090327,
  "mean_tpot": 0.014647024814861565,
  "mean_intvty": 68.27325089156349,
  "median_tpot": 0.014772124663818503,
  "median_intvty": 67.69506910873214,
  "std_tpot": 0.00035628265235463925,
  "std_intvty": 2806.7602881899866,
  "p99_tpot": 0.0149343604888298,
  "p99_intvty": 66.95968004441522,
  "mean_itl": 0.01476781224348197,
  "median_itl": 0.014093232806771994,
  "std_itl": 0.007743821413446525,
  "p99_itl": 0.03051951052621006,
  "mean_e2el": 108.5390877704136,
  "median_e2el": 108.23275802005082,
  "std_e2el": 7.675250517372554,
  "p99_e2el": 121.81705986638553
}