{
  "hw": "mi325x",
  "tp": 2,
  "conc": 8,
  "model": "amd/Llama-3.3-70B-Instruct-FP8-KV",
  "framework": "vllm",
  "precision": "fp8",
  "tput_per_gpu": 521.2732856747507,
  "mean_ttft": 0.27159528598422183,
  "median_ttft": 0.18253071466460824,
  "std_ttft": 0.28537425062768507,
  "p99_ttft": 1.1926708553778007,
  "mean_tpot": 0.014663128925534608,
  "mean_intvty": 68.19826826037,
  "median_tpot": 0.014742782283093833,
  "median_intvty": 67.8298017835305,
  "std_tpot": 0.00028337783226558964,
  "std_intvty": 3528.8575397908044,
  "p99_tpot": 0.015089260494136768,
  "p99_intvty": 66.27230011626943,
  "mean_itl": 0.014668401990058645,
  "median_itl": 0.01378082693554461,
  "std_itl": 0.010982111757605651,
  "p99_itl": 0.015193948545493198,
  "mean_e2el": 13.884972090407974,
  "median_e2el": 13.970164509722963,
  "std_e2el": 0.978769977947968,
  "p99_e2el": 15.516559651722199
}