{
  "hw": "mi355x",
  "tp": 4,
  "conc": 16,
  "model": "amd/Llama-3.3-70B-Instruct-FP8-KV",
  "framework": "vllm",
  "precision": "fp8",
  "tput_per_gpu": 746.5219148856677,
  "mean_ttft": 0.13256919171544723,
  "median_ttft": 0.07445514691062272,
  "std_ttft": 0.1729746391751996,
  "p99_ttft": 0.6841313375020399,
  "mean_tpot": 0.010378825172492931,
  "mean_intvty": 96.35001875263364,
  "median_tpot": 0.010439546460174622,
  "median_intvty": 95.78960195396007,
  "std_tpot": 0.00018981306682326613,
  "std_intvty": 5268.341198717864,
  "p99_tpot": 0.010625395318258752,
  "p99_intvty": 94.11414540799184,
  "mean_itl": 0.01038178440612241,
  "median_itl": 0.00973361311480403,
  "std_itl": 0.005487384682489154,
  "p99_itl": 0.05147664253599939,
  "mean_e2el": 9.630798682293971,
  "median_e2el": 9.639289962826297,
  "std_e2el": 0.6870332677881541,
  "p99_e2el": 10.981572573110459
}