{
  "hw": "h200",
  "tp": 1,
  "conc": 32,
  "model": "nvidia/Llama-3.3-70B-Instruct-FP8",
  "framework": "vllm",
  "precision": "fp8",
  "tput_per_gpu": 1856.6639096888737,
  "mean_ttft": 0.4734159219398862,
  "median_ttft": 0.19707548012956977,
  "std_ttft": 0.8277809341674929,
  "p99_ttft": 4.101782462280244,
  "mean_tpot": 0.03307869153554949,
  "mean_intvty": 30.230941841375603,
  "median_tpot": 0.03332877396076571,
  "median_intvty": 30.004103996660355,
  "std_tpot": 0.0011471895685775683,
  "std_intvty": 871.6955134450249,
  "p99_tpot": 0.03448335918128448,
  "p99_intvty": 28.999494937336056,
  "mean_itl": 0.033091654684516796,
  "median_itl": 0.029655165039002895,
  "std_itl": 0.02327109914219225,
  "p99_itl": 0.13789208810776474,
  "mean_e2el": 31.006775326663046,
  "median_e2el": 30.972253422252834,
  "std_e2el": 2.470682975004993,
  "p99_e2el": 37.1507525375206
}