{
  "hw": "h200",
  "tp": 8,
  "conc": 16,
  "model": "nvidia/Llama-3.3-70B-Instruct-FP8",
  "framework": "vllm",
  "precision": "fp8",
  "tput_per_gpu": 401.5728662317474,
  "mean_ttft": 0.10372260300209746,
  "median_ttft": 0.07147699873894453,
  "std_ttft": 0.09462149030499276,
  "p99_ttft": 0.4861624785140157,
  "mean_tpot": 0.0096776457787067,
  "mean_intvty": 103.33091568615335,
  "median_tpot": 0.00972428731270229,
  "median_intvty": 102.8352996824514,
  "std_tpot": 0.0001616965269165033,
  "std_intvty": 6184.42473112845,
  "p99_tpot": 0.009865890400808713,
  "p99_intvty": 101.35932585649131,
  "mean_itl": 0.009679711088181121,
  "median_itl": 0.009130626916885376,
  "std_itl": 0.004741065385022563,
  "p99_itl": 0.044513288158923386,
  "mean_e2el": 8.959629619756015,
  "median_e2el": 8.97967566549778,
  "std_e2el": 0.6401366228734667,
  "p99_e2el": 10.105880724946037
}