{
  "hw": "mi325x",
  "tp": 1,
  "conc": 8,
  "model": "amd/Llama-3.3-70B-Instruct-FP8-KV",
  "framework": "vllm",
  "precision": "fp8",
  "tput_per_gpu": 700.1119417515657,
  "mean_ttft": 0.2855871615873184,
  "median_ttft": 0.2036035400815308,
  "std_ttft": 0.25877102617722425,
  "p99_ttft": 1.1169590739859268,
  "mean_tpot": 0.021950905688343705,
  "mean_intvty": 45.556206846217584,
  "median_tpot": 0.02202226209963205,
  "median_intvty": 45.40859587792791,
  "std_tpot": 0.0003030625025776191,
  "std_intvty": 3299.6493841856404,
  "p99_tpot": 0.02245617001503485,
  "p99_intvty": 44.5311911750971,
  "mean_itl": 0.0219567550000462,
  "median_itl": 0.020996797364205122,
  "std_itl": 0.011896811446391565,
  "p99_itl": 0.022416229359805584,
  "mean_e2el": 20.663102199992863,
  "median_e2el": 20.801396203925833,
  "std_e2el": 1.4068862808995581,
  "p99_e2el": 22.9595255932305
}