{
  "hw": "mi300x",
  "tp": 2,
  "conc": 16,
  "model": "amd/Llama-3.3-70B-Instruct-FP8-KV",
  "framework": "vllm",
  "precision": "fp8",
  "tput_per_gpu": 449.2794512191865,
  "mean_ttft": 0.339402927615447,
  "median_ttft": 0.19711247528903186,
  "std_ttft": 0.44449185368308586,
  "p99_ttft": 1.7210805724654348,
  "mean_tpot": 0.01944916839608763,
  "mean_intvty": 51.41608009323209,
  "median_tpot": 0.01950466442518217,
  "median_intvty": 51.269787482675966,
  "std_tpot": 0.00019488566106984129,
  "std_intvty": 5131.2138333339435,
  "p99_tpot": 0.019667271231818398,
  "p99_intvty": 50.84589459376373,
  "mean_itl": 0.019451299508492493,
  "median_itl": 0.01927854400128126,
  "std_itl": 0.005981992373445253,
  "p99_itl": 0.020173844741657378,
  "mean_e2el": 143.83115296230534,
  "median_e2el": 144.53540024836548,
  "std_e2el": 9.822682802772766,
  "p99_e2el": 160.0258718737075
}