{
  "hw": "mi300x",
  "tp": 1,
  "conc": 4,
  "model": "amd/Llama-3.3-70B-Instruct-FP8-KV",
  "framework": "vllm",
  "precision": "fp8",
  "tput_per_gpu": 183.68350836235905,
  "mean_ttft": 0.256031205994077,
  "median_ttft": 0.2059038681909442,
  "std_ttft": 0.1735125837589723,
  "p99_ttft": 0.865112813822925,
  "mean_tpot": 0.02412878330260726,
  "mean_intvty": 41.44427787587383,
  "median_tpot": 0.024142568615282828,
  "median_intvty": 41.420613354578016,
  "std_tpot": 7.153550898075168e-05,
  "std_intvty": 13979.071572260338,
  "p99_tpot": 0.024212324195071945,
  "p99_intvty": 41.301280783425774,
  "mean_itl": 0.02412954090686129,
  "median_itl": 0.024088062811642885,
  "std_itl": 0.00290004127310819,
  "p99_itl": 0.02473372613079846,
  "mean_e2el": 175.461833791947,
  "median_e2el": 173.83631340274587,
  "std_e2el": 11.049292661828707,
  "p99_e2el": 196.03735911344177
}