{
  "hw": "mi300x",
  "tp": 4,
  "conc": 16,
  "model": "amd/Llama-3.3-70B-Instruct-FP8-KV",
  "framework": "vllm",
  "precision": "fp8",
  "tput_per_gpu": 349.67592013996085,
  "mean_ttft": 0.21742095716763288,
  "median_ttft": 0.12723513646051288,
  "std_ttft": 0.28328438254275423,
  "p99_ttft": 1.0975569416210056,
  "mean_tpot": 0.01250143183835457,
  "mean_intvty": 79.990837284093,
  "median_tpot": 0.012535788291030605,
  "median_intvty": 79.7716088357605,
  "std_tpot": 0.0001346191294411244,
  "std_intvty": 7428.364781079271,
  "p99_tpot": 0.012644863613874202,
  "p99_intvty": 79.08349433700333,
  "mean_itl": 0.012502193656236879,
  "median_itl": 0.012487152824178338,
  "std_itl": 0.0034720598053353986,
  "p99_itl": 0.0128200767794624,
  "mean_e2el": 92.44579083948047,
  "median_e2el": 92.85698901955038,
  "std_e2el": 6.257591527336181,
  "p99_e2el": 102.81218357930426
}