{
  "hw": "mi300x",
  "tp": 4,
  "conc": 8,
  "model": "amd/Llama-3.3-70B-Instruct-FP8-KV",
  "framework": "vllm",
  "precision": "fp8",
  "tput_per_gpu": 188.25041675769015,
  "mean_ttft": 0.16729879775084555,
  "median_ttft": 0.11169051378965378,
  "std_ttft": 0.16795718212498295,
  "p99_ttft": 0.7363940157741308,
  "mean_tpot": 0.01162000526084854,
  "mean_intvty": 86.0584808312708,
  "median_tpot": 0.011634714364798321,
  "median_intvty": 85.9496820158794,
  "std_tpot": 6.380516177299144e-05,
  "std_intvty": 15672.713182012454,
  "p99_tpot": 0.011687978847619596,
  "p99_intvty": 85.55799193661808,
  "mean_itl": 0.011620800972246081,
  "median_itl": 0.011569835245609283,
  "std_itl": 0.0023444921926260025,
  "p99_itl": 0.011897063925862313,
  "mean_e2el": 85.66153136718785,
  "median_e2el": 85.9010078846477,
  "std_e2el": 5.390786178947105,
  "p99_e2el": 95.50733470672742
}