{
  "hw": "mi300x",
  "tp": 8,
  "conc": 32,
  "model": "amd/Llama-3.3-70B-Instruct-FP8-KV",
  "framework": "vllm",
  "precision": "fp8",
  "tput_per_gpu": 1512.3152378938246,
  "mean_ttft": 1.084820722436416,
  "median_ttft": 0.38910631742328405,
  "std_ttft": 1.9778224185308528,
  "p99_ttft": 8.759181102793663,
  "mean_tpot": 0.021987970253204127,
  "mean_intvty": 45.47941390153,
  "median_tpot": 0.022757103809280785,
  "median_intvty": 43.94232273054802,
  "std_tpot": 0.0027396580796607236,
  "std_intvty": 365.009052561712,
  "p99_tpot": 0.026492108025269266,
  "p99_intvty": 37.747090531495594,
  "mean_itl": 0.02203926596423083,
  "median_itl": 0.012820671778172255,
  "std_itl": 0.060233799915199865,
  "p99_itl": 0.32989429541863496,
  "mean_e2el": 21.45895108904806,
  "median_e2el": 21.467100128997117,
  "std_e2el": 3.237979777702661,
  "p99_e2el": 30.27445168139413
}