{
  "hw": "mi300x",
  "tp": 8,
  "conc": 32,
  "model": "amd/Llama-3.3-70B-Instruct-FP8-KV",
  "framework": "vllm",
  "precision": "fp8",
  "tput_per_gpu": 380.48617620105455,
  "mean_ttft": 0.24291990629571955,
  "median_ttft": 0.11587898270227015,
  "std_ttft": 0.37933055117923525,
  "p99_ttft": 1.401422121510841,
  "mean_tpot": 0.01148342545115741,
  "mean_intvty": 87.08203003131007,
  "median_tpot": 0.01154301721767072,
  "median_intvty": 86.63246195883188,
  "std_tpot": 0.00017298155300522595,
  "std_intvty": 5780.963245079602,
  "p99_tpot": 0.011662843485601388,
  "p99_intvty": 85.74238359921156,
  "mean_itl": 0.011709669959936475,
  "median_itl": 0.011224497109651566,
  "std_itl": 0.006226185252453343,
  "p99_itl": 0.02373498512431979,
  "mean_e2el": 85.40800799258577,
  "median_e2el": 85.84899385808967,
  "std_e2el": 5.607699503906037,
  "p99_e2el": 94.67044469859451
}