{
  "hw": "mi300x",
  "tp": 2,
  "conc": 16,
  "model": "amd/Llama-3.3-70B-Instruct-FP8-KV",
  "framework": "vllm",
  "precision": "fp8",
  "tput_per_gpu": 1400.2950952893216,
  "mean_ttft": 3.0112956711731385,
  "median_ttft": 2.034003159031272,
  "std_ttft": 3.111710112999744,
  "p99_ttft": 12.951725477566942,
  "mean_tpot": 0.04732388903434496,
  "mean_intvty": 21.13097677315272,
  "median_tpot": 0.04939973198329337,
  "median_intvty": 20.24302480706156,
  "std_tpot": 0.007836720098875831,
  "std_intvty": 127.60440431494406,
  "p99_tpot": 0.0578896854777945,
  "p99_intvty": 17.27423446416172,
  "mean_itl": 0.0475007218418252,
  "median_itl": 0.02097842702642083,
  "std_itl": 0.22763938923331697,
  "p99_itl": 1.7766407511662692,
  "mean_e2el": 46.43467413711478,
  "median_e2el": 47.628377069253474,
  "std_e2el": 7.403227780841921,
  "p99_e2el": 59.24532107348553
}