{
  "hw": "b200",
  "tp": 1,
  "conc": 16,
  "model": "nvidia/Llama-3.3-70B-Instruct-FP8",
  "framework": "vllm",
  "precision": "fp8",
  "tput_per_gpu": 1741.853447681465,
  "mean_ttft": 0.20193834686797346,
  "median_ttft": 0.12507005303632468,
  "std_ttft": 0.228975033208937,
  "p99_ttft": 1.0275206240592525,
  "mean_tpot": 0.0178103774994434,
  "mean_intvty": 56.14704124217758,
  "median_tpot": 0.017759895938445912,
  "median_intvty": 56.306636225004,
  "std_tpot": 0.0005294161746450896,
  "std_intvty": 1888.87315479241,
  "p99_tpot": 0.019293287274207874,
  "p99_intvty": 51.83149899689953,
  "mean_itl": 0.017814929977496678,
  "median_itl": 0.016708172159269452,
  "std_itl": 0.016529752306661084,
  "p99_itl": 0.07307764282450041,
  "mean_e2el": 16.500705888227095,
  "median_e2el": 16.420622279518284,
  "std_e2el": 1.2510256304308953,
  "p99_e2el": 19.097149244579487
}