{
  "hw": "mi300x",
  "tp": 2,
  "conc": 64,
  "model": "amd/Llama-3.3-70B-Instruct-FP8-KV",
  "framework": "vllm",
  "precision": "fp8",
  "tput_per_gpu": 1080.3094121704366,
  "mean_ttft": 0.7682780469289355,
  "median_ttft": 0.23050337797030807,
  "std_ttft": 1.6413022884854618,
  "p99_ttft": 5.828252205863828,
  "mean_tpot": 0.03230078823008403,
  "mean_intvty": 30.958996816945433,
  "median_tpot": 0.03255293877762274,
  "median_intvty": 30.71919272269855,
  "std_tpot": 0.0008554459297906602,
  "std_intvty": 1168.9809550496245,
  "p99_tpot": 0.03322923530843001,
  "p99_intvty": 30.093981721761367,
  "mean_itl": 0.032306092528451534,
  "median_itl": 0.03146918601123616,
  "std_itl": 0.012498720930847489,
  "p99_itl": 0.0356948469998315,
  "mean_e2el": 239.35412193124904,
  "median_e2el": 239.11799883801723,
  "std_e2el": 17.019632114893156,
  "p99_e2el": 270.1298930582649
}