{
  "hw": "mi300x",
  "tp": 2,
  "conc": 8,
  "model": "amd/Llama-3.3-70B-Instruct-FP8-KV",
  "framework": "vllm",
  "precision": "fp8",
  "tput_per_gpu": 471.0609060256071,
  "mean_ttft": 0.24335264198016376,
  "median_ttft": 0.1692639929242432,
  "std_ttft": 0.2308513426711831,
  "p99_ttft": 1.0317798075359315,
  "mean_tpot": 0.016284410087056965,
  "mean_intvty": 61.408426504489185,
  "median_tpot": 0.01637108929334771,
  "median_intvty": 61.08329031021435,
  "std_tpot": 0.0002597066594049834,
  "std_intvty": 3850.498105405191,
  "p99_tpot": 0.016546806819462863,
  "p99_intvty": 60.434621066813285,
  "mean_itl": 0.01628876172925436,
  "median_itl": 0.015587294939905405,
  "std_itl": 0.00912892842823221,
  "p99_itl": 0.01634251675568521,
  "mean_e2el": 15.360544825950637,
  "median_e2el": 15.45373358624056,
  "std_e2el": 1.043596167259123,
  "p99_e2el": 16.96689437600784
}