{
  "hw": "mi300x",
  "tp": 4,
  "conc": 16,
  "model": "openai/gpt-oss-120b",
  "framework": "vllm",
  "precision": "fp4",
  "tput_per_gpu": 618.4640880536351,
  "mean_ttft": 0.24377912686322817,
  "median_ttft": 0.052644827868789434,
  "std_ttft": 0.6298585992869733,
  "p99_ttft": 3.0157770814653486,
  "mean_tpot": 0.00707404382023955,
  "mean_intvty": 141.36186110961023,
  "median_tpot": 0.007087495911930138,
  "median_intvty": 141.093555809568,
  "std_tpot": 0.00024936949326986944,
  "std_intvty": 4010.113614490097,
  "p99_tpot": 0.007492784154929093,
  "p99_intvty": 133.4617385637827,
  "mean_itl": 0.007074768432676031,
  "median_itl": 0.007018203381448984,
  "std_itl": 0.006570834521678538,
  "p99_itl": 0.007686670916154983,
  "mean_e2el": 52.43416884393082,
  "median_e2el": 52.22944492287934,
  "std_e2el": 4.096267789559638,
  "p99_e2el": 60.87430207382888
}