{
  "hw": "mi300x",
  "tp": 1,
  "conc": 64,
  "model": "amd/Llama-3.3-70B-Instruct-FP8-KV",
  "framework": "vllm",
  "precision": "fp8",
  "tput_per_gpu": 3375.5164393637706,
  "mean_ttft": 22.7033071435726,
  "median_ttft": 15.781263125129044,
  "std_ttft": 17.564759727834062,
  "p99_ttft": 75.22514959761872,
  "mean_tpot": 0.14319549408536641,
  "mean_intvty": 6.983459964207023,
  "median_tpot": 0.14753956888527625,
  "median_intvty": 6.777842768251407,
  "std_tpot": 0.023468197327338222,
  "std_intvty": 42.61085698453264,
  "p99_tpot": 0.1859607567210421,
  "p99_intvty": 5.377478655349258,
  "mean_itl": 0.14363535254569082,
  "median_itl": 0.06083390861749649,
  "std_itl": 0.4622207027491935,
  "p99_itl": 1.606740058511496,
  "mean_e2el": 154.95712886630207,
  "median_e2el": 154.113482338842,
  "std_e2el": 30.0616565795246,
  "p99_e2el": 237.2939937066289
}