{
  "hw": "mi300x",
  "tp": 8,
  "conc": 16,
  "model": "amd/Llama-3.3-70B-Instruct-FP8-KV",
  "framework": "vllm",
  "precision": "fp8",
  "tput_per_gpu": 935.8426897845709,
  "mean_ttft": 1.0511483213485917,
  "median_ttft": 0.6317720436491072,
  "std_ttft": 1.2381901827913981,
  "p99_ttft": 4.864646906615235,
  "mean_tpot": 0.017704854686439148,
  "mean_intvty": 56.48168356704671,
  "median_tpot": 0.0183798109751575,
  "median_intvty": 54.40752363294807,
  "std_tpot": 0.00232970158290789,
  "std_intvty": 429.23952463981186,
  "p99_tpot": 0.02054678924993443,
  "p99_intvty": 48.669404637183945,
  "mean_itl": 0.018104240362447607,
  "median_itl": 0.009962126379832625,
  "std_itl": 0.0674249943059497,
  "p99_itl": 0.5343941608117894,
  "mean_e2el": 17.285220467561157,
  "median_e2el": 17.500804635928944,
  "std_e2el": 2.3080346493774475,
  "p99_e2el": 21.56772764546796
}