{
  "hw": "mi300x",
  "tp": 1,
  "conc": 4,
  "model": "amd/Llama-3.3-70B-Instruct-FP8-KV",
  "framework": "vllm",
  "precision": "fp8",
  "tput_per_gpu": 1034.125969366516,
  "mean_ttft": 1.9891873123240658,
  "median_ttft": 1.7962130510713905,
  "std_ttft": 0.7873377684340532,
  "p99_ttft": 5.329277266920545,
  "mean_tpot": 0.03193735592768974,
  "mean_intvty": 31.311295846285084,
  "median_tpot": 0.03231635134678955,
  "median_intvty": 30.944087383780243,
  "std_tpot": 0.0015726832188969117,
  "std_intvty": 635.8559613177569,
  "p99_tpot": 0.034780164775218676,
  "p99_intvty": 28.752020194927685,
  "mean_itl": 0.0319328938223529,
  "median_itl": 0.02685709809884429,
  "std_itl": 0.09391585086178444,
  "p99_itl": 0.02747702056542039,
  "mean_e2el": 31.339508102985565,
  "median_e2el": 30.803748661419377,
  "std_e2el": 2.5321478151025865,
  "p99_e2el": 37.08148010944482
}