{
  "hw": "mi300x",
  "tp": 2,
  "conc": 4,
  "model": "amd/Llama-3.3-70B-Instruct-FP8-KV",
  "framework": "vllm",
  "precision": "fp8",
  "tput_per_gpu": 143.093130323044,
  "mean_ttft": 0.18545590764842929,
  "median_ttft": 0.14632526552304626,
  "std_ttft": 0.14480273509587352,
  "p99_ttft": 0.6933390012616292,
  "mean_tpot": 0.015486708284011644,
  "mean_intvty": 64.57150103565857,
  "median_tpot": 0.015492478470881083,
  "median_intvty": 64.54745132481881,
  "std_tpot": 4.992793232485205e-05,
  "std_intvty": 20028.868680032272,
  "p99_tpot": 0.015558669207267064,
  "p99_intvty": 64.27284921855174,
  "mean_itl": 0.015865676055737563,
  "median_itl": 0.01548517681658268,
  "std_itl": 0.005754309130179825,
  "p99_itl": 0.031235023625195032,
  "mean_e2el": 112.64017764449818,
  "median_e2el": 111.83555417577736,
  "std_e2el": 7.122177212580017,
  "p99_e2el": 125.7758081008913
}