{
  "hw": "mi325x",
  "tp": 4,
  "conc": 8,
  "model": "amd/Llama-3.3-70B-Instruct-FP8-KV",
  "framework": "vllm",
  "precision": "fp8",
  "tput_per_gpu": 161.6772103208514,
  "mean_ttft": 0.18037944052484817,
  "median_ttft": 0.12171751842834055,
  "std_ttft": 0.1856640078743386,
  "p99_ttft": 0.7787050181487575,
  "mean_tpot": 0.013555459202616044,
  "mean_intvty": 73.7710161679371,
  "median_tpot": 0.013574007381737398,
  "median_intvty": 73.67021188933563,
  "std_tpot": 0.00010201729146992728,
  "std_intvty": 9802.259848221716,
  "p99_tpot": 0.013639177020787287,
  "p99_intvty": 73.31820669794911,
  "mean_itl": 0.013555836413372196,
  "median_itl": 0.0134969730861485,
  "std_itl": 0.002103738726824188,
  "p99_itl": 0.01458974039182067,
  "mean_e2el": 99.91066757420776,
  "median_e2el": 99.99939682916738,
  "std_e2el": 6.247169036155578,
  "p99_e2el": 111.1265756834345
}