{
  "hw": "mi300x",
  "tp": 8,
  "conc": 8,
  "model": "amd/Llama-3.3-70B-Instruct-FP8-KV",
  "framework": "vllm",
  "precision": "fp8",
  "tput_per_gpu": 677.6506047377753,
  "mean_ttft": 0.6843130104534794,
  "median_ttft": 0.5021287053823471,
  "std_ttft": 0.5021533855368272,
  "p99_ttft": 2.3711066823313014,
  "mean_tpot": 0.01218330700770475,
  "mean_intvty": 82.07952072188593,
  "median_tpot": 0.012430831926130054,
  "median_intvty": 80.4451388243746,
  "std_tpot": 0.0009603644223546166,
  "std_intvty": 1041.271393153242,
  "p99_tpot": 0.01348518933928934,
  "p99_intvty": 74.15542895541572,
  "mean_itl": 0.012209774858119351,
  "median_itl": 0.009350234642624855,
  "std_itl": 0.037017798815843196,
  "p99_itl": 0.010107370447367427,
  "mean_e2el": 11.976675732212607,
  "median_e2el": 11.988536287797615,
  "std_e2el": 1.3197497031740568,
  "p99_e2el": 14.552785639930516
}