{
  "hw": "h100",
  "tp": 2,
  "conc": 8,
  "model": "nvidia/Llama-3.3-70B-Instruct-FP8",
  "framework": "vllm",
  "precision": "fp8",
  "tput_per_gpu": 426.380200912926,
  "mean_ttft": 0.139713279355783,
  "median_ttft": 0.10881531005725265,
  "std_ttft": 0.10590951318902167,
  "p99_ttft": 0.5737361583299935,
  "mean_tpot": 0.018115459433995732,
  "mean_intvty": 55.20147052541133,
  "median_tpot": 0.01816189785525165,
  "median_intvty": 55.06032508110613,
  "std_tpot": 0.0001648701115178968,
  "std_intvty": 6065.38074605141,
  "p99_tpot": 0.018310069883984485,
  "p99_intvty": 54.61475605151477,
  "mean_itl": 0.018118913018102045,
  "median_itl": 0.017610425129532814,
  "std_itl": 0.006322376549252116,
  "p99_itl": 0.018153953552246093,
  "mean_e2el": 16.95542334825732,
  "median_e2el": 17.064904004801065,
  "std_e2el": 1.1282137313021334,
  "p99_e2el": 18.770654407572
}