{
  "hw": "mi300x",
  "tp": 1,
  "conc": 8,
  "model": "amd/Llama-3.3-70B-Instruct-FP8-KV",
  "framework": "vllm",
  "precision": "fp8",
  "tput_per_gpu": 1493.9063385531197,
  "mean_ttft": 2.9316558340680787,
  "median_ttft": 2.3783007357269526,
  "std_ttft": 1.9135768211406905,
  "p99_ttft": 10.721479053469375,
  "mean_tpot": 0.04381039893954626,
  "mean_intvty": 22.825630996419246,
  "median_tpot": 0.044576013874283726,
  "median_intvty": 22.433589571742942,
  "std_tpot": 0.004622878146722961,
  "std_intvty": 216.3154572241698,
  "p99_tpot": 0.05055529658853242,
  "p99_intvty": 19.78032110342386,
  "mean_itl": 0.04395456896108831,
  "median_itl": 0.02858814038336277,
  "std_itl": 0.1893993955671876,
  "p99_itl": 0.02922895766794681,
  "mean_e2el": 43.583588209492156,
  "median_e2el": 43.53836492449045,
  "std_e2el": 5.839388746144889,
  "p99_e2el": 55.75239392322488
}