{
  "hw": "mi300x",
  "tp": 8,
  "conc": 64,
  "model": "amd/Llama-3.3-70B-Instruct-FP8-KV",
  "framework": "vllm",
  "precision": "fp8",
  "tput_per_gpu": 1836.4461391391537,
  "mean_ttft": 1.635883041674242,
  "median_ttft": 0.6386531229945831,
  "std_ttft": 3.4030977525132644,
  "p99_ttft": 17.056770343437094,
  "mean_tpot": 0.03694931252007422,
  "mean_intvty": 27.06410300480447,
  "median_tpot": 0.038447496491602395,
  "median_intvty": 26.00949583852404,
  "std_tpot": 0.005311820024410065,
  "std_intvty": 188.25939045460427,
  "p99_tpot": 0.0453506736998781,
  "p99_intvty": 22.050389077300256,
  "mean_itl": 0.03703665182171867,
  "median_itl": 0.017275663907639682,
  "std_itl": 0.09747239588795865,
  "p99_itl": 0.3691321705165319,
  "mean_e2el": 35.73778515340564,
  "median_e2el": 36.1756579685607,
  "std_e2el": 6.02757644556091,
  "p99_e2el": 51.430677889371296
}