{
  "hw": "mi300x",
  "tp": 8,
  "conc": 8,
  "model": "openai/gpt-oss-120b",
  "framework": "vllm",
  "precision": "fp4",
  "tput_per_gpu": 206.4259045662848,
  "mean_ttft": 0.30639714081771674,
  "median_ttft": 0.04420232539996505,
  "std_ttft": 0.7745560598206612,
  "p99_ttft": 2.8479109684657304,
  "mean_tpot": 0.005265982242712725,
  "mean_intvty": 189.89809572256718,
  "median_tpot": 0.005261421125214907,
  "median_intvty": 190.06271807584199,
  "std_tpot": 5.405723982549413e-05,
  "std_intvty": 18498.909733981396,
  "p99_tpot": 0.005395721654188537,
  "p99_intvty": 185.33202119937562,
  "mean_itl": 0.005266033017425751,
  "median_itl": 0.0052264658734202385,
  "std_itl": 0.0026070437846386486,
  "p99_itl": 0.005513142794370651,
  "mean_e2el": 39.04860187267186,
  "median_e2el": 39.02271470427513,
  "std_e2el": 2.4467146813002802,
  "p99_e2el": 43.91550073934717
}