{
  "hw": "mi300x",
  "tp": 4,
  "conc": 64,
  "model": "amd/Llama-3.3-70B-Instruct-FP8-KV",
  "framework": "vllm",
  "precision": "fp8",
  "tput_per_gpu": 910.9234615372084,
  "mean_ttft": 0.47394270781078374,
  "median_ttft": 0.1500056372024119,
  "std_ttft": 0.9751958785640285,
  "p99_ttft": 3.459379300577566,
  "mean_tpot": 0.019130201410181208,
  "mean_intvty": 52.27336495619926,
  "median_tpot": 0.019256599350527454,
  "median_intvty": 51.930249043303135,
  "std_tpot": 0.0004398777732135029,
  "std_intvty": 2273.3587848609736,
  "p99_tpot": 0.019568885537985,
  "p99_intvty": 51.10153044019336,
  "mean_itl": 0.019133085245610575,
  "median_itl": 0.01857464574277401,
  "std_itl": 0.006961138031331316,
  "p99_itl": 0.02103019524365665,
  "mean_e2el": 141.7749458365841,
  "median_e2el": 141.08241674257442,
  "std_e2el": 9.899035978887936,
  "p99_e2el": 159.44670249077492
}