{
  "hw": "mi300x",
  "tp": 2,
  "conc": 8,
  "model": "amd/Llama-3.3-70B-Instruct-FP8-KV",
  "framework": "vllm",
  "precision": "fp8",
  "tput_per_gpu": 1202.888768720615,
  "mean_ttft": 1.8113655467983336,
  "median_ttft": 1.4233938914258033,
  "std_ttft": 1.2438472471475366,
  "p99_ttft": 6.781668049874716,
  "mean_tpot": 0.027189482363920027,
  "mean_intvty": 36.7789274770079,
  "median_tpot": 0.027733068417314044,
  "median_intvty": 36.058036743445584,
  "std_tpot": 0.0028275423661495973,
  "std_intvty": 353.6640200237738,
  "p99_tpot": 0.03113274956583411,
  "p99_intvty": 32.120516624635876,
  "mean_itl": 0.02728413456695479,
  "median_itl": 0.018429820891469717,
  "std_itl": 0.1104481413451424,
  "p99_itl": 0.019171282406896348,
  "mean_e2el": 27.045438227884006,
  "median_e2el": 27.163257816806436,
  "std_e2el": 3.588227067613631,
  "p99_e2el": 34.01326599742751
}