{
  "hw": "mi355x",
  "tp": 4,
  "conc": 8,
  "model": "amd/Llama-3.3-70B-Instruct-FP8-KV",
  "framework": "vllm",
  "precision": "fp8",
  "tput_per_gpu": 403.67994054758884,
  "mean_ttft": 0.0968526224954985,
  "median_ttft": 0.06727860309183598,
  "std_ttft": 0.10134028250604056,
  "p99_ttft": 0.4871260602585971,
  "mean_tpot": 0.009544492411483082,
  "mean_intvty": 104.77246530123374,
  "median_tpot": 0.009558409713312295,
  "median_intvty": 104.61991377156274,
  "std_tpot": 8.767398462310188e-05,
  "std_intvty": 11405.892002044382,
  "p99_tpot": 0.009752762182808312,
  "p99_intvty": 102.53505430110361,
  "mean_itl": 0.01015668166013509,
  "median_itl": 0.009263200219720602,
  "std_itl": 0.005247589520118028,
  "p99_itl": 0.019455466070212427,
  "mean_e2el": 8.95627188697108,
  "median_e2el": 9.019719642587006,
  "std_e2el": 0.5940143391645974,
  "p99_e2el": 9.903914240179583
}