{
  "hw": "mi300x",
  "tp": 4,
  "conc": 64,
  "model": "openai/gpt-oss-120b",
  "framework": "vllm",
  "precision": "fp4",
  "tput_per_gpu": 7386.936391441922,
  "mean_ttft": 0.8402269126498141,
  "median_ttft": 0.30364425107836723,
  "std_ttft": 1.6833084142222279,
  "p99_ttft": 8.355445117643105,
  "mean_tpot": 0.018303712957907742,
  "mean_intvty": 54.63372389523682,
  "median_tpot": 0.018631128420257423,
  "median_intvty": 53.67361425691806,
  "std_tpot": 0.002163442026208629,
  "std_intvty": 462.2263910406103,
  "p99_tpot": 0.023337851460881773,
  "p99_intvty": 42.84884586210393,
  "mean_itl": 0.018363479829867264,
  "median_itl": 0.010969980619847775,
  "std_itl": 0.03322149153260696,
  "p99_itl": 0.13297302920371293,
  "mean_e2el": 17.730840531896682,
  "median_e2el": 17.60873541375622,
  "std_e2el": 3.087264513061183,
  "p99_e2el": 27.870135451937095
}