{
  "hw": "h200-trt",
  "tp": 8,
  "conc": 16,
  "model": "deepseek-ai/DeepSeek-R1-0528",
  "framework": "trt",
  "precision": "fp8",
  "tput_per_gpu": 680.5818951620274,
  "mean_ttft": 0.7083778365689796,
  "median_ttft": 0.39964168053120375,
  "std_ttft": 0.9490642472634035,
  "p99_ttft": 5.1392106920666984,
  "mean_tpot": 0.02505147893589984,
  "mean_intvty": 39.917802959208025,
  "median_tpot": 0.02523457862968941,
  "median_intvty": 39.628163191259446,
  "std_tpot": 0.0014590068110731705,
  "std_intvty": 685.3977599079551,
  "p99_tpot": 0.028429684413926373,
  "p99_intvty": 35.174502306826405,
  "mean_itl": 0.24928787655942547,
  "median_itl": 0.20366952568292618,
  "std_itl": 0.14774410356690093,
  "p99_itl": 0.8400463166460395,
  "mean_e2el": 23.63039793489734,
  "median_e2el": 23.503818418830633,
  "std_e2el": 2.3318791282821327,
  "p99_e2el": 29.03517995065078
}