{
  "hw": "b200",
  "tp": 4,
  "conc": 32,
  "model": "nvidia/Llama-3.3-70B-Instruct-FP8",
  "framework": "vllm",
  "precision": "fp8",
  "tput_per_gpu": 1465.2120065968427,
  "mean_ttft": 0.16290673701587366,
  "median_ttft": 0.09459883696399629,
  "std_ttft": 0.21560754888128794,
  "p99_ttft": 0.9461513953527904,
  "mean_tpot": 0.010440640422115687,
  "mean_intvty": 95.77956519618942,
  "median_tpot": 0.010149476082673425,
  "median_intvty": 98.52725321528072,
  "std_tpot": 0.0011060430290843564,
  "std_intvty": 904.1239569385066,
  "p99_tpot": 0.012883208502576106,
  "p99_intvty": 77.6204157372786,
  "mean_itl": 0.01045199136306349,
  "median_itl": 0.00828503502998501,
  "std_itl": 0.025359539380241186,
  "p99_itl": 0.07032196046784521,
  "mean_e2el": 9.80686105462737,
  "median_e2el": 9.589422629971523,
  "std_e2el": 1.2648037468462143,
  "p99_e2el": 12.735926506223622
}