{
  "hw": "mi355x",
  "tp": 4,
  "conc": 4,
  "model": "amd/Llama-3.3-70B-Instruct-FP8-KV",
  "framework": "vllm",
  "precision": "fp8",
  "tput_per_gpu": 210.9896014827343,
  "mean_ttft": 0.08160712810931728,
  "median_ttft": 0.07173939351923764,
  "std_ttft": 0.03923145505205369,
  "p99_ttft": 0.23023797159083179,
  "mean_tpot": 0.009163099719004935,
  "mean_intvty": 109.13337524046882,
  "median_tpot": 0.009169122991267669,
  "median_intvty": 109.06168462920202,
  "std_tpot": 0.00010839125000998494,
  "std_intvty": 9225.836955546509,
  "p99_tpot": 0.00935631895379532,
  "p99_intvty": 106.87963983895158,
  "mean_itl": 0.009200228321062235,
  "median_itl": 0.009041401790454984,
  "std_itl": 0.0036101155221803095,
  "p99_itl": 0.016504242201335728,
  "mean_e2el": 8.482795401499606,
  "median_e2el": 8.543319024378434,
  "std_e2el": 0.6037429916578447,
  "p99_e2el": 9.564945602100343
}