{
  "hw": "h100",
  "tp": 8,
  "conc": 64,
  "model": "nvidia/Llama-3.3-70B-Instruct-FP8",
  "framework": "vllm",
  "precision": "fp8",
  "tput_per_gpu": 1021.231502857057,
  "mean_ttft": 0.17864897337713045,
  "median_ttft": 0.0670920186676085,
  "std_ttft": 0.350378765390126,
  "p99_ttft": 1.8484698621928692,
  "mean_tpot": 0.014990556729124388,
  "mean_intvty": 66.70866319842219,
  "median_tpot": 0.015176931981092628,
  "median_intvty": 65.88946970611693,
  "std_tpot": 0.0006809730903677401,
  "std_intvty": 1468.4868082819228,
  "p99_tpot": 0.01581220194101591,
  "p99_intvty": 63.24229881013976,
  "mean_itl": 0.015003388608247709,
  "median_itl": 0.012678858824074268,
  "std_itl": 0.010429037628982278,
  "p99_itl": 0.05574751924723387,
  "mean_e2el": 13.993980073231796,
  "median_e2el": 14.040768330916762,
  "std_e2el": 1.2072895541351916,
  "p99_e2el": 16.464763610381635
}