{
  "hw": "mi355x",
  "tp": 1,
  "conc": 4,
  "model": "amd/Llama-3.3-70B-Instruct-FP8-KV",
  "framework": "vllm",
  "precision": "fp8",
  "tput_per_gpu": 474.22071927198255,
  "mean_ttft": 0.14662223659688606,
  "median_ttft": 0.11449405690655112,
  "std_ttft": 0.1032507562334555,
  "p99_ttft": 0.4947908609220758,
  "mean_tpot": 0.016277899382288533,
  "mean_intvty": 61.4329881586606,
  "median_tpot": 0.016298595167662973,
  "median_intvty": 61.35498119396435,
  "std_tpot": 0.00011914418042540458,
  "std_intvty": 8393.192151135689,
  "p99_tpot": 0.01643684554770281,
  "p99_intvty": 60.83892417786688,
  "mean_itl": 0.016279500388361803,
  "median_itl": 0.016063175164163113,
  "std_itl": 0.003750560031904384,
  "p99_itl": 0.019820971190929414,
  "mean_e2el": 15.070446888869629,
  "median_e2el": 15.150409199064597,
  "std_e2el": 1.0444231271391908,
  "p99_e2el": 16.88766293080058
}