{
  "hw": "mi300x",
  "tp": 4,
  "conc": 16,
  "model": "amd/Llama-3.3-70B-Instruct-FP8-KV",
  "framework": "vllm",
  "precision": "fp8",
  "tput_per_gpu": 1267.6008808571678,
  "mean_ttft": 1.6595337535982253,
  "median_ttft": 1.0541191068477929,
  "std_ttft": 1.8354686328488041,
  "p99_ttft": 7.303542616148479,
  "mean_tpot": 0.026097711277579077,
  "mean_intvty": 38.3175363296748,
  "median_tpot": 0.02729696634346493,
  "median_intvty": 36.634107520134975,
  "std_tpot": 0.003961004244950635,
  "std_intvty": 252.46122906199076,
  "p99_tpot": 0.030873861757948984,
  "p99_intvty": 32.389858056630494,
  "mean_itl": 0.026702380218017255,
  "median_itl": 0.012835424859076738,
  "std_itl": 0.11574761906931644,
  "p99_itl": 0.9212892191018909,
  "mean_e2el": 25.60255652817432,
  "median_e2el": 26.002629390219226,
  "std_e2el": 3.8227352043191627,
  "p99_e2el": 32.31674519185908
}