{
  "hw": "mi300x",
  "tp": 1,
  "conc": 64,
  "model": "amd/Llama-3.3-70B-Instruct-FP8-KV",
  "framework": "vllm",
  "precision": "fp8",
  "tput_per_gpu": 1432.4425555280761,
  "mean_ttft": 1.320751669787569,
  "median_ttft": 0.37025892501696944,
  "std_ttft": 2.8126577957595194,
  "p99_ttft": 9.115047769993543,
  "mean_tpot": 0.04864974063185647,
  "mean_intvty": 20.55509416930349,
  "median_tpot": 0.04879613084091314,
  "median_intvty": 20.493428121590934,
  "std_tpot": 0.0010799752188821495,
  "std_intvty": 925.947172227776,
  "p99_tpot": 0.0499776835186236,
  "p99_intvty": 20.00893057853235,
  "mean_itl": 0.048661069679940626,
  "median_itl": 0.04678876418620348,
  "std_itl": 0.0360402670476166,
  "p99_itl": 0.056177791440859444,
  "mean_e2el": 360.6908105983239,
  "median_e2el": 360.45472047571093,
  "std_e2el": 25.98641839535433,
  "p99_e2el": 410.14903284014207
}