{
  "hw": "mi300x",
  "tp": 2,
  "conc": 32,
  "model": "amd/Llama-3.3-70B-Instruct-FP8-KV",
  "framework": "vllm",
  "precision": "fp8",
  "tput_per_gpu": 2648.601546423505,
  "mean_ttft": 2.904457045070012,
  "median_ttft": 0.9854621537961066,
  "std_ttft": 5.486157630646163,
  "p99_ttft": 24.521952046547085,
  "mean_tpot": 0.049923711862506895,
  "mean_intvty": 20.03056188518322,
  "median_tpot": 0.05186176046843989,
  "median_intvty": 19.28202959111932,
  "std_tpot": 0.007132020464765035,
  "std_intvty": 140.21272161800297,
  "p99_tpot": 0.06101727571270758,
  "p99_intvty": 16.38880117670901,
  "mean_itl": 0.05004892761292021,
  "median_itl": 0.02532930113375187,
  "std_itl": 0.16506692128891087,
  "p99_itl": 0.882741426154971,
  "mean_e2el": 49.172031420332495,
  "median_e2el": 49.31474462663755,
  "std_e2el": 8.328089062132456,
  "p99_e2el": 72.30323847438208
}