{
  "hw": "h100",
  "tp": 8,
  "conc": 16,
  "model": "nvidia/Llama-3.3-70B-Instruct-FP8",
  "framework": "vllm",
  "precision": "fp8",
  "tput_per_gpu": 354.59177141605187,
  "mean_ttft": 0.09119617714895867,
  "median_ttft": 0.057237186934798956,
  "std_ttft": 0.09694241548429118,
  "p99_ttft": 0.4751817108411342,
  "mean_tpot": 0.010992879399319965,
  "mean_intvty": 90.96797696715035,
  "median_tpot": 0.011045633767988837,
  "median_intvty": 90.53351043541593,
  "std_tpot": 0.0002091264676596881,
  "std_intvty": 4781.795490503392,
  "p99_tpot": 0.01123635710993767,
  "p99_intvty": 88.99681544613591,
  "mean_itl": 0.01099565445226738,
  "median_itl": 0.010448334738612175,
  "std_itl": 0.004748154932606744,
  "p99_itl": 0.04636490337550639,
  "mean_e2el": 10.151051557529717,
  "median_e2el": 10.161701617762446,
  "std_e2el": 0.7332130991591204,
  "p99_e2el": 11.463481089118869
}