{
  "hw": "mi300x",
  "tp": 2,
  "conc": 4,
  "model": "amd/Llama-3.3-70B-Instruct-FP8-KV",
  "framework": "vllm",
  "precision": "fp8",
  "tput_per_gpu": 247.20330920460574,
  "mean_ttft": 0.18388726047705858,
  "median_ttft": 0.14321024785749614,
  "std_ttft": 0.12506433986183924,
  "p99_ttft": 0.599156254865229,
  "mean_tpot": 0.01557252776442673,
  "mean_intvty": 64.21565047932428,
  "median_tpot": 0.015610411182757269,
  "median_intvty": 64.05981164061625,
  "std_tpot": 0.00017418963566354168,
  "std_intvty": 5740.869691762622,
  "p99_tpot": 0.015780357921056313,
  "p99_intvty": 63.36991879415252,
  "mean_itl": 0.015572872107347218,
  "median_itl": 0.0152737139724195,
  "std_itl": 0.0053747222577294855,
  "p99_itl": 0.015749709494411946,
  "mean_e2el": 14.45992819815874,
  "median_e2el": 14.61351395631209,
  "std_e2el": 0.9962952148869123,
  "p99_e2el": 16.153923798045142
}