{
  "hw": "mi300x",
  "tp": 1,
  "conc": 32,
  "model": "amd/Llama-3.3-70B-Instruct-FP8-KV",
  "framework": "vllm",
  "precision": "fp8",
  "tput_per_gpu": 3251.6865311316087,
  "mean_ttft": 4.579709766709129,
  "median_ttft": 1.518125238828361,
  "std_ttft": 9.020131914038902,
  "p99_ttft": 39.73191149362363,
  "mean_tpot": 0.08148001393570667,
  "mean_intvty": 12.27294831821051,
  "median_tpot": 0.08462134524965984,
  "median_intvty": 11.817349358482574,
  "std_tpot": 0.011562257090134424,
  "std_intvty": 86.48830346916061,
  "p99_tpot": 0.10081928564423691,
  "p99_intvty": 9.9187372099493,
  "mean_itl": 0.08168851232571707,
  "median_itl": 0.041327754966914654,
  "std_itl": 0.26692834481207034,
  "p99_itl": 1.4276210138387975,
  "mean_e2el": 80.09639955584134,
  "median_e2el": 80.26252629747614,
  "std_e2el": 13.66999204017863,
  "p99_e2el": 118.37426510938444
}