{
  "hw": "mi300x",
  "tp": 8,
  "conc": 4,
  "model": "amd/Llama-3.3-70B-Instruct-FP8-KV",
  "framework": "vllm",
  "precision": "fp8",
  "tput_per_gpu": 450.29713344463346,
  "mean_ttft": 0.4623292359756306,
  "median_ttft": 0.4017668862361461,
  "std_ttft": 0.2156659641881482,
  "p99_ttft": 1.2018386316625402,
  "mean_tpot": 0.009267034735788899,
  "mean_intvty": 107.90938293756923,
  "median_tpot": 0.009329070551526191,
  "median_intvty": 107.19181449821974,
  "std_tpot": 0.00031331661798274956,
  "std_intvty": 3191.6596267327814,
  "p99_tpot": 0.009774788480688534,
  "p99_intvty": 102.30400401764605,
  "mean_itl": 0.009804543409717446,
  "median_itl": 0.008197535527870059,
  "std_itl": 0.020786691156759865,
  "p99_itl": 0.01669155334122479,
  "mean_e2el": 8.977574985439423,
  "median_e2el": 8.90381356421858,
  "std_e2el": 0.6817291252105221,
  "p99_e2el": 10.416195719456299
}