{
  "hw": "mi300x",
  "tp": 2,
  "conc": 32,
  "model": "amd/Llama-3.3-70B-Instruct-FP8-KV",
  "framework": "vllm",
  "precision": "fp8",
  "tput_per_gpu": 744.3563759674247,
  "mean_ttft": 0.48506268048986384,
  "median_ttft": 0.20754335599485785,
  "std_ttft": 0.8659178098573594,
  "p99_ttft": 3.177817375456216,
  "mean_tpot": 0.02348013317673608,
  "mean_intvty": 42.58919625680793,
  "median_tpot": 0.023595787354309214,
  "median_intvty": 42.38044634765593,
  "std_tpot": 0.00035628498749959534,
  "std_intvty": 2806.741892264365,
  "p99_tpot": 0.02391572008168863,
  "p99_intvty": 41.81350160414624,
  "mean_itl": 0.023484842333957878,
  "median_itl": 0.023064494016580284,
  "std_itl": 0.008645511453280933,
  "p99_itl": 0.024708448036108166,
  "mean_e2el": 174.6245079314496,
  "median_e2el": 175.28316878102487,
  "std_e2el": 11.49299703254471,
  "p99_e2el": 194.33141329624922
}