{
  "hw": "mi325x",
  "tp": 8,
  "conc": 16,
  "model": "amd/Llama-3.3-70B-Instruct-FP8-KV",
  "framework": "vllm",
  "precision": "fp8",
  "tput_per_gpu": 399.7314202811001,
  "mean_ttft": 0.1586379222222604,
  "median_ttft": 0.08840069035068154,
  "std_ttft": 0.2043415081318897,
  "p99_ttft": 0.8138266733335331,
  "mean_tpot": 0.009663276663751533,
  "mean_intvty": 103.48456686034426,
  "median_tpot": 0.009742063290157747,
  "median_intvty": 102.64765996852887,
  "std_tpot": 0.00023911760489091422,
  "std_intvty": 4182.042557912879,
  "p99_tpot": 0.009932585769386368,
  "p99_intvty": 100.67871783016878,
  "mean_itl": 0.009666325834579518,
  "median_itl": 0.008903649635612965,
  "std_itl": 0.006422602397493502,
  "p99_itl": 0.05767013233155004,
  "mean_e2el": 9.002298695975332,
  "median_e2el": 9.00428579817526,
  "std_e2el": 0.663475010126257,
  "p99_e2el": 10.341354206427932
}