{
  "hw": "mi300x",
  "tp": 1,
  "conc": 32,
  "model": "amd/Llama-3.3-70B-Instruct-FP8-KV",
  "framework": "vllm",
  "precision": "fp8",
  "tput_per_gpu": 1023.8517116538444,
  "mean_ttft": 0.744460016186349,
  "median_ttft": 0.33294770075008273,
  "std_ttft": 1.2709965685859612,
  "p99_ttft": 4.627083337819204,
  "mean_tpot": 0.03409764619739777,
  "mean_intvty": 29.327537572852087,
  "median_tpot": 0.03423658034712847,
  "median_intvty": 29.208524620767893,
  "std_tpot": 0.00046924923228782085,
  "std_intvty": 2131.063688958015,
  "p99_tpot": 0.03469299479763316,
  "p99_intvty": 28.824262818274264,
  "mean_itl": 0.03410588384849937,
  "median_itl": 0.03342024702578783,
  "std_itl": 0.014184040304013741,
  "p99_itl": 0.03708087392151356,
  "mean_e2el": 253.63862938259263,
  "median_e2el": 254.32365480810404,
  "std_e2el": 16.755518114359827,
  "p99_e2el": 281.9291199379973
}