{
  "hw": "mi325x",
  "tp": 2,
  "conc": 4,
  "model": "amd/Llama-3.3-70B-Instruct-FP8-KV",
  "framework": "vllm",
  "precision": "fp8",
  "tput_per_gpu": 158.29470550710687,
  "mean_ttft": 0.2187163970898837,
  "median_ttft": 0.17883924511261284,
  "std_ttft": 0.12921279016395945,
  "p99_ttft": 0.7216595719475299,
  "mean_tpot": 0.013991311582479049,
  "mean_intvty": 71.47292761689859,
  "median_tpot": 0.014003873294037506,
  "median_intvty": 71.40881519013563,
  "std_tpot": 4.353789771636178e-05,
  "std_intvty": 22968.495321357568,
  "p99_tpot": 0.014035289253981998,
  "p99_intvty": 71.24897691127289,
  "mean_itl": 0.013991924405091729,
  "median_itl": 0.013936539180576801,
  "std_itl": 0.0025074144717978915,
  "p99_itl": 0.014936662530526524,
  "mean_e2el": 101.8147787554888,
  "median_e2el": 100.96471180720255,
  "std_e2el": 6.434241792905632,
  "p99_e2el": 113.70019115392118
}