{
  "hw": "mi300x",
  "tp": 1,
  "conc": 8,
  "model": "amd/Llama-3.3-70B-Instruct-FP8-KV",
  "framework": "vllm",
  "precision": "fp8",
  "tput_per_gpu": 314.07223989956896,
  "mean_ttft": 0.35161915645003317,
  "median_ttft": 0.264862960902974,
  "std_ttft": 0.29714138420982267,
  "p99_ttft": 1.3827910853922367,
  "mean_tpot": 0.027886802133408904,
  "mean_intvty": 35.85925683468674,
  "median_tpot": 0.027933940928353454,
  "median_intvty": 35.79874399265239,
  "std_tpot": 0.0001953964001937971,
  "std_intvty": 5117.801551145185,
  "p99_tpot": 0.02811330085665641,
  "p99_intvty": 35.570351738445154,
  "mean_itl": 0.027890126641460573,
  "median_itl": 0.027800400974228978,
  "std_itl": 0.0054302654990682755,
  "p99_itl": 0.02890511294361204,
  "mean_e2el": 205.5392806707765,
  "median_e2el": 206.6418235588353,
  "std_e2el": 13.122181050997334,
  "p99_e2el": 229.5486716795666
}