{
  "hw": "mi300x",
  "tp": 4,
  "conc": 64,
  "model": "amd/Llama-3.3-70B-Instruct-FP8-KV",
  "framework": "vllm",
  "precision": "fp8",
  "tput_per_gpu": 2464.680802441597,
  "mean_ttft": 2.4716819618359294,
  "median_ttft": 0.920641288976185,
  "std_ttft": 5.337507713287123,
  "p99_ttft": 26.495316547966794,
  "mean_tpot": 0.055102983452680984,
  "mean_intvty": 18.147837691197573,
  "median_tpot": 0.05753435389187521,
  "median_intvty": 17.380919960955996,
  "std_tpot": 0.008310336677702744,
  "std_intvty": 120.33206821608982,
  "p99_tpot": 0.06932320353565695,
  "p99_intvty": 14.425184483657654,
  "mean_itl": 0.05523795263587203,
  "median_itl": 0.02490129100624472,
  "std_itl": 0.1558390875973872,
  "p99_itl": 0.5766355995950291,
  "mean_e2el": 53.33263087201649,
  "median_e2el": 54.05539478507126,
  "std_e2el": 9.247807756144285,
  "p99_e2el": 77.43909779542942
}