{
  "hw": "mi300x",
  "tp": 4,
  "conc": 16,
  "model": "amd/Llama-3.3-70B-Instruct-FP8-KV",
  "framework": "vllm",
  "precision": "fp8",
  "tput_per_gpu": 583.3911427955579,
  "mean_ttft": 0.21959169830515748,
  "median_ttft": 0.12355852196924388,
  "std_ttft": 0.28433892888563317,
  "p99_ttft": 1.1028206146112642,
  "mean_tpot": 0.013243598791358923,
  "mean_intvty": 75.50817687504033,
  "median_tpot": 0.013357039559522853,
  "median_intvty": 74.86688914438781,
  "std_tpot": 0.00036377052577804477,
  "std_intvty": 2748.98577299842,
  "p99_tpot": 0.01369154614905701,
  "p99_intvty": 73.03777010377121,
  "mean_itl": 0.013248522336907705,
  "median_itl": 0.0120724180014804,
  "std_itl": 0.010153133468864919,
  "p99_itl": 0.08791775504592804,
  "mean_e2el": 12.340581821206433,
  "median_e2el": 12.361946773482487,
  "std_e2el": 0.9300790236731625,
  "p99_e2el": 14.193273779685843
}