{
  "hw": "mi355x",
  "tp": 8,
  "conc": 8,
  "model": "amd/Llama-3.3-70B-Instruct-FP8-KV",
  "framework": "vllm",
  "precision": "fp8",
  "tput_per_gpu": 213.91131841317224,
  "mean_ttft": 0.10464180430280975,
  "median_ttft": 0.0711810439825058,
  "std_ttft": 0.10126205868781957,
  "p99_ttft": 0.4352134403306991,
  "mean_tpot": 0.008993423460034492,
  "mean_intvty": 111.1923623349728,
  "median_tpot": 0.009011565120839744,
  "median_intvty": 110.9685150793001,
  "std_tpot": 7.763850562390444e-05,
  "std_intvty": 12880.206695942714,
  "p99_tpot": 0.009097410515494706,
  "p99_intvty": 109.92138898171082,
  "mean_itl": 0.008994869823962371,
  "median_itl": 0.00873008114285767,
  "std_itl": 0.003269570647224477,
  "p99_itl": 0.009128203336149453,
  "mean_e2el": 8.452555410319473,
  "median_e2el": 8.50743513298221,
  "std_e2el": 0.5611627483107249,
  "p99_e2el": 9.326966811008749
}