{
  "hw": "h100",
  "tp": 2,
  "conc": 4,
  "model": "nvidia/Llama-3.3-70B-Instruct-FP8",
  "framework": "vllm",
  "precision": "fp8",
  "tput_per_gpu": 819.5733171768342,
  "mean_ttft": 0.7403395281173288,
  "median_ttft": 0.6903108027763665,
  "std_ttft": 0.27568349816932447,
  "p99_ttft": 1.8651725386641917,
  "mean_tpot": 0.020644040919916444,
  "mean_intvty": 48.44012874607533,
  "median_tpot": 0.020746194468424982,
  "median_intvty": 48.201611217033886,
  "std_tpot": 0.0006850134864060449,
  "std_intvty": 1459.8252732899412,
  "p99_tpot": 0.022218063268963032,
  "p99_intvty": 45.008423456824204,
  "mean_itl": 0.020648162458768334,
  "median_itl": 0.018665779381990433,
  "std_itl": 0.03592663615565925,
  "p99_itl": 0.019277979023754596,
  "mean_e2el": 19.718581699463538,
  "median_e2el": 19.514960850588977,
  "std_e2el": 1.447163568742119,
  "p99_e2el": 22.724479341795668
}