{
  "hw": "mi300x",
  "tp": 1,
  "conc": 16,
  "model": "amd/Llama-3.3-70B-Instruct-FP8-KV",
  "framework": "vllm",
  "precision": "fp8",
  "tput_per_gpu": 1766.650408248982,
  "mean_ttft": 4.956777291413164,
  "median_ttft": 3.4706278345547616,
  "std_ttft": 4.9366638886345084,
  "p99_ttft": 20.630308186616748,
  "mean_tpot": 0.07490950050005458,
  "mean_intvty": 13.349441570489063,
  "median_tpot": 0.07847228218371927,
  "median_intvty": 12.743353094520693,
  "std_tpot": 0.01314977308145969,
  "std_intvty": 76.04693965479403,
  "p99_tpot": 0.09311446955023261,
  "p99_intvty": 10.739469438318912,
  "mean_itl": 0.07521661089276273,
  "median_itl": 0.030263029504567385,
  "std_itl": 0.38601963207306367,
  "p99_itl": 3.0407519924920052,
  "mean_e2el": 73.71698198501254,
  "median_e2el": 75.5959674953483,
  "std_e2el": 12.550435405336787,
  "p99_e2el": 95.7698162448965
}