{
  "hw": "mi300x",
  "tp": 8,
  "conc": 8,
  "model": "deepseek-ai/DeepSeek-R1-0528",
  "framework": "sglang",
  "precision": "fp8",
  "tput_per_gpu": 43.38173642239122,
  "mean_ttft": 0.21035404356662185,
  "median_ttft": 0.14847705978900194,
  "std_ttft": 0.22974287756176248,
  "p99_ttft": 1.1928791653644293,
  "mean_tpot": 0.02520713080160855,
  "mean_intvty": 39.67131395756421,
  "median_tpot": 0.02517089277356874,
  "median_intvty": 39.728427950321745,
  "std_tpot": 0.00018980033610908027,
  "std_intvty": 5268.6945687245225,
  "p99_tpot": 0.02555726078578142,
  "p99_intvty": 39.12782392377285,
  "mean_itl": 0.02520842738337225,
  "median_itl": 0.025168844033032656,
  "std_itl": 0.0035642930223291147,
  "p99_itl": 0.02579643689095974,
  "mean_e2el": 185.66875410769134,
  "median_e2el": 187.15706503996626,
  "std_e2el": 11.661187381612255,
  "p99_e2el": 206.115260296911
}