{
  "hw": "mi300x",
  "tp": 2,
  "conc": 4,
  "model": "amd/Llama-3.3-70B-Instruct-FP8-KV",
  "framework": "vllm",
  "precision": "fp8",
  "tput_per_gpu": 871.2959940804933,
  "mean_ttft": 1.276950774306897,
  "median_ttft": 1.0718411167617887,
  "std_ttft": 0.619517983984088,
  "p99_ttft": 3.1246668093977497,
  "mean_tpot": 0.018836311047844452,
  "mean_intvty": 53.08895130580443,
  "median_tpot": 0.019108605916353973,
  "median_intvty": 52.33244143384404,
  "std_tpot": 0.0010150147171863707,
  "std_intvty": 985.2073896741207,
  "p99_tpot": 0.020217827561290435,
  "p99_intvty": 49.46129830064558,
  "mean_itl": 0.018835205549312665,
  "median_itl": 0.015889387112110853,
  "std_itl": 0.05473746263212358,
  "p99_itl": 0.016373938601464032,
  "mean_e2el": 18.588858911511487,
  "median_e2el": 18.215030014049262,
  "std_e2el": 1.487878165140656,
  "p99_e2el": 21.797442626571282
}