{
  "hw": "h200",
  "tp": 8,
  "conc": 32,
  "model": "nvidia/Llama-3.3-70B-Instruct-FP8",
  "framework": "vllm",
  "precision": "fp8",
  "tput_per_gpu": 693.312999028529,
  "mean_ttft": 0.1370266076119151,
  "median_ttft": 0.07392908819019794,
  "std_ttft": 0.17910936942329686,
  "p99_ttft": 0.9404393685981631,
  "mean_tpot": 0.011062885583988954,
  "mean_intvty": 90.39232959683464,
  "median_tpot": 0.011140363666144543,
  "median_intvty": 89.76367648023827,
  "std_tpot": 0.00030551062473765597,
  "std_intvty": 3273.2085859819335,
  "p99_tpot": 0.011417904430087243,
  "p99_intvty": 87.58174550532291,
  "mean_itl": 0.011066859233263884,
  "median_itl": 0.009979757480323315,
  "std_itl": 0.006730481486936011,
  "p99_itl": 0.04478193875402215,
  "mean_e2el": 10.348313689214411,
  "median_e2el": 10.358113081660122,
  "std_e2el": 0.7704344190739922,
  "p99_e2el": 12.037145420722664
}