{
  "hw": "mi300x",
  "tp": 8,
  "conc": 16,
  "model": "amd/Llama-3.3-70B-Instruct-FP8-KV",
  "framework": "vllm",
  "precision": "fp8",
  "tput_per_gpu": 223.22485982138582,
  "mean_ttft": 0.1932628352951724,
  "median_ttft": 0.1181064008269459,
  "std_ttft": 0.22970678536491645,
  "p99_ttft": 0.9042785891937092,
  "mean_tpot": 0.009786636898662599,
  "mean_intvty": 102.1801473125723,
  "median_tpot": 0.009815345915118501,
  "median_intvty": 101.88127944219549,
  "std_tpot": 8.657472534193936e-05,
  "std_intvty": 11550.715246861666,
  "p99_tpot": 0.009874763248779691,
  "p99_intvty": 101.26825067158734,
  "mean_itl": 0.010065414836967487,
  "median_itl": 0.009661466116085649,
  "std_itl": 0.004992512239484262,
  "p99_itl": 0.01999486730899657,
  "mean_e2el": 72.39613197132712,
  "median_e2el": 72.55553174437955,
  "std_e2el": 4.93146980568542,
  "p99_e2el": 80.45759197571314
}