{
  "hw": "mi300x",
  "tp": 4,
  "conc": 8,
  "model": "amd/Llama-3.3-70B-Instruct-FP8-KV",
  "framework": "vllm",
  "precision": "fp8",
  "tput_per_gpu": 326.60540740298836,
  "mean_ttft": 0.16568226925446652,
  "median_ttft": 0.10811849031597376,
  "std_ttft": 0.16922889457859355,
  "p99_ttft": 0.7387707235570997,
  "mean_tpot": 0.011754402600847097,
  "mean_intvty": 85.07450646006745,
  "median_tpot": 0.011799730957564397,
  "median_intvty": 84.74769497680239,
  "std_tpot": 0.0001675671711485804,
  "std_intvty": 5967.7560535608045,
  "p99_tpot": 0.011978565643479693,
  "p99_intvty": 83.48244938193675,
  "mean_itl": 0.011757901554621765,
  "median_itl": 0.011245469562709332,
  "std_itl": 0.0064956450836830895,
  "p99_itl": 0.011729457695037129,
  "mean_e2el": 11.077896577416686,
  "median_e2el": 11.174271024065092,
  "std_e2el": 0.766365606498679,
  "p99_e2el": 12.337348353071137
}