{
  "hw": "h100",
  "tp": 2,
  "conc": 8,
  "model": "nvidia/Llama-3.3-70B-Instruct-FP8",
  "framework": "vllm",
  "precision": "fp8",
  "tput_per_gpu": 228.47345082656764,
  "mean_ttft": 0.15522189574548975,
  "median_ttft": 0.11631606472656131,
  "std_ttft": 0.13461887364125585,
  "p99_ttft": 0.5894323805253953,
  "mean_tpot": 0.01914552293993814,
  "mean_intvty": 52.231532308473525,
  "median_tpot": 0.019165517975321365,
  "median_intvty": 52.17704010335949,
  "std_tpot": 0.00011376139324976397,
  "std_intvty": 8790.328348075807,
  "p99_tpot": 0.01932663859679811,
  "p99_intvty": 51.742055142774404,
  "mean_itl": 0.019146947003041776,
  "median_itl": 0.01909602014347911,
  "std_itl": 0.002449936589989008,
  "p99_itl": 0.020650910688564186,
  "mean_e2el": 141.01931086528347,
  "median_e2el": 141.39038386102766,
  "std_e2el": 8.919060370697647,
  "p99_e2el": 157.35812509667127
}