{
  "hw": "mi300x",
  "tp": 1,
  "conc": 4,
  "model": "amd/Llama-3.3-70B-Instruct-FP8-KV",
  "framework": "vllm",
  "precision": "fp8",
  "tput_per_gpu": 323.3666091269541,
  "mean_ttft": 0.2452742523397319,
  "median_ttft": 0.2067252965644002,
  "std_ttft": 0.11165442984169835,
  "p99_ttft": 0.5553004397358745,
  "mean_tpot": 0.02384634282999803,
  "mean_intvty": 41.935151529484344,
  "median_tpot": 0.023875915987421552,
  "median_intvty": 41.88320986415037,
  "std_tpot": 0.00023458918925518647,
  "std_intvty": 4262.771030391338,
  "p99_tpot": 0.02410997000294288,
  "p99_intvty": 41.47661734452342,
  "mean_itl": 0.023872100543339075,
  "median_itl": 0.023430511355400085,
  "std_itl": 0.009152350559168448,
  "p99_itl": 0.03996094124391675,
  "mean_e2el": 22.107940526201855,
  "median_e2el": 22.33784830896184,
  "std_e2el": 1.5464146511111356,
  "p99_e2el": 24.82213074494619
}