{
  "hw": "mi300x",
  "tp": 8,
  "conc": 64,
  "model": "openai/gpt-oss-120b",
  "framework": "vllm",
  "precision": "fp4",
  "tput_per_gpu": 4523.442836426675,
  "mean_ttft": 0.6435145697450935,
  "median_ttft": 0.20872558146947995,
  "std_ttft": 1.3943494523034647,
  "p99_ttft": 6.727561616478489,
  "mean_tpot": 0.014973152327470474,
  "mean_intvty": 66.78620360826433,
  "median_tpot": 0.015082176020905145,
  "median_intvty": 66.3034298640937,
  "std_tpot": 0.0017595588681401006,
  "std_intvty": 568.3242647385966,
  "p99_tpot": 0.01947593488524112,
  "p99_intvty": 51.34541709511469,
  "mean_itl": 0.015006466184381303,
  "median_itl": 0.009032378089614213,
  "std_itl": 0.02925494703065558,
  "p99_itl": 0.10313861848320811,
  "mean_e2el": 14.459405092934684,
  "median_e2el": 14.287674016493838,
  "std_e2el": 2.632586578128955,
  "p99_e2el": 23.60656356479274
}