{
  "hw": "mi325x",
  "tp": 2,
  "conc": 8,
  "model": "amd/Llama-3.3-70B-Instruct-FP8-KV",
  "framework": "vllm",
  "precision": "fp8",
  "tput_per_gpu": 515.3565930384964,
  "mean_ttft": 0.2647839095094241,
  "median_ttft": 0.1815051049925387,
  "std_ttft": 0.2591647127965994,
  "p99_ttft": 1.1598037346638739,
  "mean_tpot": 0.01483862412221092,
  "mean_intvty": 67.39169290656595,
  "median_tpot": 0.014907260379539893,
  "median_intvty": 67.08140694801928,
  "std_tpot": 0.0002728764698990679,
  "std_intvty": 3664.6618903047297,
  "p99_tpot": 0.015240235381996226,
  "p99_intvty": 65.61578446362658,
  "mean_itl": 0.014843971015754465,
  "median_itl": 0.0139606730081141,
  "std_itl": 0.011121411692144109,
  "p99_itl": 0.015573386987671257,
  "mean_e2el": 14.041101973457263,
  "median_e2el": 14.136418764479458,
  "std_e2el": 0.9876496242731843,
  "p99_e2el": 15.704813745445572
}