{
  "hw": "mi300x",
  "tp": 8,
  "conc": 64,
  "model": "amd/Llama-3.3-70B-Instruct-FP8-KV",
  "framework": "vllm",
  "precision": "fp8",
  "tput_per_gpu": 1832.4912101635916,
  "mean_ttft": 1.6373184494150337,
  "median_ttft": 0.6442701015621424,
  "std_ttft": 3.4263256574632215,
  "p99_ttft": 17.159301901226865,
  "mean_tpot": 0.03702965415118263,
  "mean_intvty": 27.005383196863114,
  "median_tpot": 0.03855206967258244,
  "median_intvty": 25.93894461420271,
  "std_tpot": 0.0053659327892519645,
  "std_intvty": 186.36088808324502,
  "p99_tpot": 0.04567156370289136,
  "p99_intvty": 21.895462272877953,
  "mean_itl": 0.037119449784059316,
  "median_itl": 0.017211387865245342,
  "std_itl": 0.09749242204344571,
  "p99_itl": 0.36939835857599973,
  "mean_e2el": 35.815457686911394,
  "median_e2el": 36.256664394866675,
  "std_e2el": 6.080894521443276,
  "p99_e2el": 51.73068457185292
}