{
  "hw": "h200",
  "tp": 8,
  "conc": 4,
  "model": "nvidia/Llama-3.3-70B-Instruct-FP8",
  "framework": "vllm",
  "precision": "fp8",
  "tput_per_gpu": 121.1118834761259,
  "mean_ttft": 0.07299947757273913,
  "median_ttft": 0.06679218914359808,
  "std_ttft": 0.02242776024992174,
  "p99_ttft": 0.16785880059935152,
  "mean_tpot": 0.007951583574052965,
  "mean_intvty": 125.76111295152931,
  "median_tpot": 0.007954358056897802,
  "median_intvty": 125.71724743178079,
  "std_tpot": 3.581309211519444e-05,
  "std_intvty": 27922.749501312388,
  "p99_tpot": 0.008023857272366888,
  "p99_intvty": 124.62833847305197,
  "mean_itl": 0.007952119624377559,
  "median_itl": 0.007841347716748714,
  "std_itl": 0.001998660558354024,
  "p99_itl": 0.008338137492537496,
  "mean_e2el": 7.362906203628517,
  "median_e2el": 7.419885290320963,
  "std_e2el": 0.5051713546064714,
  "p99_e2el": 8.20281253658235
}