{
  "hw": "mi300x",
  "tp": 1,
  "conc": 4,
  "model": "openai/gpt-oss-120b",
  "framework": "vllm",
  "precision": "fp4",
  "tput_per_gpu": 559.9070989557551,
  "mean_ttft": 0.27646083154249934,
  "median_ttft": 0.09323230222798884,
  "std_ttft": 0.5506439796141003,
  "p99_ttft": 1.9554082268243655,
  "mean_tpot": 0.007900641828756485,
  "mean_intvty": 126.57199524730184,
  "median_tpot": 0.00793487528326866,
  "median_intvty": 126.02592533603934,
  "std_tpot": 0.0004143193681035031,
  "std_intvty": 2413.597038867334,
  "p99_tpot": 0.008547518941730017,
  "p99_intvty": 116.99301362385751,
  "mean_itl": 0.007923676203535901,
  "median_itl": 0.00803984678350389,
  "std_itl": 0.001726041865408235,
  "p99_itl": 0.013224576520733531,
  "mean_e2el": 57.68151379483752,
  "median_e2el": 57.36185110989027,
  "std_e2el": 5.388432465295988,
  "p99_e2el": 69.05039395055267
}