{
  "hw": "b200",
  "tp": 2,
  "conc": 4,
  "model": "nvidia/Llama-3.3-70B-Instruct-FP8",
  "framework": "vllm",
  "precision": "fp8",
  "tput_per_gpu": 365.6258730433962,
  "mean_ttft": 0.0876047147961799,
  "median_ttft": 0.07943823805544525,
  "std_ttft": 0.023830552059370323,
  "p99_ttft": 0.17676891015842552,
  "mean_tpot": 0.010544651740588617,
  "mean_intvty": 94.83480579550925,
  "median_tpot": 0.010553239542768423,
  "median_intvty": 94.75763304219197,
  "std_tpot": 5.445459488925995e-05,
  "std_intvty": 18363.923228767413,
  "p99_tpot": 0.010615970171080309,
  "p99_intvty": 94.19770250713105,
  "mean_itl": 0.010545210182171414,
  "median_itl": 0.010393783915787935,
  "std_itl": 0.002725076867198724,
  "p99_itl": 0.010791827542707324,
  "mean_e2el": 9.754662358306813,
  "median_e2el": 9.830451189423911,
  "std_e2el": 0.671386047473532,
  "p99_e2el": 10.843441726593301
}