{
  "hw": "mi300x",
  "tp": 8,
  "conc": 32,
  "model": "amd/Llama-3.3-70B-Instruct-FP8-KV",
  "framework": "vllm",
  "precision": "fp8",
  "tput_per_gpu": 1455.892589931603,
  "mean_ttft": 1.1249387491170637,
  "median_ttft": 0.4083834620541893,
  "std_ttft": 2.0065173190480663,
  "p99_ttft": 8.900486853336915,
  "mean_tpot": 0.02282017303562437,
  "mean_intvty": 43.82087718786833,
  "median_tpot": 0.023690665376723114,
  "median_intvty": 42.21071819209156,
  "std_tpot": 0.0028190534301960374,
  "std_intvty": 354.72899849594546,
  "p99_tpot": 0.027142628191239367,
  "p99_intvty": 36.842416031133006,
  "mean_itl": 0.022870129143237855,
  "median_itl": 0.013296090997755527,
  "std_itl": 0.06297314883193693,
  "p99_itl": 0.341601445544511,
  "mean_e2el": 22.26715801588398,
  "median_e2el": 22.389189671433996,
  "std_e2el": 3.2286239461584985,
  "p99_e2el": 30.494047454389513
}