{
  "hw": "h100",
  "tp": 2,
  "conc": 4,
  "model": "openai/gpt-oss-120b",
  "framework": "vllm",
  "precision": "fp4",
  "tput_per_gpu": 358.41605916432934,
  "mean_ttft": 0.05553053226321936,
  "median_ttft": 0.05120445275679231,
  "std_ttft": 0.018027677129353648,
  "p99_ttft": 0.11685500783845783,
  "mean_tpot": 0.006191024793075267,
  "mean_intvty": 161.5241472007206,
  "median_tpot": 0.006208586251170522,
  "median_intvty": 161.06726387371475,
  "std_tpot": 0.0001264231287703089,
  "std_intvty": 7909.945037168349,
  "p99_tpot": 0.006381707160084674,
  "p99_intvty": 156.69788270051737,
  "mean_itl": 0.006192117167705873,
  "median_itl": 0.006211746018379927,
  "std_itl": 0.0006802046910528967,
  "p99_itl": 0.006495861699804664,
  "mean_e2el": 45.01680272023659,
  "median_e2el": 45.06768258381635,
  "std_e2el": 3.0689058840251757,
  "p99_e2el": 50.39041300522163
}