{
  "hw": "mi300x",
  "tp": 1,
  "conc": 16,
  "model": "amd/Llama-3.3-70B-Instruct-FP8-KV",
  "framework": "vllm",
  "precision": "fp8",
  "tput_per_gpu": 1031.122451215491,
  "mean_ttft": 0.4766312957071932,
  "median_ttft": 0.30027179297758266,
  "std_ttft": 0.5699691955625031,
  "p99_ttft": 2.3861110010312405,
  "mean_tpot": 0.02998677608470416,
  "mean_intvty": 33.34803305214548,
  "median_tpot": 0.030255948101517313,
  "median_intvty": 33.05135230417224,
  "std_tpot": 0.0009435331319523252,
  "std_intvty": 1059.8461952584914,
  "p99_tpot": 0.031099402013736267,
  "p99_intvty": 32.154959106876426,
  "mean_itl": 0.030001611193492934,
  "median_itl": 0.026978172012604773,
  "std_itl": 0.026738425967492933,
  "p99_itl": 0.22240949553903192,
  "mean_e2el": 27.924917716084746,
  "median_e2el": 27.817044180526864,
  "std_e2el": 2.1284821497981308,
  "p99_e2el": 31.875099196956725
}