{
  "hw": "h100",
  "tp": 4,
  "conc": 64,
  "model": "openai/gpt-oss-120b",
  "framework": "vllm",
  "precision": "fp4",
  "tput_per_gpu": 1540.4731435641631,
  "mean_ttft": 0.10846443242626265,
  "median_ttft": 0.05146980006247759,
  "std_ttft": 0.19585572439168333,
  "p99_ttft": 1.0427313732542098,
  "mean_tpot": 0.011379181815716573,
  "mean_intvty": 87.879780479369,
  "median_tpot": 0.011482581606801164,
  "median_intvty": 87.08842960956596,
  "std_tpot": 0.00032858098799598914,
  "std_intvty": 3043.389716790938,
  "p99_tpot": 0.011709506440908976,
  "p99_intvty": 85.40069601109275,
  "mean_itl": 0.011379289929766332,
  "median_itl": 0.011228898074477911,
  "std_itl": 0.0021353968278792043,
  "p99_itl": 0.012451615789905193,
  "mean_e2el": 84.14640513987396,
  "median_e2el": 84.19748973753303,
  "std_e2el": 5.929469775810965,
  "p99_e2el": 94.6604032834433
}