{
  "hw": "h100",
  "tp": 4,
  "conc": 32,
  "model": "openai/gpt-oss-120b",
  "framework": "vllm",
  "precision": "fp4",
  "tput_per_gpu": 1021.5714670654174,
  "mean_ttft": 0.0756701373757096,
  "median_ttft": 0.045093819964677095,
  "std_ttft": 0.09854933961438497,
  "p99_ttft": 0.5124440660886468,
  "mean_tpot": 0.008582066864749218,
  "mean_intvty": 116.52204716645745,
  "median_tpot": 0.008647353920068677,
  "median_intvty": 115.64231200011506,
  "std_tpot": 0.00024039435619796666,
  "std_intvty": 4159.831436210974,
  "p99_tpot": 0.009000858577938293,
  "p99_intvty": 111.10051239456944,
  "mean_itl": 0.008584227249880073,
  "median_itl": 0.008550713770091534,
  "std_itl": 0.0014340772215726903,
  "p99_itl": 0.009250790812075138,
  "mean_e2el": 63.727473640171226,
  "median_e2el": 64.10025066835806,
  "std_e2el": 4.530950380058985,
  "p99_e2el": 72.47247101954184
}