{
  "hw": "h200",
  "tp": 2,
  "conc": 64,
  "model": "nvidia/Llama-3.3-70B-Instruct-FP8",
  "framework": "vllm",
  "precision": "fp8",
  "tput_per_gpu": 2658.7590652265458,
  "mean_ttft": 0.42241960253595606,
  "median_ttft": 0.14277802826836705,
  "std_ttft": 0.8896481137668086,
  "p99_ttft": 4.673466100366786,
  "mean_tpot": 0.022858444036787655,
  "mean_intvty": 43.74750960260601,
  "median_tpot": 0.023171979591592017,
  "median_intvty": 43.15557054792381,
  "std_tpot": 0.001234098992833807,
  "std_intvty": 810.3077676967746,
  "p99_tpot": 0.024737481626833854,
  "p99_intvty": 40.42448682064933,
  "mean_itl": 0.022884610901795045,
  "median_itl": 0.01822064910084009,
  "std_itl": 0.02227833253883093,
  "p99_itl": 0.1069259094074369,
  "mean_e2el": 21.49489099494385,
  "median_e2el": 21.540713257621974,
  "std_e2el": 2.082813755740038,
  "p99_e2el": 26.780996285872536
}