{
  "hw": "h100",
  "tp": 8,
  "conc": 8,
  "model": "nvidia/Llama-3.3-70B-Instruct-FP8",
  "framework": "vllm",
  "precision": "fp8",
  "tput_per_gpu": 206.75579170906832,
  "mean_ttft": 0.07424060207558796,
  "median_ttft": 0.05604695342481136,
  "std_ttft": 0.052936848273581714,
  "p99_ttft": 0.2454225915670395,
  "mean_tpot": 0.009343631188902395,
  "mean_intvty": 107.024772252111,
  "median_tpot": 0.009372734940558836,
  "median_intvty": 106.69244423766628,
  "std_tpot": 9.878450046326924e-05,
  "std_intvty": 10123.045572031082,
  "p99_tpot": 0.00945021568653319,
  "p99_intvty": 105.8176906401223,
  "mean_itl": 0.009345587921231429,
  "median_itl": 0.00908021442592144,
  "std_itl": 0.003180678736367594,
  "p99_itl": 0.009665413154289128,
  "mean_e2el": 8.74764697945211,
  "median_e2el": 8.806846912484616,
  "std_e2el": 0.5831660600932546,
  "p99_e2el": 9.690892489077523
}