{
  "hw": "h200-trt",
  "tp": 4,
  "conc": 4,
  "model": "nvidia/Llama-3.3-70B-Instruct-FP8",
  "framework": "trt",
  "precision": "fp8",
  "tput_per_gpu": 239.74015059334974,
  "mean_ttft": 0.22347717585507781,
  "median_ttft": 0.21925332117825747,
  "std_ttft": 0.05169523554792406,
  "p99_ttft": 0.369044350059703,
  "mean_tpot": 0.007870620387237487,
  "mean_intvty": 127.05478739916593,
  "median_tpot": 0.007874368433415754,
  "median_intvty": 126.99431179221806,
  "std_tpot": 3.962085627106357e-05,
  "std_intvty": 25239.232417355233,
  "p99_tpot": 0.007953011166611183,
  "p99_intvty": 125.73853840395209,
  "mean_itl": 0.07820111338429676,
  "median_itl": 0.07755579985678196,
  "std_itl": 0.008647884568368952,
  "p99_itl": 0.11948984349146485,
  "mean_e2el": 7.439484753319993,
  "median_e2el": 7.505073268897831,
  "std_e2el": 0.4933777636715967,
  "p99_e2el": 8.238160026920959
}