{
  "hw": "mi300x",
  "tp": 4,
  "conc": 4,
  "model": "amd/Llama-3.3-70B-Instruct-FP8-KV",
  "framework": "vllm",
  "precision": "fp8",
  "tput_per_gpu": 690.9646382640117,
  "mean_ttft": 0.7254139628494158,
  "median_ttft": 0.6346734354738146,
  "std_ttft": 0.3261737676602432,
  "p99_ttft": 1.8551877978118136,
  "mean_tpot": 0.011953918035889298,
  "mean_intvty": 83.65458061513353,
  "median_tpot": 0.012089482885748909,
  "median_intvty": 82.71652389522804,
  "std_tpot": 0.0006226150767449592,
  "std_intvty": 1606.1287902439092,
  "p99_tpot": 0.01309082940243683,
  "p99_intvty": 76.3893538948611,
  "mean_itl": 0.011973945975907688,
  "median_itl": 0.010205328464508057,
  "std_itl": 0.03274240006315067,
  "p99_itl": 0.01963044851087034,
  "mean_e2el": 11.71570007490227,
  "median_e2el": 11.52953828102909,
  "std_e2el": 0.9374083958821509,
  "p99_e2el": 13.771337519530206
}