{
  "hw": "h200",
  "tp": 2,
  "conc": 32,
  "model": "nvidia/Llama-3.3-70B-Instruct-FP8",
  "framework": "vllm",
  "precision": "fp8",
  "tput_per_gpu": 1512.0038747973647,
  "mean_ttft": 0.27848317242460324,
  "median_ttft": 0.12205927260220051,
  "std_ttft": 0.4699243059951628,
  "p99_ttft": 2.376845197621733,
  "mean_tpot": 0.020304820815734665,
  "mean_intvty": 49.249388067737954,
  "median_tpot": 0.020513463098448627,
  "median_intvty": 48.7484729029311,
  "std_tpot": 0.0007222877472144113,
  "std_intvty": 1384.4897741331197,
  "p99_tpot": 0.021134009273205974,
  "p99_intvty": 47.31709857191251,
  "mean_itl": 0.020314076320150812,
  "median_itl": 0.018185017630457878,
  "std_itl": 0.013858651938968226,
  "p99_itl": 0.08544289302080871,
  "mean_e2el": 19.022090838069563,
  "median_e2el": 19.00732479058206,
  "std_e2el": 1.4884007948252282,
  "p99_e2el": 22.282099451562395
}