{
  "hw": "mi325x",
  "tp": 4,
  "conc": 16,
  "model": "amd/Llama-3.3-70B-Instruct-FP8-KV",
  "framework": "vllm",
  "precision": "fp8",
  "tput_per_gpu": 539.1043010546381,
  "mean_ttft": 0.22992194056278095,
  "median_ttft": 0.12951571261510253,
  "std_ttft": 0.3076445491573791,
  "p99_ttft": 1.2201097941305488,
  "mean_tpot": 0.014326176097161936,
  "mean_intvty": 69.80229708317654,
  "median_tpot": 0.01441554900921738,
  "median_intvty": 69.36953974909972,
  "std_tpot": 0.00030864609682556757,
  "std_intvty": 3239.9567345416763,
  "p99_tpot": 0.014758427558322757,
  "p99_intvty": 67.75789602572311,
  "mean_itl": 0.014330273840239365,
  "median_itl": 0.013214359059929848,
  "std_itl": 0.009547297405950807,
  "p99_itl": 0.08340738201513882,
  "mean_e2el": 13.340599591864157,
  "median_e2el": 13.335723014781252,
  "std_e2el": 0.9749790659416827,
  "p99_e2el": 15.393425375791267
}