{
  "hw": "mi300x",
  "tp": 4,
  "conc": 16,
  "model": "amd/Llama-3.3-70B-Instruct-FP8-KV",
  "framework": "vllm",
  "precision": "fp8",
  "tput_per_gpu": 626.6378728057759,
  "mean_ttft": 0.22561736605712213,
  "median_ttft": 0.12262426223605871,
  "std_ttft": 0.29389877014128585,
  "p99_ttft": 1.1667858473863453,
  "mean_tpot": 0.012305561099691742,
  "mean_intvty": 81.26407173948779,
  "median_tpot": 0.012420733110472051,
  "median_intvty": 80.51054564218029,
  "std_tpot": 0.0003586293777208166,
  "std_intvty": 2788.3939858894473,
  "p99_tpot": 0.012745771599186512,
  "p99_intvty": 78.45739210200692,
  "mean_itl": 0.0123106969255679,
  "median_itl": 0.011188158765435219,
  "std_itl": 0.009793620244902865,
  "p99_itl": 0.08762470092624426,
  "mean_e2el": 11.488596694241277,
  "median_e2el": 11.51626620348543,
  "std_e2el": 0.8661949117922705,
  "p99_e2el": 13.267420705417171
}