{
  "hw": "mi300x",
  "tp": 4,
  "conc": 16,
  "model": "openai/gpt-oss-120b",
  "framework": "vllm",
  "precision": "fp4",
  "tput_per_gpu": 623.6573694267432,
  "mean_ttft": 0.31007174528203907,
  "median_ttft": 0.05201924289576709,
  "std_ttft": 0.7762728579178731,
  "p99_ttft": 3.471075766617432,
  "mean_tpot": 0.007005136530463832,
  "mean_intvty": 142.75239256954023,
  "median_tpot": 0.006971925585539302,
  "median_intvty": 143.43239722382185,
  "std_tpot": 0.0002515904458637257,
  "std_intvty": 3974.7137319421554,
  "p99_tpot": 0.0074786642803768765,
  "p99_intvty": 133.7137171170901,
  "mean_itl": 0.0070056848422609145,
  "median_itl": 0.006952804047614336,
  "std_itl": 0.0049286503519662996,
  "p99_itl": 0.007671995484270156,
  "mean_e2el": 51.99083353270835,
  "median_e2el": 51.975087730214,
  "std_e2el": 3.9988709587409215,
  "p99_e2el": 60.54727454783395
}