{
  "hw": "mi300x",
  "tp": 2,
  "conc": 32,
  "model": "openai/gpt-oss-120b",
  "framework": "vllm",
  "precision": "fp4",
  "tput_per_gpu": 1389.3597164373716,
  "mean_ttft": 0.38024666960336617,
  "median_ttft": 0.0948377579334192,
  "std_ttft": 0.8604154558883842,
  "p99_ttft": 3.9608484683034506,
  "mean_tpot": 0.012618716147737708,
  "mean_intvty": 79.24736465201183,
  "median_tpot": 0.01272134642443027,
  "median_intvty": 78.60803146430982,
  "std_tpot": 0.0006545402183710095,
  "std_intvty": 1527.7899996561791,
  "p99_tpot": 0.013767424959025172,
  "p99_intvty": 72.63522430492382,
  "mean_itl": 0.012623359757700283,
  "median_itl": 0.012502545025199652,
  "std_itl": 0.005651061038471391,
  "p99_itl": 0.014227391080930829,
  "mean_e2el": 93.98210408873419,
  "median_e2el": 94.35906479402911,
  "std_e2el": 7.698952002327471,
  "p99_e2el": 109.9976237453625
}