{
  "hw": "mi300x",
  "tp": 1,
  "conc": 32,
  "model": "amd/Llama-3.3-70B-Instruct-FP8-KV",
  "framework": "vllm",
  "precision": "fp8",
  "tput_per_gpu": 3185.8411129755764,
  "mean_ttft": 4.52679735981801,
  "median_ttft": 1.559846265707165,
  "std_ttft": 8.899808128925757,
  "p99_ttft": 39.66207185901701,
  "mean_tpot": 0.08331366364240834,
  "mean_intvty": 12.002833104208609,
  "median_tpot": 0.08655428283657089,
  "median_intvty": 11.553443310115213,
  "std_tpot": 0.012080670562278887,
  "std_intvty": 82.77686199989887,
  "p99_tpot": 0.10269002291331439,
  "p99_intvty": 9.738044375003678,
  "mean_itl": 0.08352978654555165,
  "median_itl": 0.04270843882113695,
  "std_itl": 0.26980254553006644,
  "p99_itl": 1.4613563683442763,
  "mean_e2el": 81.74564735682506,
  "median_e2el": 81.83732503745705,
  "std_e2el": 13.952069522928062,
  "p99_e2el": 119.93103480023332
}