{
  "hw": "h100",
  "tp": 2,
  "conc": 4,
  "model": "nvidia/Llama-3.3-70B-Instruct-FP8",
  "framework": "vllm",
  "precision": "fp8",
  "tput_per_gpu": 821.8116688218279,
  "mean_ttft": 0.7360714060720056,
  "median_ttft": 0.690726479049772,
  "std_ttft": 0.272877012187797,
  "p99_ttft": 1.8483378830924626,
  "mean_tpot": 0.020591399824858796,
  "mean_intvty": 48.56396400951616,
  "median_tpot": 0.020693543763209497,
  "median_intvty": 48.324250860206625,
  "std_tpot": 0.0006676214063366579,
  "std_intvty": 1497.8549077495206,
  "p99_tpot": 0.02214375184420857,
  "p99_intvty": 45.159465615197355,
  "mean_itl": 0.02059280228464539,
  "median_itl": 0.018612626008689404,
  "std_itl": 0.035859232262011626,
  "p99_itl": 0.01920544445514679,
  "mean_e2el": 19.663430653209797,
  "median_e2el": 19.460916954558343,
  "std_e2el": 1.4473805756130331,
  "p99_e2el": 22.660011957278474
}