{
  "hw": "mi300x",
  "tp": 1,
  "conc": 16,
  "model": "openai/gpt-oss-120b",
  "framework": "vllm",
  "precision": "fp4",
  "tput_per_gpu": 1225.067311852347,
  "mean_ttft": 0.40250425051781347,
  "median_ttft": 0.1219909586943686,
  "std_ttft": 0.8744342744811434,
  "p99_ttft": 3.983799767335877,
  "mean_tpot": 0.014367999118925076,
  "mean_intvty": 69.59911339936203,
  "median_tpot": 0.01434173107593848,
  "median_intvty": 69.72658981716145,
  "std_tpot": 0.0005284593478526359,
  "std_intvty": 1892.2931424402695,
  "p99_tpot": 0.01536666486134902,
  "p99_intvty": 65.07592955419028,
  "mean_itl": 0.014369298034446386,
  "median_itl": 0.014220743905752897,
  "std_itl": 0.005885089742611844,
  "p99_itl": 0.01609381320886314,
  "mean_e2el": 106.40445626579458,
  "median_e2el": 106.57656357437372,
  "std_e2el": 8.106963183211475,
  "p99_e2el": 122.72668967259116
}