{
  "hw": "mi300x",
  "tp": 8,
  "conc": 8,
  "model": "openai/gpt-oss-120b",
  "framework": "vllm",
  "precision": "fp4",
  "tput_per_gpu": 218.7004111157434,
  "mean_ttft": 0.2690842480631545,
  "median_ttft": 0.046503144316375256,
  "std_ttft": 0.6605859437157368,
  "p99_ttft": 2.592767942370847,
  "mean_tpot": 0.0049754773673352055,
  "mean_intvty": 200.98573989405676,
  "median_tpot": 0.0049607852504170245,
  "median_intvty": 201.58098960561452,
  "std_tpot": 8.92737366583569e-05,
  "std_intvty": 11201.502675158721,
  "p99_tpot": 0.005290609535334485,
  "p99_intvty": 189.01413784579694,
  "mean_itl": 0.004975101840668086,
  "median_itl": 0.004930807277560234,
  "std_itl": 0.003233832674621745,
  "p99_itl": 0.005228124940767884,
  "mean_e2el": 36.87090808867943,
  "median_e2el": 36.95666337385774,
  "std_e2el": 2.4228076025443634,
  "p99_e2el": 41.62869942077433
}