{
  "hw": "mi300x",
  "tp": 8,
  "conc": 16,
  "model": "amd/Llama-3.3-70B-Instruct-FP8-KV",
  "framework": "vllm",
  "precision": "fp8",
  "tput_per_gpu": 367.88765396125086,
  "mean_ttft": 0.19252494416432456,
  "median_ttft": 0.11459935270249844,
  "std_ttft": 0.22563211741077693,
  "p99_ttft": 0.8887587413797153,
  "mean_tpot": 0.010486983114971284,
  "mean_intvty": 95.35630877219528,
  "median_tpot": 0.010605789044170331,
  "median_intvty": 94.28812847731199,
  "std_tpot": 0.00036860262160971367,
  "std_intvty": 2712.9486915555003,
  "p99_tpot": 0.010969897969420873,
  "p99_intvty": 91.15855068001079,
  "mean_itl": 0.010811553181686766,
  "median_itl": 0.009319194592535496,
  "std_itl": 0.010306487670241992,
  "p99_itl": 0.08932286545168613,
  "mean_e2el": 9.792237970058341,
  "median_e2el": 9.780836067395285,
  "std_e2el": 0.7684222842042128,
  "p99_e2el": 11.260404883581213
}