{
  "hw": "mi300x",
  "tp": 1,
  "conc": 4,
  "model": "amd/Llama-3.3-70B-Instruct-FP8-KV",
  "framework": "vllm",
  "precision": "fp8",
  "tput_per_gpu": 295.3961865841027,
  "mean_ttft": 0.26904042577371,
  "median_ttft": 0.2344884576741606,
  "std_ttft": 0.10563116274907683,
  "p99_ttft": 0.5680789674073458,
  "mean_tpot": 0.02613559096300936,
  "mean_intvty": 38.26200071065299,
  "median_tpot": 0.026191511199517056,
  "median_intvty": 38.18030935223161,
  "std_tpot": 0.00036270172644276857,
  "std_intvty": 2757.0864076319526,
  "p99_tpot": 0.02653157340825804,
  "p99_intvty": 37.69094220732294,
  "mean_itl": 0.026136770778843566,
  "median_itl": 0.025714815128594637,
  "std_itl": 0.008886933892002322,
  "p99_itl": 0.026181733626872296,
  "mean_e2el": 24.229271353245714,
  "median_e2el": 24.578437705757096,
  "std_e2el": 1.6805479850847014,
  "p99_e2el": 26.87103053752333
}