{
  "hw": "mi300x",
  "tp": 4,
  "conc": 64,
  "model": "openai/gpt-oss-120b",
  "framework": "vllm",
  "precision": "fp4",
  "tput_per_gpu": 1575.7864312941051,
  "mean_ttft": 0.24688039522443433,
  "median_ttft": 0.06670971284620464,
  "std_ttft": 0.5070638087310648,
  "p99_ttft": 2.73486770643387,
  "mean_tpot": 0.011108549917250937,
  "mean_intvty": 90.02075045340146,
  "median_tpot": 0.011139816330800106,
  "median_intvty": 89.7680868611032,
  "std_tpot": 0.00036727221609988856,
  "std_intvty": 2722.776066807149,
  "p99_tpot": 0.011559774941635275,
  "p99_intvty": 86.50687448924826,
  "mean_itl": 0.01177645286143093,
  "median_itl": 0.010724811116233468,
  "std_itl": 0.009907225191097121,
  "p99_itl": 0.02987594833131878,
  "mean_e2el": 82.2944209350746,
  "median_e2el": 82.10656246403232,
  "std_e2el": 6.14019727114694,
  "p99_e2el": 93.65642521476373
}