{
  "hw": "mi355x",
  "tp": 8,
  "conc": 64,
  "model": "amd/Llama-3.3-70B-Instruct-FP8-KV",
  "framework": "vllm",
  "precision": "fp8",
  "tput_per_gpu": 1139.1551989986704,
  "mean_ttft": 0.2314720920432592,
  "median_ttft": 0.08581975870765746,
  "std_ttft": 0.41234624422272587,
  "p99_ttft": 1.490726752569899,
  "mean_tpot": 0.01336170489267747,
  "mean_intvty": 74.84074884396104,
  "median_tpot": 0.0136396181574052,
  "median_intvty": 73.31583541853638,
  "std_tpot": 0.0007889567767646901,
  "std_intvty": 1267.4965593181723,
  "p99_tpot": 0.014271000162919307,
  "p99_intvty": 70.0721735396181,
  "mean_itl": 0.013712292793652903,
  "median_itl": 0.01081474032253027,
  "std_itl": 0.011409313210096517,
  "p99_itl": 0.059183962009847164,
  "mean_e2el": 12.546375007963798,
  "median_e2el": 12.641509873326868,
  "std_e2el": 1.1164564795080063,
  "p99_e2el": 14.62963524226565
}