{
  "hw": "h100",
  "tp": 8,
  "conc": 32,
  "model": "openai/gpt-oss-120b",
  "framework": "vllm",
  "precision": "fp4",
  "tput_per_gpu": 630.9250049392994,
  "mean_ttft": 0.05950140443455894,
  "median_ttft": 0.03444125037640333,
  "std_ttft": 0.0778275279120803,
  "p99_ttft": 0.40377521530725063,
  "mean_tpot": 0.006940693380661789,
  "mean_intvty": 144.0778240955302,
  "median_tpot": 0.00694048011355752,
  "median_intvty": 144.0822513195596,
  "std_tpot": 0.00013140100576998888,
  "std_intvty": 7610.291824938172,
  "p99_tpot": 0.007211172619643719,
  "p99_intvty": 138.67370159409757,
  "mean_itl": 0.006941932338818988,
  "median_itl": 0.006887547671794891,
  "std_itl": 0.001001033068275004,
  "p99_itl": 0.007503068652004003,
  "mean_e2el": 51.53304013477464,
  "median_e2el": 51.77160694357008,
  "std_e2el": 3.4438965193184714,
  "p99_e2el": 58.14867062098347
}