{
  "hw": "b200",
  "tp": 4,
  "conc": 4,
  "model": "nvidia/Llama-3.3-70B-Instruct-FP8",
  "framework": "vllm",
  "precision": "fp8",
  "tput_per_gpu": 248.05722014552055,
  "mean_ttft": 0.09933736710518133,
  "median_ttft": 0.09276564797619358,
  "std_ttft": 0.01998260085145781,
  "p99_ttft": 0.15882672153878957,
  "mean_tpot": 0.00773906321428471,
  "mean_intvty": 129.21460547759926,
  "median_tpot": 0.007752119783254642,
  "median_intvty": 128.9969747578076,
  "std_tpot": 6.795214299407568e-05,
  "std_intvty": 14716.239340489728,
  "p99_tpot": 0.007827433302233545,
  "p99_intvty": 127.75579955624171,
  "mean_itl": 0.007739937873457141,
  "median_itl": 0.007551752962172031,
  "std_itl": 0.003446528944909962,
  "p99_itl": 0.007965336246415973,
  "mean_e2el": 7.194731762222363,
  "median_e2el": 7.2691740519949235,
  "std_e2el": 0.4992155404251992,
  "p99_e2el": 8.006526241741376
}