{
  "hw": "mi300x",
  "tp": 1,
  "conc": 8,
  "model": "amd/Llama-3.3-70B-Instruct-FP8-KV",
  "framework": "vllm",
  "precision": "fp8",
  "tput_per_gpu": 1503.4378792328412,
  "mean_ttft": 2.9853199465433136,
  "median_ttft": 2.363162999972701,
  "std_ttft": 2.128242180858013,
  "p99_ttft": 10.349775339039043,
  "mean_tpot": 0.04345831770671272,
  "mean_intvty": 23.010554774547487,
  "median_tpot": 0.044420519690942045,
  "median_intvty": 22.512118429895672,
  "std_tpot": 0.004688743255249421,
  "std_intvty": 213.27676640865766,
  "p99_tpot": 0.05044605467442543,
  "p99_intvty": 19.82315577410197,
  "mean_itl": 0.04359332441351515,
  "median_itl": 0.028385465033352375,
  "std_itl": 0.18879445642152715,
  "p99_itl": 0.0291858734190464,
  "mean_e2el": 43.30315074379323,
  "median_e2el": 43.2557752081193,
  "std_e2el": 5.701562327025099,
  "p99_e2el": 54.85077000988647
}