{
  "hw": "mi300x",
  "tp": 2,
  "conc": 4,
  "model": "amd/Llama-3.3-70B-Instruct-FP8-KV",
  "framework": "vllm",
  "precision": "fp8",
  "tput_per_gpu": 879.1559526004978,
  "mean_ttft": 1.3085276775062085,
  "median_ttft": 1.0983259221538901,
  "std_ttft": 0.630490891490036,
  "p99_ttft": 3.188507246468216,
  "mean_tpot": 0.018623935625789435,
  "mean_intvty": 53.69434367112251,
  "median_tpot": 0.018916444672092497,
  "median_intvty": 52.864056503984806,
  "std_tpot": 0.0010184829766985597,
  "std_intvty": 981.8524441532909,
  "p99_tpot": 0.01993197819422783,
  "p99_intvty": 50.17063485899224,
  "mean_itl": 0.018623971879050617,
  "median_itl": 0.015660901553928852,
  "std_itl": 0.05509445730234798,
  "p99_itl": 0.016195325329899788,
  "mean_e2el": 18.426285362336785,
  "median_e2el": 18.098502815701067,
  "std_e2el": 1.5104108390214004,
  "p99_e2el": 21.74765431015752
}