{
  "hw": "mi325x",
  "tp": 4,
  "conc": 4,
  "model": "amd/Llama-3.3-70B-Instruct-FP8-KV",
  "framework": "vllm",
  "precision": "fp8",
  "tput_per_gpu": 165.01335531218453,
  "mean_ttft": 0.14242615764960648,
  "median_ttft": 0.11395701603032649,
  "std_ttft": 0.10104190212788022,
  "p99_ttft": 0.49757095918525013,
  "mean_tpot": 0.011663072213780403,
  "mean_intvty": 85.74070207834764,
  "median_tpot": 0.011674661367833204,
  "median_intvty": 85.65558935655862,
  "std_tpot": 0.00012072547534685142,
  "std_intvty": 8283.255850738553,
  "p99_tpot": 0.011886763871006881,
  "p99_intvty": 84.12718641102222,
  "mean_itl": 0.011663193264232234,
  "median_itl": 0.011424894910305738,
  "std_itl": 0.0042008374489145425,
  "p99_itl": 0.012472776658833024,
  "mean_e2el": 10.834366656071506,
  "median_e2el": 10.915688567096367,
  "std_e2el": 0.7549859539100747,
  "p99_e2el": 12.223360042842105
}