{
  "hw": "mi355x",
  "tp": 2,
  "conc": 8,
  "model": "amd/Llama-3.3-70B-Instruct-FP8-KV",
  "framework": "vllm",
  "precision": "fp8",
  "tput_per_gpu": 603.0138042426876,
  "mean_ttft": 0.13960503132548183,
  "median_ttft": 0.09477712749503553,
  "std_ttft": 0.13129877885984265,
  "p99_ttft": 0.6242019655089825,
  "mean_tpot": 0.012764989523273517,
  "mean_intvty": 78.33927307004598,
  "median_tpot": 0.012797851437044372,
  "median_intvty": 78.13811598917476,
  "std_tpot": 0.0001123677474937072,
  "std_intvty": 8899.350768386648,
  "p99_tpot": 0.012931525015725257,
  "p99_intvty": 77.33039983945896,
  "mean_itl": 0.012820893336274446,
  "median_itl": 0.012387227034196258,
  "std_itl": 0.005998467318798782,
  "p99_itl": 0.025064112129621202,
  "mean_e2el": 11.988674288103358,
  "median_e2el": 12.077796047087759,
  "std_e2el": 0.7955679961026738,
  "p99_e2el": 13.230473499740473
}