{
  "hw": "mi300x",
  "tp": 2,
  "conc": 16,
  "model": "openai/gpt-oss-120b",
  "framework": "vllm",
  "precision": "fp4",
  "tput_per_gpu": 5111.755903807743,
  "mean_ttft": 0.5725170768273529,
  "median_ttft": 0.24129668797831982,
  "std_ttft": 0.9588224831942702,
  "p99_ttft": 4.566674922277449,
  "mean_tpot": 0.013166130017863592,
  "mean_intvty": 75.95246276948626,
  "median_tpot": 0.013239282796697137,
  "median_intvty": 75.53279247494241,
  "std_tpot": 0.0009907949319919328,
  "std_intvty": 1009.2905885071101,
  "p99_tpot": 0.01576087123035434,
  "p99_intvty": 63.44826915875499,
  "mean_itl": 0.013180503944763356,
  "median_itl": 0.010133709060028195,
  "std_itl": 0.02752410943373971,
  "p99_itl": 0.19190598044660875,
  "mean_e2el": 12.621639358744869,
  "median_e2el": 12.46761808206793,
  "std_e2el": 1.5841541491538498,
  "p99_e2el": 17.054449859142768
}