{
  "hw": "mi300x",
  "tp": 4,
  "conc": 64,
  "model": "amd/Llama-3.3-70B-Instruct-FP8-KV",
  "framework": "vllm",
  "precision": "fp8",
  "tput_per_gpu": 2461.524142885227,
  "mean_ttft": 2.518304120450921,
  "median_ttft": 0.6505034058354795,
  "std_ttft": 5.404396111189693,
  "p99_ttft": 26.983207456963136,
  "mean_tpot": 0.05512528716907554,
  "mean_intvty": 18.140495067769642,
  "median_tpot": 0.057326882099505885,
  "median_intvty": 17.443823270629597,
  "std_tpot": 0.008136240510120728,
  "std_intvty": 122.90688786253217,
  "p99_tpot": 0.06932913627638733,
  "p99_intvty": 14.423950069324432,
  "mean_itl": 0.05525969063956919,
  "median_itl": 0.024802573956549168,
  "std_itl": 0.1520650441123272,
  "p99_itl": 0.5708352077007294,
  "mean_e2el": 53.39926853374491,
  "median_e2el": 53.900021178182214,
  "std_e2el": 9.340302930995213,
  "p99_e2el": 78.76383805436082
}