{
  "hw": "h100",
  "tp": 4,
  "conc": 4,
  "model": "openai/gpt-oss-120b",
  "framework": "vllm",
  "precision": "fp4",
  "tput_per_gpu": 219.47401356926605,
  "mean_ttft": 0.040299565461464223,
  "median_ttft": 0.0353801385499537,
  "std_ttft": 0.015312901156149797,
  "p99_ttft": 0.09387410530820489,
  "mean_tpot": 0.00505235238331588,
  "mean_intvty": 197.9276036450363,
  "median_tpot": 0.005050042428757279,
  "median_intvty": 198.0181382844503,
  "std_tpot": 6.363354018252496e-05,
  "std_intvty": 15714.982965455374,
  "p99_tpot": 0.005168214690947731,
  "p99_intvty": 193.49041396278048,
  "mean_itl": 0.005053119171013082,
  "median_itl": 0.0050556776113808155,
  "std_itl": 0.0004021933549945985,
  "p99_itl": 0.00526096903719008,
  "mean_e2el": 36.73125038386788,
  "median_e2el": 36.49388796556741,
  "std_e2el": 2.427345748855311,
  "p99_e2el": 41.389116186210885
}