{
  "hw": "mi300x",
  "tp": 8,
  "conc": 32,
  "model": "amd/Llama-3.3-70B-Instruct-FP8-KV",
  "framework": "vllm",
  "precision": "fp8",
  "tput_per_gpu": 591.3787625628153,
  "mean_ttft": 0.24389179631107255,
  "median_ttft": 0.12370339990593493,
  "std_ttft": 0.3357627239534066,
  "p99_ttft": 1.3201279832655564,
  "mean_tpot": 0.012914357979348168,
  "mean_intvty": 77.43319502209381,
  "median_tpot": 0.013137135652737438,
  "median_intvty": 76.12009394084517,
  "std_tpot": 0.0006981174310402205,
  "std_intvty": 1432.423766457118,
  "p99_tpot": 0.013756125197156,
  "p99_intvty": 72.69488941600679,
  "mean_itl": 0.012923717380180062,
  "median_itl": 0.01065822085365653,
  "std_itl": 0.01390614252440149,
  "p99_itl": 0.09260036740452052,
  "mean_e2el": 12.168484520609491,
  "median_e2el": 12.218561190878972,
  "std_e2el": 1.053766041145425,
  "p99_e2el": 14.185389894577675
}