{
  "hw": "h100",
  "tp": 4,
  "conc": 8,
  "model": "openai/gpt-oss-120b",
  "framework": "vllm",
  "precision": "fp4",
  "tput_per_gpu": 379.5790094999152,
  "mean_ttft": 0.04604512198129669,
  "median_ttft": 0.0375312902033329,
  "std_ttft": 0.027923342462931034,
  "p99_ttft": 0.13670423358678818,
  "mean_tpot": 0.005777231254456822,
  "mean_intvty": 173.0932960712892,
  "median_tpot": 0.005781095862719871,
  "median_intvty": 172.97758482931008,
  "std_tpot": 9.164583753142307e-05,
  "std_intvty": 10911.570311713556,
  "p99_tpot": 0.005903154394179995,
  "p99_intvty": 169.4009563744283,
  "mean_itl": 0.005778343262453054,
  "median_itl": 0.005766263231635094,
  "std_itl": 0.0006299356216231236,
  "p99_itl": 0.006077470686286688,
  "mean_e2el": 42.55731637006393,
  "median_e2el": 42.62328804889694,
  "std_e2el": 2.839294831686947,
  "p99_e2el": 47.975744217997416
}