{
  "hw": "mi300x",
  "tp": 8,
  "conc": 16,
  "model": "amd/Llama-3.3-70B-Instruct-FP8-KV",
  "framework": "vllm",
  "precision": "fp8",
  "tput_per_gpu": 942.4847116832674,
  "mean_ttft": 0.9926697716466151,
  "median_ttft": 0.6608275482431054,
  "std_ttft": 1.0272187622882445,
  "p99_ttft": 4.1079156761989,
  "mean_tpot": 0.017638429984733563,
  "mean_intvty": 56.69438838181864,
  "median_tpot": 0.018321021299047148,
  "median_intvty": 54.58211000780882,
  "std_tpot": 0.0022195591562410495,
  "std_intvty": 450.5399178878194,
  "p99_tpot": 0.020526363164907042,
  "p99_intvty": 48.71783627552946,
  "mean_itl": 0.017699654347779314,
  "median_itl": 0.01005401648581028,
  "std_itl": 0.06548033910531702,
  "p99_itl": 0.5270273618772626,
  "mean_e2el": 17.15986556833377,
  "median_e2el": 17.31820770073682,
  "std_e2el": 2.2898198974768618,
  "p99_e2el": 21.49473099337891
}