{
  "hw": "b200",
  "tp": 1,
  "conc": 64,
  "model": "nvidia/Llama-3.3-70B-Instruct-FP8",
  "framework": "vllm",
  "precision": "fp8",
  "tput_per_gpu": 5281.756743608509,
  "mean_ttft": 0.37677693066871143,
  "median_ttft": 0.1216038060374558,
  "std_ttft": 0.7762896857839169,
  "p99_ttft": 4.128278894280084,
  "mean_tpot": 0.0230029655912214,
  "mean_intvty": 43.472655559752226,
  "median_tpot": 0.023099964854445248,
  "median_intvty": 43.29010915389184,
  "std_tpot": 0.001296794872550439,
  "std_intvty": 771.1319817553526,
  "p99_tpot": 0.025032606426466757,
  "p99_intvty": 39.94789767248163,
  "mean_itl": 0.023025107694722186,
  "median_itl": 0.018844630103558302,
  "std_itl": 0.028206497229624074,
  "p99_itl": 0.08615393755026163,
  "mean_e2el": 21.57861978029687,
  "median_e2el": 21.69506309449207,
  "std_e2el": 2.051249006012939,
  "p99_e2el": 26.218913896004672
}