{
  "hw": "mi300x",
  "tp": 2,
  "conc": 16,
  "model": "amd/Llama-3.3-70B-Instruct-FP8-KV",
  "framework": "vllm",
  "precision": "fp8",
  "tput_per_gpu": 1415.3320639273893,
  "mean_ttft": 3.074538822070463,
  "median_ttft": 2.014747760957107,
  "std_ttft": 3.2024612081409742,
  "p99_ttft": 12.891933830287307,
  "mean_tpot": 0.046695367756766235,
  "mean_intvty": 21.41540045704209,
  "median_tpot": 0.04897476018844195,
  "median_intvty": 20.418680890978617,
  "std_tpot": 0.007788988303133277,
  "std_intvty": 128.38637844631631,
  "p99_tpot": 0.057208504185418334,
  "p99_intvty": 17.479918663122227,
  "mean_itl": 0.04687789954916995,
  "median_itl": 0.020663677481934428,
  "std_itl": 0.2238401946639169,
  "p99_itl": 1.7582034173654393,
  "mean_e2el": 45.928556510663476,
  "median_e2el": 46.956821645842865,
  "std_e2el": 7.383537890194291,
  "p99_e2el": 58.944138103243894
}