{
  "hw": "mi300x",
  "tp": 1,
  "conc": 8,
  "model": "openai/gpt-oss-120b",
  "framework": "vllm",
  "precision": "fp4",
  "tput_per_gpu": 5352.861867448219,
  "mean_ttft": 0.589948327827733,
  "median_ttft": 0.338197301607579,
  "std_ttft": 0.6564357090431634,
  "p99_ttft": 3.225317897484636,
  "mean_tpot": 0.012466320733748287,
  "mean_intvty": 80.21612963100196,
  "median_tpot": 0.012495149444533223,
  "median_intvty": 80.0310556059425,
  "std_tpot": 0.0008216522744490765,
  "std_intvty": 1217.0598574323997,
  "p99_tpot": 0.014217137850079576,
  "p99_intvty": 70.33764535063595,
  "mean_itl": 0.013326164455514183,
  "median_itl": 0.010470174718648195,
  "std_itl": 0.02900757103563629,
  "p99_itl": 0.031299780160188674,
  "mean_e2el": 12.14523190652253,
  "median_e2el": 12.132683575851843,
  "std_e2el": 1.4569072913747387,
  "p99_e2el": 16.135773867513052
}