{
  "hw": "mi300x",
  "tp": 4,
  "conc": 4,
  "model": "amd/Llama-3.3-70B-Instruct-FP8-KV",
  "framework": "vllm",
  "precision": "fp8",
  "tput_per_gpu": 175.45748819333988,
  "mean_ttft": 0.14370496524497867,
  "median_ttft": 0.10757958283647895,
  "std_ttft": 0.11239801638837887,
  "p99_ttft": 0.5383187974430621,
  "mean_tpot": 0.010952267274687016,
  "mean_intvty": 91.30529550819213,
  "median_tpot": 0.010966950104194285,
  "median_intvty": 91.1830536748364,
  "std_tpot": 0.00011805683794988131,
  "std_intvty": 8470.4962233914,
  "p99_tpot": 0.011202090834808484,
  "p99_intvty": 89.26904938966213,
  "mean_itl": 0.01095227144982442,
  "median_itl": 0.010723847895860672,
  "std_itl": 0.004637277382196128,
  "p99_itl": 0.010964387468993664,
  "mean_e2el": 10.183925752644427,
  "median_e2el": 10.273362973239273,
  "std_e2el": 0.713211992069796,
  "p99_e2el": 11.53839333561249
}