{
  "hw": "h200",
  "tp": 4,
  "conc": 16,
  "model": "nvidia/Llama-3.3-70B-Instruct-FP8",
  "framework": "vllm",
  "precision": "fp8",
  "tput_per_gpu": 706.5520185494133,
  "mean_ttft": 0.12937968180485768,
  "median_ttft": 0.07692387298448011,
  "std_ttft": 0.14979395240821972,
  "p99_ttft": 0.7318264098418876,
  "mean_tpot": 0.010980381791570584,
  "mean_intvty": 91.07151454129578,
  "median_tpot": 0.011039419474260164,
  "median_intvty": 90.58447342558452,
  "std_tpot": 0.00019882877572669383,
  "std_intvty": 5029.453087688778,
  "p99_tpot": 0.011240203956637107,
  "p99_intvty": 88.96635718158129,
  "mean_itl": 0.010982925182508596,
  "median_itl": 0.010309422970749438,
  "std_itl": 0.0061420157557540754,
  "p99_itl": 0.054476741794496776,
  "mean_e2el": 10.17758913228099,
  "median_e2el": 10.189129443548154,
  "std_e2el": 0.7353301706223112,
  "p99_e2el": 11.635787453433732
}