{
  "hw": "mi355x",
  "tp": 8,
  "conc": 8,
  "model": "amd/Llama-3.3-70B-Instruct-FP8-KV",
  "framework": "vllm",
  "precision": "fp8",
  "tput_per_gpu": 213.6814287875503,
  "mean_ttft": 0.0988220401282888,
  "median_ttft": 0.06519346358254552,
  "std_ttft": 0.10217654929847743,
  "p99_ttft": 0.4194632467301562,
  "mean_tpot": 0.009008586391355277,
  "mean_intvty": 111.00520731638977,
  "median_tpot": 0.009030800373239074,
  "median_intvty": 110.7321564723427,
  "std_tpot": 7.995424656653856e-05,
  "std_intvty": 12507.153064944363,
  "p99_tpot": 0.009107775079421704,
  "p99_intvty": 109.79629945621086,
  "mean_itl": 0.009010042402158944,
  "median_itl": 0.008752272929996252,
  "std_itl": 0.003157881032101156,
  "p99_itl": 0.009026542981155216,
  "mean_e2el": 8.460816984245321,
  "median_e2el": 8.517126898746938,
  "std_e2el": 0.5603428708780436,
  "p99_e2el": 9.319455058099702
}