{
  "hw": "mi300x",
  "tp": 1,
  "conc": 32,
  "model": "openai/gpt-oss-120b",
  "framework": "vllm",
  "precision": "fp4",
  "tput_per_gpu": 1716.6160498625652,
  "mean_ttft": 0.37769270032549684,
  "median_ttft": 0.12834294943604618,
  "std_ttft": 0.7662862828137084,
  "p99_ttft": 3.789414608955852,
  "mean_tpot": 0.02045663138813554,
  "mean_intvty": 48.88390375846441,
  "median_tpot": 0.02043804352659996,
  "median_intvty": 48.928362379623444,
  "std_tpot": 0.0009013039849468763,
  "std_intvty": 1109.5035822558145,
  "p99_tpot": 0.022125725720801105,
  "p99_intvty": 45.19625763325213,
  "mean_itl": 0.02046325054121927,
  "median_itl": 0.020207400084473193,
  "std_itl": 0.006503932176637755,
  "p99_itl": 0.02311937196645886,
  "mean_e2el": 152.11211979253895,
  "median_e2el": 152.43463037902256,
  "std_e2el": 11.810549243941734,
  "p99_e2el": 177.9188213122508
}