{
  "hw": "mi300x",
  "tp": 8,
  "conc": 16,
  "model": "openai/gpt-oss-120b",
  "framework": "vllm",
  "precision": "fp4",
  "tput_per_gpu": 368.94709331526116,
  "mean_ttft": 0.23211917345470284,
  "median_ttft": 0.046307521872222424,
  "std_ttft": 0.6265196476079672,
  "p99_ttft": 3.007277649655007,
  "mean_tpot": 0.005913666855145018,
  "mean_intvty": 169.09981987402256,
  "median_tpot": 0.005848858957625753,
  "median_intvty": 170.9735193214393,
  "std_tpot": 0.00017098658527266847,
  "std_intvty": 5848.41201668144,
  "p99_tpot": 0.006247334720695654,
  "p99_intvty": 160.06826025941632,
  "mean_itl": 0.005913514140779128,
  "median_itl": 0.00582270254381001,
  "std_itl": 0.006172696592062738,
  "p99_itl": 0.006622622213326395,
  "mean_e2el": 43.85537365855125,
  "median_e2el": 43.772591456072405,
  "std_e2el": 3.1205338014932797,
  "p99_e2el": 49.91436399315018
}