{
  "hw": "mi300x",
  "tp": 8,
  "conc": 4,
  "model": "amd/Llama-3.3-70B-Instruct-FP8-KV",
  "framework": "vllm",
  "precision": "fp8",
  "tput_per_gpu": 425.4111313403225,
  "mean_ttft": 0.46904364372603596,
  "median_ttft": 0.40955141512677073,
  "std_ttft": 0.19361991758909008,
  "p99_ttft": 1.2717219784017653,
  "mean_tpot": 0.009831309313655608,
  "mean_intvty": 101.71585168325527,
  "median_tpot": 0.009873891119140412,
  "median_intvty": 101.27719537655351,
  "std_tpot": 0.00034024195175340674,
  "std_intvty": 2939.0849507140097,
  "p99_tpot": 0.010476149193340467,
  "p99_intvty": 95.45492160761563,
  "mean_itl": 0.00983093096581439,
  "median_itl": 0.008712531998753548,
  "std_itl": 0.02072870643157392,
  "p99_itl": 0.009183627218008042,
  "mean_e2el": 9.504897840274499,
  "median_e2el": 9.411004144698381,
  "std_e2el": 0.7241961697133071,
  "p99_e2el": 11.107728197136893
}