{
  "hw": "mi300x",
  "tp": 8,
  "conc": 16,
  "model": "deepseek-ai/DeepSeek-R1-0528",
  "framework": "sglang",
  "precision": "fp8",
  "tput_per_gpu": 78.43566056097052,
  "mean_ttft": 0.28936187903163957,
  "median_ttft": 0.15287168603390455,
  "std_ttft": 0.42316461349032103,
  "p99_ttft": 1.6062160618510097,
  "mean_tpot": 0.027869468382458552,
  "mean_intvty": 35.88155993063056,
  "median_tpot": 0.027920075172381813,
  "median_intvty": 35.81652247803356,
  "std_tpot": 0.00038981136400384177,
  "std_intvty": 2565.3433746229744,
  "p99_tpot": 0.02854950120409749,
  "p99_intvty": 35.026881655518295,
  "mean_itl": 0.027870138501258763,
  "median_itl": 0.02774664666503668,
  "std_itl": 0.004161690912567822,
  "p99_itl": 0.02887117862701416,
  "mean_e2el": 205.8866766688123,
  "median_e2el": 206.72387781646103,
  "std_e2el": 14.000574444117603,
  "p99_e2el": 228.93760203629728
}