{
  "hw": "h100",
  "tp": 4,
  "conc": 16,
  "model": "nvidia/Llama-3.3-70B-Instruct-FP8",
  "framework": "vllm",
  "precision": "fp8",
  "tput_per_gpu": 1605.507404208933,
  "mean_ttft": 0.7512351427809335,
  "median_ttft": 0.4267511465586722,
  "std_ttft": 0.9927485159810592,
  "p99_ttft": 5.285969385951756,
  "mean_tpot": 0.021080197512788734,
  "mean_intvty": 47.43788569311695,
  "median_tpot": 0.021351623503293123,
  "median_intvty": 46.834846064317645,
  "std_tpot": 0.0015934251604461476,
  "std_intvty": 627.5788940849956,
  "p99_tpot": 0.02438732453450951,
  "p99_intvty": 41.00490804495347,
  "mean_itl": 0.02110872806074576,
  "median_itl": 0.015367536805570126,
  "std_itl": 0.04590163131068395,
  "p99_itl": 0.3770665536634624,
  "mean_e2el": 20.048042626673123,
  "median_e2el": 20.037330941762775,
  "std_e2el": 2.2213739606813165,
  "p99_e2el": 25.132346437955274
}