{
  "hw": "mi300x",
  "tp": 1,
  "conc": 4,
  "model": "amd/Llama-3.3-70B-Instruct-FP8-KV",
  "framework": "vllm",
  "precision": "fp8",
  "tput_per_gpu": 1104.9542891171432,
  "mean_ttft": 1.9827065410790965,
  "median_ttft": 1.730103543959558,
  "std_ttft": 0.9465817100369696,
  "p99_ttft": 5.2712022648938,
  "mean_tpot": 0.02974574201967286,
  "mean_intvty": 33.618257004267456,
  "median_tpot": 0.03011300180963608,
  "median_intvty": 33.2082469333895,
  "std_tpot": 0.0017524270249064306,
  "std_intvty": 570.637171070444,
  "p99_tpot": 0.033144704114451286,
  "p99_intvty": 30.170732450859145,
  "mean_itl": 0.029774451248771976,
  "median_itl": 0.024873688351362944,
  "std_itl": 0.0912206762740012,
  "p99_itl": 0.03939498165156692,
  "mean_e2el": 29.332028512225953,
  "median_e2el": 28.76085009938106,
  "std_e2el": 2.443496069117508,
  "p99_e2el": 34.89852192459628
}