{
  "hw": "mi300x",
  "tp": 2,
  "conc": 64,
  "model": "amd/Llama-3.3-70B-Instruct-FP8-KV",
  "framework": "vllm",
  "precision": "fp8",
  "tput_per_gpu": 3093.758228867338,
  "mean_ttft": 4.300480013998458,
  "median_ttft": 0.9978700601495802,
  "std_ttft": 9.724652389593048,
  "p99_ttft": 48.16628294535447,
  "mean_tpot": 0.08751771955652424,
  "mean_intvty": 11.426257506105829,
  "median_tpot": 0.09104610952381936,
  "median_intvty": 10.98344569834015,
  "std_tpot": 0.013802085879501333,
  "std_intvty": 72.45281682279533,
  "p99_tpot": 0.1118310322222044,
  "p99_intvty": 8.94206178847598,
  "mean_itl": 0.08776195332079037,
  "median_itl": 0.03742936300113797,
  "std_itl": 0.2546848007225639,
  "p99_itl": 0.9085838537476957,
  "mean_e2el": 85.09811076022234,
  "median_e2el": 85.66665538959205,
  "std_e2el": 15.951561071174721,
  "p99_e2el": 130.04133556083775
}