{
  "hw": "mi300x",
  "tp": 8,
  "conc": 8,
  "model": "deepseek-ai/DeepSeek-R1-0528",
  "framework": "sglang",
  "precision": "fp8",
  "tput_per_gpu": 43.59798783613652,
  "mean_ttft": 0.21359586626058444,
  "median_ttft": 0.14785580104216933,
  "std_ttft": 0.2474923963798577,
  "p99_ttft": 1.2747173571679742,
  "mean_tpot": 0.02508036681629817,
  "mean_intvty": 39.87182513415881,
  "median_tpot": 0.025097259376286395,
  "median_intvty": 39.84498805255479,
  "std_tpot": 0.0001221274900460649,
  "std_intvty": 8188.164676296982,
  "p99_tpot": 0.02527248692637706,
  "p99_intvty": 39.568721626532664,
  "mean_itl": 0.025081284042923212,
  "median_itl": 0.025055091828107834,
  "std_itl": 0.0037318577800342376,
  "p99_itl": 0.025613103322684766,
  "mean_e2el": 184.73660237785663,
  "median_e2el": 185.0481178020127,
  "std_e2el": 11.540362959072967,
  "p99_e2el": 205.9544658615347
}