{
  "hw": "mi300x",
  "tp": 2,
  "conc": 32,
  "model": "amd/Llama-3.3-70B-Instruct-FP8-KV",
  "framework": "vllm",
  "precision": "fp8",
  "tput_per_gpu": 2487.3475087986967,
  "mean_ttft": 2.912765383554506,
  "median_ttft": 1.0227005544584244,
  "std_ttft": 5.497148415618308,
  "p99_ttft": 24.595518970731646,
  "mean_tpot": 0.053339531558027654,
  "mean_intvty": 18.74782118984506,
  "median_tpot": 0.055508030583297965,
  "median_intvty": 18.0154112745786,
  "std_tpot": 0.007519193117207196,
  "std_intvty": 132.99299331886604,
  "p99_tpot": 0.06435889593425885,
  "p99_intvty": 15.537867539267255,
  "mean_itl": 0.05347421793319738,
  "median_itl": 0.027821416035294533,
  "std_itl": 0.17235172986839084,
  "p99_itl": 0.9252341459598391,
  "mean_e2el": 52.34683888112195,
  "median_e2el": 52.74054179014638,
  "std_e2el": 8.626109391119344,
  "p99_e2el": 75.58840684344992
}