{
  "hw": "mi355x",
  "tp": 2,
  "conc": 64,
  "model": "amd/Llama-3.3-70B-Instruct-FP8-KV",
  "framework": "vllm",
  "precision": "fp8",
  "tput_per_gpu": 2692.786564985832,
  "mean_ttft": 0.4224796119495295,
  "median_ttft": 0.15020738332532346,
  "std_ttft": 0.8214516186031309,
  "p99_ttft": 3.1174452494177967,
  "mean_tpot": 0.02265131477157738,
  "mean_intvty": 44.14754772887572,
  "median_tpot": 0.023130799181708944,
  "median_intvty": 43.232401619342504,
  "std_tpot": 0.0014449586887646175,
  "std_intvty": 692.0613078945256,
  "p99_tpot": 0.024369217966935856,
  "p99_intvty": 41.03537509315233,
  "mean_itl": 0.022747692714267548,
  "median_itl": 0.01792862918227911,
  "std_itl": 0.02297334885673136,
  "p99_itl": 0.11599616042338312,
  "mean_e2el": 21.302088984330474,
  "median_e2el": 21.444491342408583,
  "std_e2el": 1.9805262252362044,
  "p99_e2el": 25.08962871845346
}