{
  "hw": "h200",
  "tp": 8,
  "conc": 8,
  "model": "nvidia/Llama-3.3-70B-Instruct-FP8",
  "framework": "vllm",
  "precision": "fp8",
  "tput_per_gpu": 227.3968898172483,
  "mean_ttft": 0.08853898886591197,
  "median_ttft": 0.06798856565728784,
  "std_ttft": 0.0625317907540649,
  "p99_ttft": 0.3067600742354989,
  "mean_tpot": 0.008463555655593785,
  "mean_intvty": 118.15365086411099,
  "median_tpot": 0.008480440935538782,
  "median_intvty": 117.91839688539352,
  "std_tpot": 0.00010602858720893916,
  "std_intvty": 9431.418698708183,
  "p99_tpot": 0.008673121189449441,
  "p99_intvty": 115.2987463401833,
  "mean_itl": 0.008465953282491097,
  "median_itl": 0.008143359795212746,
  "std_itl": 0.0032580382310704995,
  "p99_itl": 0.014856861764565119,
  "mean_e2el": 7.945578365190886,
  "median_e2el": 7.993335898965597,
  "std_e2el": 0.5425641111872982,
  "p99_e2el": 8.778713403679431
}