{
  "hw": "mi300x",
  "tp": 2,
  "conc": 8,
  "model": "openai/gpt-oss-120b",
  "framework": "vllm",
  "precision": "fp4",
  "tput_per_gpu": 573.649432677003,
  "mean_ttft": 0.2795135835302062,
  "median_ttft": 0.07735301228240132,
  "std_ttft": 0.6389207004033319,
  "p99_ttft": 2.339593884749338,
  "mean_tpot": 0.007624131556123076,
  "mean_intvty": 131.1624796396492,
  "median_tpot": 0.007619048129466552,
  "median_intvty": 131.24999120723695,
  "std_tpot": 0.00017754462877217868,
  "std_intvty": 5632.386667597687,
  "p99_tpot": 0.00795882798969498,
  "p99_intvty": 125.64664059768486,
  "mean_itl": 0.0076264245774302864,
  "median_itl": 0.007573125883936882,
  "std_itl": 0.0035305242755073693,
  "p99_itl": 0.008275024276226759,
  "mean_e2el": 56.38711903821677,
  "median_e2el": 56.71892990823835,
  "std_e2el": 3.827492656062771,
  "p99_e2el": 64.71926398270763
}