{
  "hw": "mi300x",
  "tp": 8,
  "conc": 32,
  "model": "openai/gpt-oss-120b",
  "framework": "vllm",
  "precision": "fp4",
  "tput_per_gpu": 577.2332474461068,
  "mean_ttft": 0.28331310967623724,
  "median_ttft": 0.052109659649431705,
  "std_ttft": 0.6780782221335306,
  "p99_ttft": 3.2391577363200517,
  "mean_tpot": 0.007563857694721422,
  "mean_intvty": 132.20766973152715,
  "median_tpot": 0.0075568282019985765,
  "median_intvty": 132.330651600036,
  "std_tpot": 0.00020573896715164958,
  "std_intvty": 4860.527948810509,
  "p99_tpot": 0.007888037332942447,
  "p99_intvty": 126.7742478631213,
  "mean_itl": 0.007565616886939026,
  "median_itl": 0.007479757070541382,
  "std_itl": 0.005374881334801561,
  "p99_itl": 0.008189049642533064,
  "mean_e2el": 56.38214939982281,
  "median_e2el": 56.51591844111681,
  "std_e2el": 3.9664303152413263,
  "p99_e2el": 63.79839998300187
}