{
  "hw": "mi300x",
  "tp": 8,
  "conc": 8,
  "model": "amd/Llama-3.3-70B-Instruct-FP8-KV",
  "framework": "vllm",
  "precision": "fp8",
  "tput_per_gpu": 673.8906396472963,
  "mean_ttft": 0.6914722335874103,
  "median_ttft": 0.501940191257745,
  "std_ttft": 0.5444243406739964,
  "p99_ttft": 2.4071594425849616,
  "mean_tpot": 0.012249532322031926,
  "mean_intvty": 81.6357697347683,
  "median_tpot": 0.012519377566670823,
  "median_intvty": 79.87617552666573,
  "std_tpot": 0.0009728272820886503,
  "std_intvty": 1027.9316980636174,
  "p99_tpot": 0.013679091804997847,
  "p99_intvty": 73.1042684891285,
  "mean_itl": 0.012274353775537157,
  "median_itl": 0.009356263093650341,
  "std_itl": 0.03684000418281982,
  "p99_itl": 0.010124962106347082,
  "mean_e2el": 12.043561569834129,
  "median_e2el": 12.035461824852973,
  "std_e2el": 1.3391122472234924,
  "p99_e2el": 14.793875939352437
}