{
  "hw": "mi325x",
  "tp": 4,
  "conc": 8,
  "model": "amd/Llama-3.3-70B-Instruct-FP8-KV",
  "framework": "vllm",
  "precision": "fp8",
  "tput_per_gpu": 877.6735439580625,
  "mean_ttft": 1.1486326147860382,
  "median_ttft": 0.8493882201146334,
  "std_ttft": 0.9031681624596846,
  "p99_ttft": 4.4963858600799,
  "mean_tpot": 0.018738404074030067,
  "mean_intvty": 53.36633771207443,
  "median_tpot": 0.019069814661252214,
  "median_intvty": 52.43889454426063,
  "std_tpot": 0.001627839938307151,
  "std_intvty": 614.3110120764919,
  "p99_tpot": 0.020821848881810424,
  "p99_intvty": 48.02647477062333,
  "mean_itl": 0.0187910699740402,
  "median_itl": 0.013711652718484402,
  "std_itl": 0.06389675148823633,
  "p99_itl": 0.015057557001709939,
  "mean_e2el": 18.52614397641155,
  "median_e2el": 18.432196867419407,
  "std_e2el": 2.240600476769616,
  "p99_e2el": 23.325780363855877
}