{
  "hw": "h100",
  "tp": 2,
  "conc": 16,
  "model": "openai/gpt-oss-120b",
  "framework": "vllm",
  "precision": "fp4",
  "tput_per_gpu": 945.3295937646066,
  "mean_ttft": 0.07862883144407533,
  "median_ttft": 0.05361286550760269,
  "std_ttft": 0.07647643897433262,
  "p99_ttft": 0.39592039816081526,
  "mean_tpot": 0.009303259265583804,
  "mean_intvty": 107.48921119498085,
  "median_tpot": 0.00936027473475057,
  "median_intvty": 106.83447103186418,
  "std_tpot": 0.000224877599547097,
  "std_intvty": 4446.863547165203,
  "p99_tpot": 0.009619147695767773,
  "p99_intvty": 103.95931444528911,
  "mean_itl": 0.009302004008567876,
  "median_itl": 0.009286175947636366,
  "std_itl": 0.001530182535282258,
  "p99_itl": 0.009940101485699415,
  "mean_e2el": 68.6992797244864,
  "median_e2el": 69.14059390267357,
  "std_e2el": 4.717220026299596,
  "p99_e2el": 77.02564231999219
}