{
  "hw": "b200-trt",
  "tp": 1,
  "conc": 4,
  "model": "nvidia/Llama-3.3-70B-Instruct-FP8",
  "framework": "trt",
  "precision": "fp8",
  "tput_per_gpu": 518.4885086442393,
  "mean_ttft": 0.38308271887508455,
  "median_ttft": 0.37833798851352185,
  "std_ttft": 0.0662056016304598,
  "p99_ttft": 0.5354249521624297,
  "mean_tpot": 0.014596668286999154,
  "mean_intvty": 68.50878435667899,
  "median_tpot": 0.014602379156768062,
  "median_intvty": 68.48199113748595,
  "std_tpot": 5.246176320873502e-05,
  "std_intvty": 19061.501917524143,
  "p99_tpot": 0.01467225045154987,
  "p99_intvty": 68.15587038281284,
  "mean_itl": 0.14501734527581084,
  "median_itl": 0.14435183198656887,
  "std_itl": 0.012617018044839435,
  "p99_itl": 0.19565120030310937,
  "mean_e2el": 13.764558096098336,
  "median_e2el": 13.870736125507392,
  "std_e2el": 0.9283881530408459,
  "p99_e2el": 15.279348767836927
}