{
  "hw": "mi300x",
  "tp": 1,
  "conc": 8,
  "model": "openai/gpt-oss-120b",
  "framework": "vllm",
  "precision": "fp4",
  "tput_per_gpu": 853.8663467327026,
  "mean_ttft": 0.38603807212784885,
  "median_ttft": 0.1066873543895781,
  "std_ttft": 0.8411941511070812,
  "p99_ttft": 3.165176188768819,
  "mean_tpot": 0.010280352163103844,
  "mean_intvty": 97.27293230177438,
  "median_tpot": 0.010190123302116197,
  "median_intvty": 98.13423943479944,
  "std_tpot": 0.0004575505861949286,
  "std_intvty": 2185.550691380764,
  "p99_tpot": 0.011162290054028965,
  "p99_intvty": 89.58735126570696,
  "mean_itl": 0.010278556680310146,
  "median_itl": 0.010118982754647732,
  "std_itl": 0.003321453577921532,
  "p99_itl": 0.012033756822347641,
  "mean_e2el": 76.00537918681512,
  "median_e2el": 75.28152074618265,
  "std_e2el": 5.425449833786732,
  "p99_e2el": 85.76591507800853
}