{
  "hw": "h100",
  "tp": 4,
  "conc": 16,
  "model": "nvidia/Llama-3.3-70B-Instruct-FP8",
  "framework": "vllm",
  "precision": "fp8",
  "tput_per_gpu": 592.0008257427447,
  "mean_ttft": 0.12152579458779655,
  "median_ttft": 0.07340332865715027,
  "std_ttft": 0.1467481479470514,
  "p99_ttft": 0.7004011427052319,
  "mean_tpot": 0.013140563354360776,
  "mean_intvty": 76.10023809733728,
  "median_tpot": 0.013211062843249506,
  "median_intvty": 75.69413694152342,
  "std_tpot": 0.0002347239340805655,
  "std_intvty": 4260.3239585136,
  "p99_tpot": 0.01342494252720369,
  "p99_intvty": 74.48821460305292,
  "mean_itl": 0.013143808085552548,
  "median_itl": 0.012418262660503387,
  "std_itl": 0.006338182161951503,
  "p99_itl": 0.05960363965481519,
  "mean_e2el": 12.146713541430653,
  "median_e2el": 12.156782837584615,
  "std_e2el": 0.8750275955009764,
  "p99_e2el": 13.748174243336543
}