{
  "hw": "mi355x",
  "tp": 4,
  "conc": 16,
  "model": "amd/Llama-3.3-70B-Instruct-FP8-KV",
  "framework": "vllm",
  "precision": "fp8",
  "tput_per_gpu": 746.2091119076288,
  "mean_ttft": 0.13264187529566698,
  "median_ttft": 0.07448786357417703,
  "std_ttft": 0.1731037134087199,
  "p99_ttft": 0.6707252464490011,
  "mean_tpot": 0.010382664467256192,
  "mean_intvty": 96.31439050676249,
  "median_tpot": 0.010439067825976357,
  "median_intvty": 95.79399393417303,
  "std_tpot": 0.0001825038388702495,
  "std_intvty": 5479.336797462911,
  "p99_tpot": 0.010615481246970183,
  "p99_intvty": 94.20204103185759,
  "mean_itl": 0.010385097338588993,
  "median_itl": 0.009738827124238014,
  "std_itl": 0.005528419016199742,
  "p99_itl": 0.05155405223369592,
  "mean_e2el": 9.633902340251371,
  "median_e2el": 9.64313480979763,
  "std_e2el": 0.6874819890830706,
  "p99_e2el": 10.96742429820355
}