{
  "hw": "mi300x",
  "tp": 2,
  "conc": 4,
  "model": "openai/gpt-oss-120b",
  "framework": "vllm",
  "precision": "fp4",
  "tput_per_gpu": 349.8234526850518,
  "mean_ttft": 0.19426307613030075,
  "median_ttft": 0.07173544401302934,
  "std_ttft": 0.4339371208671066,
  "p99_ttft": 1.7184976666513831,
  "mean_tpot": 0.006321858452691354,
  "mean_intvty": 158.1813334612511,
  "median_tpot": 0.0062419276180389685,
  "median_intvty": 160.2069202324667,
  "std_tpot": 0.0002928774838420116,
  "std_intvty": 3414.396992496136,
  "p99_tpot": 0.006877591800678408,
  "p99_intvty": 145.39973132766613,
  "mean_itl": 0.006325783705688262,
  "median_itl": 0.00625491701066494,
  "std_itl": 0.0031973692922930763,
  "p99_itl": 0.007002362050116062,
  "mean_e2el": 46.12609464544803,
  "median_e2el": 46.24357905238867,
  "std_e2el": 4.0751238774153995,
  "p99_e2el": 54.35037662196905
}