{
  "hw": "mi300x",
  "tp": 8,
  "conc": 4,
  "model": "openai/gpt-oss-120b",
  "framework": "vllm",
  "precision": "fp4",
  "tput_per_gpu": 112.21667043841914,
  "mean_ttft": 0.16979244526010007,
  "median_ttft": 0.04275217233225703,
  "std_ttft": 0.4260389561311711,
  "p99_ttft": 1.660352613478899,
  "mean_tpot": 0.004920332530931917,
  "mean_intvty": 203.23829613414335,
  "median_tpot": 0.00492823943754215,
  "median_intvty": 202.91221899290016,
  "std_tpot": 6.142410814037091e-05,
  "std_intvty": 16280.252660970284,
  "p99_tpot": 0.005112997212613839,
  "p99_intvty": 195.58000100860318,
  "mean_itl": 0.004921523260231623,
  "median_itl": 0.004913018085062504,
  "std_itl": 0.003127256969708378,
  "p99_itl": 0.005041656540706754,
  "mean_e2el": 35.90521870481316,
  "median_e2el": 35.328053758479655,
  "std_e2el": 2.50738379692514,
  "p99_e2el": 40.83549698636867
}