{
  "hw": "mi300x",
  "tp": 8,
  "conc": 4,
  "model": "deepseek-ai/DeepSeek-R1-0528",
  "framework": "sglang",
  "precision": "fp8",
  "tput_per_gpu": 24.63866493065351,
  "mean_ttft": 0.22558130798861384,
  "median_ttft": 0.1458873162046075,
  "std_ttft": 0.24042118159534437,
  "p99_ttft": 1.0075309294695034,
  "mean_tpot": 0.022478462845657514,
  "mean_intvty": 44.4870277325562,
  "median_tpot": 0.022508530267743663,
  "median_intvty": 44.42760091862025,
  "std_tpot": 0.00010252660141853908,
  "std_intvty": 9753.566256602531,
  "p99_tpot": 0.02262268955550447,
  "p99_intvty": 44.203409039695,
  "mean_itl": 0.022479042003191278,
  "median_itl": 0.022488586138933897,
  "std_itl": 0.0019646072701032633,
  "p99_itl": 0.022853288208134474,
  "mean_e2el": 163.4470290666446,
  "median_e2el": 161.40894726803526,
  "std_e2el": 10.325870226770997,
  "p99_e2el": 182.89772516283207
}