{
  "hw": "mi300x",
  "tp": 4,
  "conc": 32,
  "model": "amd/Llama-3.3-70B-Instruct-FP8-KV",
  "framework": "vllm",
  "precision": "fp8",
  "tput_per_gpu": 2108.0501911820706,
  "mean_ttft": 1.5955097836835193,
  "median_ttft": 0.5757905885111541,
  "std_ttft": 2.950948915703766,
  "p99_ttft": 13.285304718641564,
  "mean_tpot": 0.03155966596435826,
  "mean_intvty": 31.686013442897167,
  "median_tpot": 0.03272213333941647,
  "median_intvty": 30.5603546574214,
  "std_tpot": 0.0041802231097803864,
  "std_intvty": 239.22168117302627,
  "p99_tpot": 0.03812310273850285,
  "p99_intvty": 26.230813553117198,
  "mean_itl": 0.03163492724637854,
  "median_itl": 0.017156085930764675,
  "std_itl": 0.09410074987963629,
  "p99_itl": 0.5168254045862704,
  "mean_e2el": 30.840319253168126,
  "median_e2el": 30.991120126796886,
  "std_e2el": 4.809918000319742,
  "p99_e2el": 43.41602172606625
}