{
  "hw": "mi300x",
  "tp": 8,
  "conc": 64,
  "model": "openai/gpt-oss-120b",
  "framework": "vllm",
  "precision": "fp4",
  "tput_per_gpu": 971.3417152268905,
  "mean_ttft": 0.3286612133953895,
  "median_ttft": 0.05990863963961601,
  "std_ttft": 0.7804063014510957,
  "p99_ttft": 3.8853029600391165,
  "mean_tpot": 0.008966497738345175,
  "mean_intvty": 111.52626467784694,
  "median_tpot": 0.009039818091275287,
  "median_intvty": 110.62169502781725,
  "std_tpot": 0.00025716817920291477,
  "std_intvty": 3888.505969515632,
  "p99_tpot": 0.009247261522212398,
  "p99_intvty": 108.14012317029734,
  "mean_itl": 0.008967701252623108,
  "median_itl": 0.008685162756592035,
  "std_itl": 0.006602948870481984,
  "p99_itl": 0.0121655000839383,
  "mean_e2el": 66.55662009590233,
  "median_e2el": 66.37785647879355,
  "std_e2el": 4.841297831575041,
  "p99_e2el": 75.54902740589343
}