{
  "hw": "mi300x",
  "tp": 1,
  "conc": 16,
  "model": "amd/Llama-3.3-70B-Instruct-FP8-KV",
  "framework": "vllm",
  "precision": "fp8",
  "tput_per_gpu": 1677.907332473343,
  "mean_ttft": 5.072909522846021,
  "median_ttft": 3.5968263109680265,
  "std_ttft": 4.858051593368688,
  "p99_ttft": 20.558055928954854,
  "mean_tpot": 0.07905531633006882,
  "mean_intvty": 12.649370673881528,
  "median_tpot": 0.08292318903417696,
  "median_intvty": 12.059352898112108,
  "std_tpot": 0.01399914442683897,
  "std_intvty": 71.43293686454248,
  "p99_tpot": 0.09714516477942783,
  "p99_intvty": 10.293873115255318,
  "mean_itl": 0.0793791267100749,
  "median_itl": 0.03112862998386845,
  "std_itl": 0.40795903885754214,
  "p99_itl": 3.1854186119220684,
  "mean_e2el": 77.63833027331711,
  "median_e2el": 79.36954479600536,
  "std_e2el": 13.441533841052133,
  "p99_e2el": 100.30300263520445
}