{
  "hw": "mi300x",
  "tp": 4,
  "conc": 16,
  "model": "openai/gpt-oss-120b",
  "framework": "vllm",
  "precision": "fp4",
  "tput_per_gpu": 3583.896814321061,
  "mean_ttft": 0.41231036501412743,
  "median_ttft": 0.1651410588528961,
  "std_ttft": 0.6484660210826073,
  "p99_ttft": 3.0531628835340934,
  "mean_tpot": 0.009357914462842206,
  "mean_intvty": 106.86141703589347,
  "median_tpot": 0.009308740803135693,
  "median_intvty": 107.42591518534336,
  "std_tpot": 0.0007835888159861372,
  "std_intvty": 1276.1795211963458,
  "p99_tpot": 0.011155252258828421,
  "p99_intvty": 89.64387149636946,
  "mean_itl": 0.009369288277200216,
  "median_itl": 0.007234542863443494,
  "std_itl": 0.023297625105105847,
  "p99_itl": 0.12339009692426767,
  "mean_e2el": 8.976542374194832,
  "median_e2el": 8.86746536474675,
  "std_e2el": 1.156380287343211,
  "p99_e2el": 11.82829701158218
}