{
  "hw": "mi300x",
  "tp": 2,
  "conc": 16,
  "model": "openai/gpt-oss-120b",
  "framework": "vllm",
  "precision": "fp4",
  "tput_per_gpu": 873.5565847642082,
  "mean_ttft": 0.34591176464455203,
  "median_ttft": 0.08816585596650839,
  "std_ttft": 0.7706288626458407,
  "p99_ttft": 3.48103268568404,
  "mean_tpot": 0.010045797122378231,
  "mean_intvty": 99.54411659104471,
  "median_tpot": 0.010153884380240463,
  "median_intvty": 98.48447771830135,
  "std_tpot": 0.0003451029826919747,
  "std_intvty": 2897.685763824767,
  "p99_tpot": 0.010462337777875835,
  "p99_intvty": 95.58093241021604,
  "mean_itl": 0.010045920801878671,
  "median_itl": 0.010008778423070908,
  "std_itl": 0.0060159268394994955,
  "p99_itl": 0.010959952510893345,
  "mean_e2el": 74.45441821583663,
  "median_e2el": 75.09293128363788,
  "std_e2el": 5.604881116771863,
  "p99_e2el": 84.47860480209812
}