{
  "hw": "mi300x",
  "tp": 4,
  "conc": 8,
  "model": "openai/gpt-oss-120b",
  "framework": "vllm",
  "precision": "fp4",
  "tput_per_gpu": 390.9968017326567,
  "mean_ttft": 0.13926993154454975,
  "median_ttft": 0.0474576719570905,
  "std_ttft": 0.2618042401514843,
  "p99_ttft": 0.9566092662187293,
  "mean_tpot": 0.005591556983911688,
  "mean_intvty": 178.84106392499453,
  "median_tpot": 0.005557630099307853,
  "median_intvty": 179.93280987242025,
  "std_tpot": 0.00012434628322794333,
  "std_intvty": 8042.05782465461,
  "p99_tpot": 0.0058675767047843925,
  "p99_intvty": 170.42810862354898,
  "mean_itl": 0.005591332235468689,
  "median_itl": 0.0055368985049426556,
  "std_itl": 0.002633494114484442,
  "p99_itl": 0.006204681936651468,
  "mean_e2el": 41.27470103576197,
  "median_e2el": 41.42287488025613,
  "std_e2el": 2.6949661775317844,
  "p99_e2el": 46.675754768131284
}