{
  "hw": "h100",
  "tp": 8,
  "conc": 64,
  "model": "nvidia/Llama-3.3-70B-Instruct-FP8",
  "framework": "vllm",
  "precision": "fp8",
  "tput_per_gpu": 1984.301563313758,
  "mean_ttft": 1.143693448952399,
  "median_ttft": 0.3127851872704923,
  "std_ttft": 2.6690740589466624,
  "p99_ttft": 14.105146255576987,
  "mean_tpot": 0.03455946516297466,
  "mean_intvty": 28.935632981709208,
  "median_tpot": 0.03555060604477975,
  "median_intvty": 28.128915685442724,
  "std_tpot": 0.003993641494616618,
  "std_intvty": 250.39803932025154,
  "p99_tpot": 0.041592697437088544,
  "p99_intvty": 24.042682048034035,
  "mean_itl": 0.03462567923285162,
  "median_itl": 0.019751056097447872,
  "std_itl": 0.058682890654296375,
  "p99_itl": 0.273585708104074,
  "mean_e2el": 33.0256661945401,
  "median_e2el": 33.22636413713917,
  "std_e2el": 5.171623500666627,
  "p99_e2el": 47.58069406880066
}