{
  "hw": "mi355x",
  "tp": 8,
  "conc": 32,
  "model": "amd/Llama-3.3-70B-Instruct-FP8-KV",
  "framework": "vllm",
  "precision": "fp8",
  "tput_per_gpu": 711.8059533954854,
  "mean_ttft": 0.1551337464581593,
  "median_ttft": 0.07678088592365384,
  "std_ttft": 0.21998213004682798,
  "p99_ttft": 0.8576565926056355,
  "mean_tpot": 0.01072731739153833,
  "mean_intvty": 93.2199508507874,
  "median_tpot": 0.010834767826423895,
  "median_intvty": 92.29547102626363,
  "std_tpot": 0.0003680307036537534,
  "std_intvty": 2717.164600866587,
  "p99_tpot": 0.011201579562670294,
  "p99_intvty": 89.2731238844689,
  "mean_itl": 0.010764139099175018,
  "median_itl": 0.009412863291800022,
  "std_itl": 0.00814787736514005,
  "p99_itl": 0.05681759105063975,
  "mean_e2el": 10.058612502967298,
  "median_e2el": 10.036311254138127,
  "std_e2el": 0.7649746070457895,
  "p99_e2el": 11.577768669025973
}