{
  "hw": "mi300x",
  "tp": 2,
  "conc": 8,
  "model": "amd/Llama-3.3-70B-Instruct-FP8-KV",
  "framework": "vllm",
  "precision": "fp8",
  "tput_per_gpu": 1303.9802789266637,
  "mean_ttft": 1.8537101736408659,
  "median_ttft": 1.389847591985017,
  "std_ttft": 1.346555308467119,
  "p99_ttft": 6.388278933176771,
  "mean_tpot": 0.02489615456138971,
  "mean_intvty": 40.1668457485741,
  "median_tpot": 0.02560733960748072,
  "median_intvty": 39.05130385773727,
  "std_tpot": 0.002677790610358386,
  "std_intvty": 373.4421937741292,
  "p99_tpot": 0.02846482818149079,
  "p99_intvty": 35.13107451849116,
  "mean_itl": 0.024977100207854083,
  "median_itl": 0.016738800331950188,
  "std_itl": 0.10566697411510545,
  "p99_itl": 0.01787345021963119,
  "mean_e2el": 24.954093132785054,
  "median_e2el": 25.007229822222143,
  "std_e2el": 3.308653983425593,
  "p99_e2el": 31.408327224440864
}