{
  "hw": "mi300x",
  "tp": 4,
  "conc": 4,
  "model": "openai/gpt-oss-120b",
  "framework": "vllm",
  "precision": "fp4",
  "tput_per_gpu": 1549.3670629616736,
  "mean_ttft": 0.34163542157039045,
  "median_ttft": 0.1750090760178864,
  "std_ttft": 0.45375638238408417,
  "p99_ttft": 1.9152479532267899,
  "mean_tpot": 0.005307632113578641,
  "mean_intvty": 188.40793382074776,
  "median_tpot": 0.005248258077121521,
  "median_intvty": 190.53941046825648,
  "std_tpot": 0.0002914516024794008,
  "std_intvty": 3431.101395541916,
  "p99_tpot": 0.006211150932101014,
  "p99_intvty": 161.00075669256603,
  "mean_itl": 0.005303402267564653,
  "median_itl": 0.004876269027590752,
  "std_itl": 0.01109077437045529,
  "p99_itl": 0.00555744294077158,
  "mean_e2el": 5.216124669043348,
  "median_e2el": 5.160121885128319,
  "std_e2el": 0.6260406304679638,
  "p99_e2el": 7.0946953275613485
}