{
  "hw": "mi300x",
  "tp": 1,
  "conc": 64,
  "model": "openai/gpt-oss-120b",
  "framework": "vllm",
  "precision": "fp4",
  "tput_per_gpu": 2657.2541563705627,
  "mean_ttft": 0.36194491540663876,
  "median_ttft": 0.13942128606140614,
  "std_ttft": 0.6882083583107652,
  "p99_ttft": 3.0748995997663586,
  "mean_tpot": 0.02652175814719967,
  "mean_intvty": 37.70489099741626,
  "median_tpot": 0.026654002952960696,
  "median_intvty": 37.51781680841005,
  "std_tpot": 0.0011425436168850981,
  "std_intvty": 875.2401091927562,
  "p99_tpot": 0.027835682013099432,
  "p99_intvty": 35.92511221853308,
  "mean_itl": 0.026612394546337823,
  "median_itl": 0.026301407255232334,
  "std_itl": 0.011209631859244859,
  "p99_itl": 0.05233333087526261,
  "mean_e2el": 196.22692315791937,
  "median_e2el": 195.52337865554728,
  "std_e2el": 15.148586366828658,
  "p99_e2el": 225.94932817238384
}