{
  "hw": "h100",
  "tp": 2,
  "conc": 32,
  "model": "nvidia/Llama-3.3-70B-Instruct-FP8",
  "framework": "vllm",
  "precision": "fp8",
  "tput_per_gpu": 2340.4616383612247,
  "mean_ttft": 6.506476897295215,
  "median_ttft": 4.19772820500657,
  "std_ttft": 6.166272159982013,
  "p99_ttft": 25.056272433623672,
  "mean_tpot": 0.05240058598083449,
  "mean_intvty": 19.08375605505156,
  "median_tpot": 0.052777044386288996,
  "median_intvty": 18.94763171428734,
  "std_tpot": 0.006588916554688286,
  "std_intvty": 151.77002041230264,
  "p99_tpot": 0.0718961292180859,
  "p99_intvty": 13.908954638804728,
  "mean_itl": 0.05250152405474623,
  "median_itl": 0.032496605068445206,
  "std_itl": 0.15284319119656253,
  "p99_itl": 0.736957460399717,
  "mean_e2el": 55.04134659347765,
  "median_e2el": 53.6994579131715,
  "std_e2el": 9.817372427495412,
  "p99_e2el": 78.46847886686213
}