{
  "hw": "h200",
  "tp": 2,
  "conc": 16,
  "model": "nvidia/Llama-3.3-70B-Instruct-FP8",
  "framework": "vllm",
  "precision": "fp8",
  "tput_per_gpu": 990.8456441345396,
  "mean_ttft": 0.1920427060336806,
  "median_ttft": 0.11294900951907039,
  "std_ttft": 0.24094056215579232,
  "p99_ttft": 1.1803271046839654,
  "mean_tpot": 0.015650996834351484,
  "mean_intvty": 63.893693838411416,
  "median_tpot": 0.01573893511537481,
  "median_intvty": 63.536700079736356,
  "std_tpot": 0.00031002774410404546,
  "std_intvty": 3225.517777094167,
  "p99_tpot": 0.016008060022646445,
  "p99_intvty": 62.46853138889472,
  "mean_itl": 0.015655561671133356,
  "median_itl": 0.014587527140974998,
  "std_itl": 0.00943622511625523,
  "p99_itl": 0.08009181737899773,
  "mean_e2el": 14.51521807901445,
  "median_e2el": 14.477978769224137,
  "std_e2el": 1.0586233928471667,
  "p99_e2el": 16.578528864290565
}