{
  "hw": "mi300x",
  "tp": 4,
  "conc": 8,
  "model": "amd/Llama-3.3-70B-Instruct-FP8-KV",
  "framework": "vllm",
  "precision": "fp8",
  "tput_per_gpu": 1024.8485844708168,
  "mean_ttft": 1.0727157075656577,
  "median_ttft": 0.8170566647313535,
  "std_ttft": 0.8197765055539393,
  "p99_ttft": 3.88212937775068,
  "mean_tpot": 0.015947276894099877,
  "mean_intvty": 62.70663052009694,
  "median_tpot": 0.01629534826972341,
  "median_intvty": 61.36720636146143,
  "std_tpot": 0.0015277353080600698,
  "std_intvty": 654.5636503418958,
  "p99_tpot": 0.017851981727806318,
  "p99_intvty": 56.01618998088016,
  "mean_itl": 0.015996318492722414,
  "median_itl": 0.011278691701591015,
  "std_itl": 0.059505201395083265,
  "p99_itl": 0.012531455568969247,
  "mean_e2el": 15.864311082114,
  "median_e2el": 15.766359924338758,
  "std_e2el": 1.9615333329169276,
  "p99_e2el": 19.90424752460792
}