{
  "hw": "b200-trt",
  "tp": 8,
  "conc": 32,
  "model": "nvidia/Llama-3.3-70B-Instruct-FP8",
  "framework": "trt",
  "precision": "fp8",
  "tput_per_gpu": 1020.3527053553277,
  "mean_ttft": 0.1289555515635584,
  "median_ttft": 0.05838804610539228,
  "std_ttft": 0.19834626747085168,
  "p99_ttft": 0.8231803575507365,
  "mean_tpot": 0.007479642685030595,
  "mean_intvty": 133.69622615814964,
  "median_tpot": 0.007568514433474616,
  "median_intvty": 132.12632529008891,
  "std_tpot": 0.00027656665181045924,
  "std_intvty": 3615.7649284677127,
  "p99_tpot": 0.007808941949426657,
  "p99_intvty": 128.05832166205582,
  "mean_itl": 0.074397626990062,
  "median_itl": 0.06571129849180579,
  "std_itl": 0.02010723969856483,
  "p99_itl": 0.14209747437154874,
  "mean_e2el": 7.033985135248804,
  "median_e2el": 7.049908964894712,
  "std_e2el": 0.5558388369597416,
  "p99_e2el": 8.242749785743655
}