{
  "hw": "mi300x",
  "tp": 4,
  "conc": 32,
  "model": "openai/gpt-oss-120b",
  "framework": "vllm",
  "precision": "fp4",
  "tput_per_gpu": 977.6308194595688,
  "mean_ttft": 0.20920068487321258,
  "median_ttft": 0.058874036418274045,
  "std_ttft": 0.4953224145719115,
  "p99_ttft": 3.3214339197892695,
  "mean_tpot": 0.008959994137515772,
  "mean_intvty": 111.60721588119898,
  "median_tpot": 0.008995004952011968,
  "median_intvty": 111.17281261488621,
  "std_tpot": 0.0002654417700369951,
  "std_intvty": 3767.3045951307067,
  "p99_tpot": 0.009405503657526272,
  "p99_intvty": 106.32072841732416,
  "mean_itl": 0.008962353296525682,
  "median_itl": 0.008816821034997702,
  "std_itl": 0.007503399098640718,
  "p99_itl": 0.009882264863699676,
  "mean_e2el": 66.66479816847713,
  "median_e2el": 66.82808406511322,
  "std_e2el": 4.758320010964489,
  "p99_e2el": 76.23126453732141
}