{
  "hw": "mi300x",
  "tp": 2,
  "conc": 64,
  "model": "openai/gpt-oss-120b",
  "framework": "vllm",
  "precision": "fp4",
  "tput_per_gpu": 2036.0300752519154,
  "mean_ttft": 0.38035745083616346,
  "median_ttft": 0.10506092454306781,
  "std_ttft": 0.8338288464201089,
  "p99_ttft": 4.003527477276512,
  "mean_tpot": 0.01721894509373672,
  "mean_intvty": 58.07556703132433,
  "median_tpot": 0.017238090439787086,
  "median_intvty": 58.011065871420925,
  "std_tpot": 0.0009184942167840301,
  "std_intvty": 1088.7384827542521,
  "p99_tpot": 0.018684474397802124,
  "p99_intvty": 53.5203709084603,
  "mean_itl": 0.017221133316529205,
  "median_itl": 0.016904726158827543,
  "std_itl": 0.00796000190493841,
  "p99_itl": 0.019236684730276468,
  "mean_e2el": 127.56127910124269,
  "median_e2el": 127.22302314662375,
  "std_e2el": 10.550004943754326,
  "p99_e2el": 149.1089640523959
}