{
  "hw": "mi300x",
  "tp": 4,
  "conc": 4,
  "model": "openai/gpt-oss-120b",
  "framework": "vllm",
  "precision": "fp4",
  "tput_per_gpu": 215.04047661589212,
  "mean_ttft": 0.1763781975954771,
  "median_ttft": 0.049232074059545994,
  "std_ttft": 0.42595864395940036,
  "p99_ttft": 1.666254873815924,
  "mean_tpot": 0.005135539313393809,
  "mean_intvty": 194.72151588674186,
  "median_tpot": 0.005127621986195353,
  "median_intvty": 195.02217649667082,
  "std_tpot": 6.652560355827975e-05,
  "std_intvty": 15031.806500243927,
  "p99_tpot": 0.0053268998830941746,
  "p99_intvty": 187.72644914421437,
  "mean_itl": 0.005136654203604793,
  "median_itl": 0.005123184993863106,
  "std_itl": 0.0031488812209870863,
  "p99_itl": 0.005275551229715347,
  "mean_e2el": 37.473881053226066,
  "median_e2el": 36.803141044452786,
  "std_e2el": 2.598557578085455,
  "p99_e2el": 42.48559604808688
}