{
  "hw": "h100",
  "tp": 4,
  "conc": 32,
  "model": "nvidia/Llama-3.3-70B-Instruct-FP8",
  "framework": "vllm",
  "precision": "fp8",
  "tput_per_gpu": 2070.8235056055364,
  "mean_ttft": 1.0715624394855694,
  "median_ttft": 0.4485088321380317,
  "std_ttft": 2.0630275295125093,
  "p99_ttft": 11.05339995712042,
  "mean_tpot": 0.0326974084663101,
  "mean_intvty": 30.583463549729142,
  "median_tpot": 0.03342775359581002,
  "median_intvty": 29.91526179388089,
  "std_tpot": 0.003344506324757988,
  "std_intvty": 298.9977900766449,
  "p99_tpot": 0.03904697054164428,
  "p99_intvty": 25.610181433498983,
  "mean_itl": 0.0327617289089372,
  "median_itl": 0.02156039047986269,
  "std_itl": 0.06500086418006193,
  "p99_itl": 0.4130509809590876,
  "mean_e2el": 31.358040217659436,
  "median_e2el": 31.301536503713578,
  "std_e2el": 4.369884357532666,
  "p99_e2el": 42.95394473402761
}