{
  "hw": "h100",
  "tp": 2,
  "conc": 32,
  "model": "nvidia/Llama-3.3-70B-Instruct-FP8",
  "framework": "vllm",
  "precision": "fp8",
  "tput_per_gpu": 1313.58019774608,
  "mean_ttft": 0.2697212548693642,
  "median_ttft": 0.1162310391664505,
  "std_ttft": 0.4783213016893393,
  "p99_ttft": 2.436530932141468,
  "mean_tpot": 0.023375210007337166,
  "mean_intvty": 42.78036431271049,
  "median_tpot": 0.023583380965115662,
  "median_intvty": 42.402741213365104,
  "std_tpot": 0.0007072484236280465,
  "std_intvty": 1413.9303342242815,
  "p99_tpot": 0.024248920170077834,
  "p99_intvty": 41.238949734098206,
  "mean_itl": 0.0233845527346134,
  "median_itl": 0.021125742234289646,
  "std_itl": 0.015032642364439453,
  "p99_itl": 0.09539525359869004,
  "mean_e2el": 21.84642871473625,
  "median_e2el": 21.83836683537811,
  "std_e2el": 1.6536555753599678,
  "p99_e2el": 25.45117666501552
}