{
  "hw": "mi300x",
  "tp": 4,
  "conc": 16,
  "model": "amd/Llama-3.3-70B-Instruct-FP8-KV",
  "framework": "vllm",
  "precision": "fp8",
  "tput_per_gpu": 1182.7600270806117,
  "mean_ttft": 1.6711031436629127,
  "median_ttft": 1.119099039118737,
  "std_ttft": 1.742416578187686,
  "p99_ttft": 7.237425664691255,
  "mean_tpot": 0.028089981297896312,
  "mean_intvty": 35.599881302693895,
  "median_tpot": 0.0292652047377263,
  "median_intvty": 34.170271794165245,
  "std_tpot": 0.004227921644156028,
  "std_intvty": 236.52283182263625,
  "p99_tpot": 0.033551556497672205,
  "p99_intvty": 29.804876565693153,
  "mean_itl": 0.028185960352301864,
  "median_itl": 0.013584591215476394,
  "std_itl": 0.12407237886576025,
  "p99_itl": 0.9765700489981104,
  "mean_e2el": 27.437650618026964,
  "median_e2el": 27.927943971008062,
  "std_e2el": 4.204627529782091,
  "p99_e2el": 34.72030311909039
}