{
  "hw": "mi300x",
  "tp": 8,
  "conc": 8,
  "model": "openai/gpt-oss-120b",
  "framework": "vllm",
  "precision": "fp4",
  "tput_per_gpu": 204.99067538278953,
  "output_tput_per_gpu": 182.15974402427057,
  "mean_ttft": 0.24907383967656643,
  "median_ttft": 0.044120767852291465,
  "std_ttft": 0.6162371512041195,
  "p99_ttft": 2.426953084189445,
  "mean_tpot": 0.005312175740359232,
  "mean_intvty": 188.2467841571024,
  "median_tpot": 0.005291270887296649,
  "median_intvty": 188.9905131110964,
  "std_tpot": 8.420447621281409e-05,
  "std_intvty": 11875.85322035198,
  "p99_tpot": 0.005592292191925762,
  "p99_intvty": 178.81755203059944,
  "mean_itl": 0.005311597235615155,
  "median_itl": 0.005265248008072376,
  "std_itl": 0.003003839589480873,
  "p99_itl": 0.005573683343827724,
  "mean_e2el": 39.32649453997728,
  "median_e2el": 39.27133786608465,
  "std_e2el": 2.4994262186757923,
  "p99_e2el": 44.31046331127638
}