{
  "hw": "b200-nb_1",
  "tp": 1,
  "conc": 64,
  "model": "openai/gpt-oss-120b",
  "framework": "trt",
  "precision": "fp4",
  "tput_per_gpu": 11671.042073436864,
  "mean_ttft": 0.0828224250155472,
  "median_ttft": 0.045367296086624265,
  "std_ttft": 0.11005878966796531,
  "p99_ttft": 0.5285500030242838,
  "mean_tpot": 0.010641774099456543,
  "mean_intvty": 93.9692940908291,
  "median_tpot": 0.010738026012525772,
  "median_intvty": 93.12698617357721,
  "std_tpot": 0.0004272776847601807,
  "std_intvty": 2340.3983771379794,
  "p99_tpot": 0.011169914073816572,
  "p99_intvty": 89.52620345971172,
  "mean_itl": 0.2105413839625475,
  "median_itl": 0.20084377890452743,
  "std_itl": 0.03144839437598023,
  "p99_itl": 0.3014162334799767,
  "mean_e2el": 9.884510600712748,
  "median_e2el": 9.931237187003717,
  "std_e2el": 0.7534999514238606,
  "p99_e2el": 11.234478163402528
}