{
  "hw": "mi300x",
  "tp": 2,
  "conc": 16,
  "model": "openai/gpt-oss-120b",
  "framework": "vllm",
  "precision": "fp4",
  "tput_per_gpu": 5371.210167769781,
  "output_tput_per_gpu": 595.1644471680961,
  "mean_ttft": 0.5891167614085134,
  "median_ttft": 0.23027051356621087,
  "std_ttft": 1.0232473654274858,
  "p99_ttft": 4.7632139218738265,
  "mean_tpot": 0.012481124440825444,
  "mean_intvty": 80.1209862734022,
  "median_tpot": 0.012515436451678887,
  "median_intvty": 79.90132856020811,
  "std_tpot": 0.0009563658248918101,
  "std_intvty": 1045.6249836333561,
  "p99_tpot": 0.014263684251405137,
  "p99_intvty": 70.1081138908055,
  "mean_itl": 0.013575499618326648,
  "median_itl": 0.009613254573196173,
  "std_itl": 0.029044989441564986,
  "p99_itl": 0.18366555725224315,
  "mean_e2el": 12.0128146525356,
  "median_e2el": 11.807509127538651,
  "std_e2el": 1.565271229149515,
  "p99_e2el": 16.419723806693217
}