{
  "hw": "mi300x",
  "tp": 8,
  "conc": 32,
  "model": "openai/gpt-oss-120b",
  "framework": "vllm",
  "precision": "fp4",
  "tput_per_gpu": 3314.461619343551,
  "output_tput_per_gpu": 370.64902729858795,
  "mean_ttft": 0.4306909494684078,
  "median_ttft": 0.13704514992423356,
  "std_ttft": 0.841530806892063,
  "p99_ttft": 4.074618595940993,
  "mean_tpot": 0.010062062248633125,
  "mean_intvty": 99.38320547915956,
  "median_tpot": 0.00998263342180393,
  "median_intvty": 100.17396790468273,
  "std_tpot": 0.001109374993421243,
  "std_intvty": 901.40845604971,
  "p99_tpot": 0.012988461962837228,
  "p99_intvty": 76.99140998073631,
  "mean_itl": 0.010087473306866034,
  "median_itl": 0.007154161110520363,
  "std_itl": 0.022443977817139388,
  "p99_itl": 0.09381812484934926,
  "mean_e2el": 9.75217809817841,
  "median_e2el": 9.530580783030018,
  "std_e2el": 1.6194734730354599,
  "p99_e2el": 15.008997059147806
}