{
  "hw": "b200-nb_1",
  "tp": 1,
  "conc": 64,
  "model": "openai/gpt-oss-120b",
  "framework": "trt",
  "precision": "fp4",
  "tput_per_gpu": 11612.17689015296,
  "mean_ttft": 0.08279012957223131,
  "median_ttft": 0.04568934650160372,
  "std_ttft": 0.10926342578226915,
  "p99_ttft": 0.532676610291528,
  "mean_tpot": 0.010694120221798003,
  "mean_intvty": 93.50932842158285,
  "median_tpot": 0.010795667804778357,
  "median_intvty": 92.62974908855402,
  "std_tpot": 0.000414489072830915,
  "std_intvty": 2412.6088371162823,
  "p99_tpot": 0.011109076332019812,
  "p99_intvty": 90.01648472948997,
  "mean_itl": 0.21157797593240493,
  "median_itl": 0.20147423198795877,
  "std_itl": 0.03171951161109166,
  "p99_itl": 0.30497241765027866,
  "mean_e2el": 9.932736519326681,
  "median_e2el": 9.975394182984019,
  "std_e2el": 0.7490855820312218,
  "p99_e2el": 11.245206660264811
}