{
  "hw": "mi300x",
  "tp": 4,
  "conc": 64,
  "model": "openai/gpt-oss-120b",
  "framework": "vllm",
  "precision": "fp4",
  "tput_per_gpu": 1578.3243881225806,
  "output_tput_per_gpu": 1403.1307974851688,
  "mean_ttft": 0.24987598677689676,
  "median_ttft": 0.06692959787324071,
  "std_ttft": 0.5134947654168059,
  "p99_ttft": 2.7427999499905855,
  "mean_tpot": 0.011088645152979465,
  "mean_intvty": 90.18234294667684,
  "median_tpot": 0.01114330670331107,
  "median_intvty": 89.73996916937274,
  "std_tpot": 0.0003475727551635016,
  "std_intvty": 2877.095471794359,
  "p99_tpot": 0.011598994296421136,
  "p99_intvty": 86.21437121566217,
  "mean_itl": 0.011481457728522238,
  "median_itl": 0.010719051118940115,
  "std_itl": 0.010634058439725275,
  "p99_itl": 0.027180341146886285,
  "mean_e2el": 82.15742915681258,
  "median_e2el": 81.94695169781335,
  "std_e2el": 6.159491431158129,
  "p99_e2el": 94.40445768083445
}