{
  "hw": "mi300x",
  "tp": 4,
  "conc": 4,
  "model": "amd/Llama-3.3-70B-Instruct-FP8-KV",
  "framework": "vllm",
  "precision": "fp8",
  "tput_per_gpu": 643.6225325623255,
  "output_tput_per_gpu": 71.59791241164979,
  "mean_ttft": 0.7554200211074203,
  "median_ttft": 0.6529403072781861,
  "std_ttft": 0.3456759509807071,
  "p99_ttft": 1.9543268354283645,
  "mean_tpot": 0.012856071044492327,
  "mean_intvty": 77.78426212325657,
  "median_tpot": 0.012987780504806335,
  "median_intvty": 76.99544965592344,
  "std_tpot": 0.000637164942540234,
  "std_intvty": 1569.4523242493913,
  "p99_tpot": 0.014039546097797378,
  "p99_intvty": 71.22737395027943,
  "mean_itl": 0.012859628236917562,
  "median_itl": 0.011051894165575504,
  "std_itl": 0.033753926072579134,
  "p99_itl": 0.01142855303362012,
  "mean_e2el": 12.575025594583712,
  "median_e2el": 12.355705311521888,
  "std_e2el": 0.9910649749092924,
  "p99_e2el": 14.761217187708244
}