{
  "hw": "mi300x",
  "tp": 2,
  "conc": 64,
  "model": "openai/gpt-oss-120b",
  "framework": "vllm",
  "precision": "fp4",
  "tput_per_gpu": 2167.4814372232554,
  "output_tput_per_gpu": 1926.8915695859896,
  "mean_ttft": 0.4735488907375839,
  "median_ttft": 0.10804690839722753,
  "std_ttft": 1.0839406759131291,
  "p99_ttft": 4.891121662333608,
  "mean_tpot": 0.01616002779254383,
  "mean_intvty": 61.881081693522574,
  "median_tpot": 0.016083260338460283,
  "median_intvty": 62.176447993487756,
  "std_tpot": 0.0006976439874076113,
  "std_intvty": 1433.3958552641145,
  "p99_tpot": 0.017312845575866948,
  "p99_intvty": 57.76057988953237,
  "mean_itl": 0.016162426361022823,
  "median_itl": 0.015863693319261074,
  "std_itl": 0.007434601857233027,
  "p99_itl": 0.01834501512348652,
  "mean_e2el": 119.83574410765868,
  "median_e2el": 119.87061276985332,
  "std_e2el": 9.36155906426815,
  "p99_e2el": 140.11533986788243
}