{
  "hw": "mi300x",
  "tp": 1,
  "conc": 32,
  "model": "openai/gpt-oss-120b",
  "framework": "vllm",
  "precision": "fp4",
  "tput_per_gpu": 1827.8431842473851,
  "output_tput_per_gpu": 1625.9632218423556,
  "mean_ttft": 0.42598622500663624,
  "median_ttft": 0.12089967308565974,
  "std_ttft": 0.926660894377934,
  "p99_ttft": 4.329263256820853,
  "mean_tpot": 0.01919866081876527,
  "mean_intvty": 52.08696634832853,
  "median_tpot": 0.01943274322906203,
  "median_intvty": 51.459538584572115,
  "std_tpot": 0.0010066543750580324,
  "std_intvty": 993.3896129367652,
  "p99_tpot": 0.02070118629028758,
  "p99_intvty": 48.30641036592054,
  "mean_itl": 0.019206437242744102,
  "median_itl": 0.019042156171053648,
  "std_itl": 0.006469616366296787,
  "p99_itl": 0.021708554821088914,
  "mean_e2el": 142.84117805035058,
  "median_e2el": 142.6316433644388,
  "std_e2el": 11.725836661483257,
  "p99_e2el": 166.48894425498787
}