{
  "hw": "mi300x",
  "tp": 1,
  "conc": 4,
  "model": "openai/gpt-oss-120b",
  "framework": "vllm",
  "precision": "fp4",
  "tput_per_gpu": 3422.2514282498005,
  "output_tput_per_gpu": 380.69838393475663,
  "mean_ttft": 0.48839144699741155,
  "median_ttft": 0.33183289784938097,
  "std_ttft": 0.3960175400612191,
  "p99_ttft": 1.871233938205987,
  "mean_tpot": 0.009776119026393113,
  "mean_intvty": 102.29008027625751,
  "median_tpot": 0.009722333607827304,
  "median_intvty": 102.85596445640532,
  "std_tpot": 0.0004979615315254406,
  "std_intvty": 2008.1872528117374,
  "p99_tpot": 0.011043461968594823,
  "p99_intvty": 90.55131469133322,
  "mean_itl": 0.00977564900553678,
  "median_itl": 0.008859088644385338,
  "std_itl": 0.019591991085252017,
  "p99_itl": 0.009455309510231017,
  "mean_e2el": 9.473434630967677,
  "median_e2el": 9.326621973887086,
  "std_e2el": 0.9028708506279877,
  "p99_e2el": 12.11377833046019
}