{
  "hw": "mi300x",
  "tp": 4,
  "conc": 32,
  "model": "openai/gpt-oss-120b",
  "framework": "vllm",
  "precision": "fp4",
  "tput_per_gpu": 987.5913670359868,
  "output_tput_per_gpu": 878.5147735037852,
  "mean_ttft": 0.27425220128170624,
  "median_ttft": 0.05878469499293715,
  "std_ttft": 0.6204004427754297,
  "p99_ttft": 2.161393876980292,
  "mean_tpot": 0.008856910709252624,
  "mean_intvty": 112.90618510530105,
  "median_tpot": 0.008923001315671412,
  "median_intvty": 112.06991511294594,
  "std_tpot": 0.0003257185698967243,
  "std_intvty": 3070.135056521556,
  "p99_tpot": 0.009289062825686829,
  "p99_intvty": 107.65348655353297,
  "mean_itl": 0.008859964815187856,
  "median_itl": 0.00877142499666661,
  "std_itl": 0.004195934538511522,
  "p99_itl": 0.00976447458378971,
  "mean_e2el": 65.97064197603868,
  "median_e2el": 66.06230139097897,
  "std_e2el": 4.807554207049424,
  "p99_e2el": 75.43411567587405
}