{
  "hw": "mi355x",
  "tp": 8,
  "conc": 16,
  "model": "amd/Llama-3.3-70B-Instruct-FP8-KV",
  "framework": "vllm",
  "precision": "fp8",
  "tput_per_gpu": 386.2427266859997,
  "output_tput_per_gpu": 192.09888441297844,
  "mean_ttft": 0.12197998671908863,
  "median_ttft": 0.07334940950386226,
  "std_ttft": 0.14543920077550995,
  "p99_ttft": 0.5740485179470852,
  "mean_tpot": 0.010040793763015744,
  "mean_intvty": 99.59371973990739,
  "median_tpot": 0.010095900320843952,
  "median_intvty": 99.05010630259535,
  "std_tpot": 0.00017264336319545098,
  "std_intvty": 5792.287531307484,
  "p99_tpot": 0.010254984999445924,
  "p99_intvty": 97.51355073206152,
  "mean_itl": 0.010163691334890729,
  "median_itl": 0.009439312852919102,
  "std_itl": 0.006035327268974849,
  "p99_itl": 0.045429316451773095,
  "mean_e2el": 9.310401459710556,
  "median_e2el": 9.3275410332717,
  "std_e2el": 0.6630709077821302,
  "p99_e2el": 10.546960065318272
}