{
  "hw": "b200-trt",
  "tp": 1,
  "conc": 32,
  "model": "nvidia/Llama-3.3-70B-Instruct-FP4",
  "framework": "trt",
  "precision": "fp4",
  "tput_per_gpu": 4177.146362160177,
  "output_tput_per_gpu": 2091.8817656150386,
  "mean_ttft": 0.38286108852862527,
  "median_ttft": 0.35979242250323296,
  "std_ttft": 0.21071160445420933,
  "p99_ttft": 1.1548841712757711,
  "mean_tpot": 0.014395820544950122,
  "mean_intvty": 69.46460584706217,
  "median_tpot": 0.014481519390945006,
  "median_intvty": 69.0535276723297,
  "std_tpot": 0.00029481329298137115,
  "std_intvty": 3391.9773083745877,
  "p99_tpot": 0.014721109010605445,
  "p99_intvty": 67.92966476096167,
  "mean_itl": 0.14315652465145967,
  "median_itl": 0.13492786699498538,
  "std_itl": 0.03052332156949861,
  "p99_itl": 0.27363998696819175,
  "mean_e2el": 13.669575880629328,
  "median_e2el": 13.681391303500277,
  "std_e2el": 0.9619934655078966,
  "p99_e2el": 15.669025883429278
}