{
  "hw": "mi300x",
  "tp": 2,
  "conc": 32,
  "model": "openai/gpt-oss-120b",
  "framework": "vllm",
  "precision": "fp4",
  "tput_per_gpu": 7400.353945036046,
  "output_tput_per_gpu": 827.5654710812832,
  "mean_ttft": 0.8263040214413195,
  "median_ttft": 0.2468522610142827,
  "std_ttft": 1.7143862984055314,
  "p99_ttft": 8.211908146319912,
  "mean_tpot": 0.01806017467071818,
  "mean_intvty": 55.3704500777253,
  "median_tpot": 0.018319035532724813,
  "median_intvty": 54.58802665749609,
  "std_tpot": 0.0019115562217640102,
  "std_intvty": 523.1339725269427,
  "p99_tpot": 0.022358989574602285,
  "p99_intvty": 44.72474020632426,
  "mean_itl": 0.01860760885937792,
  "median_itl": 0.012330589815974236,
  "std_itl": 0.035900340018899975,
  "p99_itl": 0.19662789072841402,
  "mean_e2el": 17.55483494088694,
  "median_e2el": 17.3626492745243,
  "std_e2el": 2.829838623661165,
  "p99_e2el": 26.46311216017697
}