{
  "hw": "mi355x",
  "tp": 1,
  "conc": 8,
  "model": "amd/Llama-3.3-70B-Instruct-FP8-KV",
  "framework": "vllm",
  "precision": "fp8",
  "tput_per_gpu": 912.1050368172356,
  "output_tput_per_gpu": 457.7430502182795,
  "mean_ttft": 0.1866658730141353,
  "median_ttft": 0.1298105618916452,
  "std_ttft": 0.17387176262834436,
  "p99_ttft": 0.7437837458960712,
  "mean_tpot": 0.016876045513617363,
  "mean_intvty": 59.25558799856845,
  "median_tpot": 0.016928007453275083,
  "median_intvty": 59.07369799784255,
  "std_tpot": 0.00016780856944694018,
  "std_intvty": 5959.1712347931825,
  "p99_tpot": 0.0171291358201514,
  "p99_intvty": 58.38006134691046,
  "mean_itl": 0.016881291477610864,
  "median_itl": 0.016331540420651436,
  "std_itl": 0.006772233788271971,
  "p99_itl": 0.017096000453457244,
  "mean_e2el": 15.852082086686277,
  "median_e2el": 15.953973271651193,
  "std_e2el": 1.0569425465809181,
  "p99_e2el": 17.50226306122262
}