{
  "hw": "mi325x",
  "tp": 4,
  "conc": 16,
  "model": "openai/gpt-oss-120b",
  "framework": "vllm",
  "precision": "fp4",
  "tput_per_gpu": 578.0778709477877,
  "output_tput_per_gpu": 513.6367899725652,
  "mean_ttft": 0.20802007715392393,
  "median_ttft": 0.055778782116249204,
  "std_ttft": 0.4485439536071681,
  "p99_ttft": 2.060441987523809,
  "mean_tpot": 0.007572407962985644,
  "mean_intvty": 132.05838946977715,
  "median_tpot": 0.0075907341747625395,
  "median_intvty": 131.73956260051523,
  "std_tpot": 0.00011146633977305226,
  "std_intvty": 8971.318175836943,
  "p99_tpot": 0.007695790656530453,
  "p99_intvty": 129.9411645444676,
  "mean_itl": 0.007572086915480752,
  "median_itl": 0.007518093101680279,
  "std_itl": 0.0027197259687506384,
  "p99_itl": 0.008733400632627316,
  "mean_e2el": 56.06711561897246,
  "median_e2el": 55.96529643214308,
  "std_e2el": 3.8023541604346076,
  "p99_e2el": 62.88431669892743
}