{
  "hw": "mi300x",
  "tp": 8,
  "conc": 64,
  "model": "amd/Llama-3.3-70B-Instruct-FP8-KV",
  "framework": "vllm",
  "precision": "fp8",
  "tput_per_gpu": 880.3637654581522,
  "output_tput_per_gpu": 440.0826710943146,
  "mean_ttft": 0.37101032593564015,
  "median_ttft": 0.1314166660886258,
  "std_ttft": 0.671190533340223,
  "p99_ttft": 2.4226011743117124,
  "mean_tpot": 0.01730008329224722,
  "mean_intvty": 57.80318990996624,
  "median_tpot": 0.017779848267893937,
  "median_intvty": 56.24344960275931,
  "std_tpot": 0.0013408228455835448,
  "std_intvty": 745.8106813244118,
  "p99_tpot": 0.018799549345395898,
  "p99_intvty": 53.192764444904356,
  "mean_itl": 0.017317737081502298,
  "median_itl": 0.013458906672894955,
  "std_itl": 0.017728534115842874,
  "p99_itl": 0.08986442107707263,
  "mean_e2el": 16.317426027737383,
  "median_e2el": 16.48105118703097,
  "std_e2el": 1.5959838794394081,
  "p99_e2el": 19.157255869945512
}