{
  "hw": "mi300x",
  "tp": 4,
  "conc": 16,
  "model": "openai/gpt-oss-120b",
  "framework": "vllm",
  "precision": "fp4",
  "tput_per_gpu": 618.7821327458817,
  "output_tput_per_gpu": 549.8035547267625,
  "mean_ttft": 0.2476748337823665,
  "median_ttft": 0.051886892470065504,
  "std_ttft": 0.6430078767613117,
  "p99_ttft": 3.071478950014571,
  "mean_tpot": 0.007069335189243342,
  "mean_intvty": 141.4560171827181,
  "median_tpot": 0.007069967481368166,
  "median_intvty": 141.44336627224232,
  "std_tpot": 0.00023575918200265756,
  "std_intvty": 4241.616345567095,
  "p99_tpot": 0.0074876205702163814,
  "p99_intvty": 133.553775945554,
  "mean_itl": 0.007070110653467829,
  "median_itl": 0.007006167026702315,
  "std_itl": 0.0066019106748432185,
  "p99_itl": 0.007679143012501301,
  "mean_e2el": 52.403704228436254,
  "median_e2el": 52.299267451511696,
  "std_e2el": 4.054703717295286,
  "p99_e2el": 60.834837628438834
}