{
  "hw": "h200",
  "tp": 4,
  "conc": 4,
  "model": "nvidia/Llama-3.3-70B-Instruct-FP8",
  "framework": "vllm",
  "precision": "fp8",
  "tput_per_gpu": 195.3320572305966,
  "output_tput_per_gpu": 97.19078424004731,
  "mean_ttft": 0.08838730654679239,
  "median_ttft": 0.07634052500361577,
  "std_ttft": 0.03777016281699636,
  "p99_ttft": 0.21994089813204482,
  "mean_tpot": 0.009862090083517733,
  "mean_intvty": 101.3983842706198,
  "median_tpot": 0.00987255270939377,
  "median_intvty": 101.29092540052953,
  "std_tpot": 5.5644034857038864e-05,
  "std_intvty": 17971.37829003969,
  "p99_tpot": 0.00993332202719796,
  "p99_intvty": 100.67125552377615,
  "mean_itl": 0.009862405571338929,
  "median_itl": 0.009717356995679438,
  "std_itl": 0.002615963650583107,
  "p99_itl": 0.010667822379618884,
  "mean_e2el": 9.129500835650834,
  "median_e2el": 9.204782091488596,
  "std_e2el": 0.6285420766699162,
  "p99_e2el": 10.172459785742685
}