{
  "hw": "mi325x",
  "tp": 1,
  "conc": 4,
  "model": "amd/Llama-3.3-70B-Instruct-FP8-KV",
  "framework": "vllm",
  "precision": "fp8",
  "tput_per_gpu": 368.3959228506751,
  "output_tput_per_gpu": 183.30165135374756,
  "mean_ttft": 0.21394691476598382,
  "median_ttft": 0.17573200352489948,
  "std_ttft": 0.12365406520650901,
  "p99_ttft": 0.6972582542570308,
  "mean_tpot": 0.020946082772955506,
  "mean_intvty": 47.74162361714468,
  "median_tpot": 0.020972073770394367,
  "median_intvty": 47.68245672546075,
  "std_tpot": 0.00021252083489280274,
  "std_intvty": 4705.421002625028,
  "p99_tpot": 0.021173727695315944,
  "p99_intvty": 47.228339496461,
  "mean_itl": 0.02094769426458822,
  "median_itl": 0.020600687712430954,
  "std_itl": 0.0064728261955983675,
  "p99_itl": 0.021840956211090088,
  "mean_e2el": 19.417221584962682,
  "median_e2el": 19.601794672664255,
  "std_e2el": 1.3492657031078568,
  "p99_e2el": 21.76334823214449
}