{
  "hw": "mi300x",
  "tp": 8,
  "conc": 8,
  "model": "deepseek-ai/DeepSeek-R1-0528",
  "framework": "sglang",
  "precision": "fp8",
  "tput_per_gpu": 297.80604471933407,
  "output_tput_per_gpu": 33.4784222971724,
  "mean_ttft": 0.9447743174270726,
  "median_ttft": 0.5562366615049541,
  "std_ttft": 1.1810679371653197,
  "p99_ttft": 4.747241595918313,
  "mean_tpot": 0.02834967156085606,
  "mean_intvty": 35.27377725887853,
  "median_tpot": 0.028435234786154735,
  "median_intvty": 35.167636473566425,
  "std_tpot": 0.0011223801485905995,
  "std_intvty": 890.9637267335178,
  "p99_tpot": 0.030337270299848368,
  "p99_intvty": 32.962754727639364,
  "mean_itl": 0.028383119770482836,
  "median_itl": 0.02507539838552475,
  "std_itl": 0.03286040730144583,
  "p99_itl": 0.2036375606432557,
  "mean_e2el": 27.193128326255827,
  "median_e2el": 27.15437619946897,
  "std_e2el": 2.6386266377345504,
  "p99_e2el": 33.929868956347924
}