{
  "hw": "b200-nb_1",
  "tp": 8,
  "conc": 4,
  "model": "openai/gpt-oss-120b",
  "framework": "trt",
  "precision": "fp4",
  "tput_per_gpu": 412.68556658443595,
  "mean_ttft": 0.043549541377433346,
  "median_ttft": 0.037234879986499436,
  "std_ttft": 0.017683588529843915,
  "p99_ttft": 0.09913427673949628,
  "mean_tpot": 0.002314374336188948,
  "mean_intvty": 432.08221952836203,
  "median_tpot": 0.0023166654810578436,
  "median_intvty": 431.6548971685703,
  "std_tpot": 3.235297053450094e-05,
  "std_intvty": 30909.062861279093,
  "p99_tpot": 0.00236430340199722,
  "p99_intvty": 422.957560842344,
  "mean_itl": 0.045703092117934406,
  "median_itl": 0.04491392002091743,
  "std_itl": 0.007021311732927741,
  "p99_itl": 0.06946067283512093,
  "mean_e2el": 2.1653153591265437,
  "median_e2el": 2.168948745500529,
  "std_e2el": 0.15073242328789696,
  "p99_e2el": 2.4443418676106377
}