{
  "hw": "h200",
  "tp": 8,
  "conc": 8,
  "model": "nvidia/Llama-3.3-70B-Instruct-FP8",
  "framework": "vllm",
  "precision": "fp8",
  "tput_per_gpu": 227.6444658788168,
  "output_tput_per_gpu": 114.24415826086533,
  "mean_ttft": 0.08606001532170922,
  "median_ttft": 0.06824510684236884,
  "std_ttft": 0.05503939431436798,
  "p99_ttft": 0.27854065334424377,
  "mean_tpot": 0.008461514870606793,
  "mean_intvty": 118.18214767591466,
  "median_tpot": 0.008477881512532388,
  "median_intvty": 117.95399576200195,
  "std_tpot": 0.00011906890014359094,
  "std_intvty": 8398.498674247026,
  "p99_tpot": 0.00861332577660128,
  "p99_intvty": 116.09917306466825,
  "mean_itl": 0.008463085560845645,
  "median_itl": 0.008151011075824499,
  "std_itl": 0.003195831227517121,
  "p99_itl": 0.014047793345525864,
  "mean_e2el": 7.940437972021755,
  "median_e2el": 7.9763400186784565,
  "std_e2el": 0.5300725099853765,
  "p99_e2el": 8.801611853493377
}