{
  "hw": "h100",
  "tp": 8,
  "conc": 16,
  "model": "openai/gpt-oss-120b",
  "framework": "vllm",
  "precision": "fp4",
  "tput_per_gpu": 2377.680635306615,
  "output_tput_per_gpu": 263.46222483454363,
  "mean_ttft": 0.19115088167600333,
  "median_ttft": 0.11919563869014382,
  "std_ttft": 0.22186786682576928,
  "p99_ttft": 1.225583376428112,
  "mean_tpot": 0.007157252843361423,
  "mean_intvty": 139.71841178246643,
  "median_tpot": 0.0072258621595277656,
  "median_intvty": 138.39179020062477,
  "std_tpot": 0.0003712149082443224,
  "std_intvty": 2693.8573257457383,
  "p99_tpot": 0.007872199312303523,
  "p99_intvty": 127.0293040519302,
  "mean_itl": 0.007164586067042342,
  "median_itl": 0.0059089260175824165,
  "std_itl": 0.010086329240956515,
  "p99_itl": 0.0858416180126369,
  "mean_e2el": 6.740074982238002,
  "median_e2el": 6.711992444936186,
  "std_e2el": 0.6159972614941687,
  "p99_e2el": 7.953657376999035
}