{
  "hw": "mi300x",
  "tp": 2,
  "conc": 16,
  "model": "openai/gpt-oss-120b",
  "framework": "vllm",
  "precision": "fp4",
  "tput_per_gpu": 868.9181207900825,
  "output_tput_per_gpu": 772.0556982744672,
  "mean_ttft": 0.35124303892953324,
  "median_ttft": 0.08832917967811227,
  "std_ttft": 0.7906683143179082,
  "p99_ttft": 3.751996445348486,
  "mean_tpot": 0.01010218889250234,
  "mean_intvty": 98.98844801270563,
  "median_tpot": 0.010215153168311928,
  "median_intvty": 97.89378421677172,
  "std_tpot": 0.000372651791852442,
  "std_intvty": 2683.470257929063,
  "p99_tpot": 0.01048211586236309,
  "p99_intvty": 95.40058640169998,
  "mean_itl": 0.010102081770043344,
  "median_itl": 0.010079139843583107,
  "std_itl": 0.006549293792585062,
  "p99_itl": 0.011081501143053174,
  "mean_e2el": 74.87404754119925,
  "median_e2el": 75.56861165864393,
  "std_e2el": 5.696260092213673,
  "p99_e2el": 85.12059758041055
}