{
  "hw": "h100",
  "tp": 8,
  "conc": 64,
  "model": "nvidia/Llama-3.3-70B-Instruct-FP8",
  "framework": "vllm",
  "precision": "fp8",
  "tput_per_gpu": 1021.2526057084112,
  "output_tput_per_gpu": 510.51121390519137,
  "mean_ttft": 0.17954153883911203,
  "median_ttft": 0.06686504231765866,
  "std_ttft": 0.3565502587912763,
  "p99_ttft": 1.8494456253759564,
  "mean_tpot": 0.014991246796325616,
  "mean_intvty": 66.70559250916355,
  "median_tpot": 0.015193190759995227,
  "median_intvty": 65.81895901900162,
  "std_tpot": 0.0006945229833488155,
  "std_intvty": 1439.8371601444362,
  "p99_tpot": 0.015833666889382335,
  "p99_intvty": 63.15656423658725,
  "mean_itl": 0.015007270547885391,
  "median_itl": 0.012670683674514294,
  "std_itl": 0.010326770789302076,
  "p99_itl": 0.05552141140215101,
  "mean_e2el": 13.99551607711037,
  "median_e2el": 14.031958099454641,
  "std_e2el": 1.2176811153347378,
  "p99_e2el": 16.505406453600155
}