{
  "hw": "h200",
  "tp": 1,
  "conc": 4,
  "model": "nvidia/Llama-3.3-70B-Instruct-FP8",
  "framework": "vllm",
  "precision": "fp8",
  "tput_per_gpu": 362.2590649624717,
  "output_tput_per_gpu": 180.24815343138613,
  "mean_ttft": 0.19985622970853,
  "median_ttft": 0.17349721118807793,
  "std_ttft": 0.09163385458498532,
  "p99_ttft": 0.4741772350668907,
  "mean_tpot": 0.02126139601014879,
  "mean_intvty": 47.03360021715723,
  "median_tpot": 0.021291218895996344,
  "median_intvty": 46.967719644648554,
  "std_tpot": 0.00012008592156255489,
  "std_intvty": 8327.370827387807,
  "p99_tpot": 0.02141699465684411,
  "p99_intvty": 46.69189193080532,
  "mean_itl": 0.02126268835753997,
  "median_itl": 0.0209423853084445,
  "std_itl": 0.005829550735947355,
  "p99_itl": 0.021618371680378914,
  "mean_e2el": 19.691894081700593,
  "median_e2el": 19.85227583628148,
  "std_e2el": 1.353042218302276,
  "p99_e2el": 21.938896372923626
}