{
  "hw": "mi300x",
  "tp": 4,
  "conc": 16,
  "model": "openai/gpt-oss-120b",
  "framework": "vllm",
  "precision": "fp4",
  "tput_per_gpu": 3571.975038226551,
  "output_tput_per_gpu": 395.7976847901038,
  "mean_ttft": 0.4478336185886292,
  "median_ttft": 0.1648090248927474,
  "std_ttft": 0.7829960621557247,
  "p99_ttft": 3.5812451589805976,
  "mean_tpot": 0.009356287860765896,
  "mean_intvty": 106.87999502381076,
  "median_tpot": 0.009251425106946327,
  "median_intvty": 108.0914549315393,
  "std_tpot": 0.0008119118709774895,
  "std_intvty": 1231.6607697779618,
  "p99_tpot": 0.01122598608842435,
  "p99_intvty": 89.07903431584934,
  "mean_itl": 0.009367307682608607,
  "median_itl": 0.007245101034641266,
  "std_itl": 0.022360398970912125,
  "p99_itl": 0.12337176352739335,
  "mean_e2el": 9.011074861581438,
  "median_e2el": 8.843120249221101,
  "std_e2el": 1.2423953803724097,
  "p99_e2el": 12.395981587031855
}