{
  "hw": "mi300x",
  "tp": 8,
  "conc": 16,
  "model": "openai/gpt-oss-120b",
  "framework": "vllm",
  "precision": "fp4",
  "tput_per_gpu": 366.2640830020592,
  "output_tput_per_gpu": 325.43488919058547,
  "mean_ttft": 0.23446884800505358,
  "median_ttft": 0.046891078585758805,
  "std_ttft": 0.5759265458061545,
  "p99_ttft": 2.663859305740334,
  "mean_tpot": 0.005959463165494226,
  "mean_intvty": 167.80034916401212,
  "median_tpot": 0.0059368495257173335,
  "median_intvty": 168.43950577965384,
  "std_tpot": 0.00015389066706036008,
  "std_intvty": 6498.1198606915705,
  "p99_tpot": 0.006295488315856784,
  "p99_intvty": 158.84391326424137,
  "mean_itl": 0.005959534041889426,
  "median_itl": 0.0058480012230575085,
  "std_itl": 0.00683777466504025,
  "p99_itl": 0.006712960265576841,
  "mean_e2el": 44.19780233683705,
  "median_e2el": 44.08322010142729,
  "std_e2el": 3.2024829968442914,
  "p99_e2el": 50.629612694322134
}