{
  "hw": "mi300x",
  "tp": 8,
  "conc": 8,
  "model": "openai/gpt-oss-120b",
  "framework": "vllm",
  "precision": "fp4",
  "tput_per_gpu": 1461.1897113236082,
  "output_tput_per_gpu": 164.2623683413748,
  "mean_ttft": 0.3047040747129358,
  "median_ttft": 0.12997776735574007,
  "std_ttft": 0.4087729548685143,
  "p99_ttft": 1.670204979507251,
  "mean_tpot": 0.0056564781055580176,
  "mean_intvty": 176.7884505762352,
  "median_tpot": 0.00555856727825341,
  "median_intvty": 179.90247305493003,
  "std_tpot": 0.00039086261784698767,
  "std_intvty": 2558.443694381317,
  "p99_tpot": 0.006705287548838416,
  "p99_intvty": 149.13603521346883,
  "mean_itl": 0.005669094112735297,
  "median_itl": 0.004905378445982933,
  "std_itl": 0.013874270787670773,
  "p99_itl": 0.006016382016241549,
  "mean_e2el": 5.545852100662887,
  "median_e2el": 5.406358673702925,
  "std_e2el": 0.8239684348670647,
  "p99_e2el": 8.029418550273403
}