{
  "hw": "mi300x",
  "tp": 8,
  "conc": 16,
  "model": "deepseek-ai/DeepSeek-R1-0528",
  "framework": "sglang",
  "precision": "fp8",
  "tput_per_gpu": 462.6617696602918,
  "output_tput_per_gpu": 51.265883807338476,
  "mean_ttft": 1.3570404412603239,
  "median_ttft": 0.5750915633980185,
  "std_ttft": 2.326574906555882,
  "p99_ttft": 8.583150335303507,
  "mean_tpot": 0.036370107640520816,
  "mean_intvty": 27.495106967620735,
  "median_tpot": 0.03710666558587572,
  "median_intvty": 26.949336034672974,
  "std_tpot": 0.0025362642829748474,
  "std_intvty": 394.2806775747656,
  "p99_tpot": 0.03959627038508622,
  "p99_intvty": 25.2549038147958,
  "mean_itl": 0.03642972928125468,
  "median_itl": 0.029426599154248834,
  "std_itl": 0.04890844921246538,
  "p99_itl": 0.3134189219446861,
  "mean_e2el": 34.6597324775561,
  "median_e2el": 34.738401910988614,
  "std_e2el": 3.5070235438905266,
  "p99_e2el": 42.04180992656387
}