{
  "hw": "mi300x",
  "tp": 2,
  "conc": 4,
  "model": "amd/Llama-3.3-70B-Instruct-FP8-KV",
  "framework": "vllm",
  "precision": "fp8",
  "tput_per_gpu": 250.72412133972645,
  "output_tput_per_gpu": 124.75204698293531,
  "mean_ttft": 0.19609064213000238,
  "median_ttft": 0.1574332327581942,
  "std_ttft": 0.12469237042747891,
  "p99_ttft": 0.6594445632211864,
  "mean_tpot": 0.015341544920569921,
  "mean_intvty": 65.18248358802518,
  "median_tpot": 0.015384067678239622,
  "median_intvty": 65.00231414182316,
  "std_tpot": 0.00018204633833535875,
  "std_intvty": 5493.106915217589,
  "p99_tpot": 0.015582175931422665,
  "p99_intvty": 64.17588945221846,
  "mean_itl": 0.01534189744724096,
  "median_itl": 0.01506185531616211,
  "std_itl": 0.005457984206221512,
  "p99_itl": 0.015574199706315994,
  "mean_e2el": 14.260391167015769,
  "median_e2el": 14.412726506590843,
  "std_e2el": 0.9769522730238503,
  "p99_e2el": 15.923758610077202
}