{
  "hw": "b200-nb_1",
  "tp": 4,
  "conc": 64,
  "model": "openai/gpt-oss-120b",
  "framework": "trt",
  "precision": "fp4",
  "tput_per_gpu": 5565.04638394964,
  "mean_ttft": 0.07838983814299354,
  "median_ttft": 0.05416705248353537,
  "std_ttft": 0.0857173015590458,
  "p99_ttft": 0.37951621702086413,
  "mean_tpot": 0.005522551229470378,
  "mean_intvty": 181.07573084403995,
  "median_tpot": 0.005645670052932407,
  "median_intvty": 177.12689381849225,
  "std_tpot": 0.0003624237461655972,
  "std_intvty": 2759.201102521257,
  "p99_tpot": 0.0059286499633552795,
  "p99_intvty": 168.67246441954836,
  "mean_itl": 0.10932678029584361,
  "median_itl": 0.09026743599679321,
  "std_itl": 0.03540762465995007,
  "p99_itl": 0.22796098735474518,
  "mean_e2el": 5.1680637670735,
  "median_e2el": 5.234165561501868,
  "std_e2el": 0.4871890934680702,
  "p99_e2el": 6.019512146692142
}