{
  "hw": "b200-nb_1",
  "tp": 4,
  "conc": 64,
  "model": "openai/gpt-oss-120b",
  "framework": "trt",
  "precision": "fp4",
  "tput_per_gpu": 5387.267170786572,
  "mean_ttft": 0.07691648753948357,
  "median_ttft": 0.046299610505229793,
  "std_ttft": 0.07560494672741355,
  "p99_ttft": 0.35291307026316643,
  "mean_tpot": 0.005713408033324087,
  "mean_intvty": 175.02688310853853,
  "median_tpot": 0.005863798318861078,
  "median_intvty": 170.53792535522084,
  "std_tpot": 0.0004259542615459098,
  "std_intvty": 2347.6699032678157,
  "p99_tpot": 0.006221573857972905,
  "p99_intvty": 160.73103411261553,
  "mean_itl": 0.11311628941437575,
  "median_itl": 0.0904089100076817,
  "std_itl": 0.039805150747679464,
  "p99_itl": 0.23726784312282695,
  "mean_e2el": 5.343009819986219,
  "median_e2el": 5.404212130510132,
  "std_e2el": 0.5408618500019843,
  "p99_e2el": 6.310133763317717
}