{
  "hw": "mi300x",
  "tp": 4,
  "conc": 64,
  "model": "amd/Llama-3.3-70B-Instruct-FP8-KV",
  "framework": "vllm",
  "precision": "fp8",
  "tput_per_gpu": 1431.285225210827,
  "output_tput_per_gpu": 715.4813154773688,
  "mean_ttft": 0.4755081985138531,
  "median_ttft": 0.14271083590574563,
  "std_ttft": 0.93512396343722,
  "p99_ttft": 3.3075139691168443,
  "mean_tpot": 0.021277991494037633,
  "mean_intvty": 46.996916991916876,
  "median_tpot": 0.021806530764714983,
  "median_intvty": 45.85782171358013,
  "std_tpot": 0.0014649797043347313,
  "std_intvty": 682.6033132343732,
  "p99_tpot": 0.022871793082760158,
  "p99_intvty": 43.72197651410899,
  "mean_itl": 0.021298899979401126,
  "median_itl": 0.01697248173877597,
  "std_itl": 0.019797354432087456,
  "p99_itl": 0.0998101951554418,
  "mean_e2el": 20.087834672711324,
  "median_e2el": 20.27773237088695,
  "std_e2el": 1.9409443573280636,
  "p99_e2el": 23.954655727799985
}