{
  "hw": "mi300x",
  "tp": 2,
  "conc": 16,
  "model": "amd/Llama-3.3-70B-Instruct-FP8-KV",
  "framework": "vllm",
  "precision": "fp8",
  "tput_per_gpu": 778.608410073238,
  "output_tput_per_gpu": 387.2430382131864,
  "mean_ttft": 0.3375877240905538,
  "median_ttft": 0.19469132786616683,
  "std_ttft": 0.436116514287892,
  "p99_ttft": 1.738816605405882,
  "mean_tpot": 0.019829459931447288,
  "mean_intvty": 50.430016927193904,
  "median_tpot": 0.02001017730999238,
  "median_intvty": 49.97456966563885,
  "std_tpot": 0.0005960295385741797,
  "std_intvty": 1677.7691964599562,
  "p99_tpot": 0.020542676267901797,
  "p99_intvty": 48.679149053354514,
  "mean_itl": 0.019837415597172003,
  "median_itl": 0.017858736217021942,
  "std_itl": 0.017032090668760724,
  "p99_itl": 0.1451427526772018,
  "mean_e2el": 18.48671511624707,
  "median_e2el": 18.55960571113974,
  "std_e2el": 1.3997444965242063,
  "p99_e2el": 21.098699674969538
}