{
  "hw": "mi300x",
  "tp": 4,
  "conc": 8,
  "model": "openai/gpt-oss-120b",
  "framework": "vllm",
  "precision": "fp4",
  "tput_per_gpu": 2129.232148945362,
  "output_tput_per_gpu": 239.36160569974112,
  "mean_ttft": 0.5068774214363657,
  "median_ttft": 0.17614066926762462,
  "std_ttft": 1.6457068101483785,
  "p99_ttft": 4.576971140867019,
  "mean_tpot": 0.007693234833290599,
  "mean_intvty": 129.9843332056814,
  "median_tpot": 0.006268258772215166,
  "median_intvty": 159.53393698942742,
  "std_tpot": 0.004402800520398643,
  "std_intvty": 227.12816430517208,
  "p99_tpot": 0.023133021698967894,
  "p99_intvty": 43.228248043558274,
  "mean_itl": 0.007719486658905935,
  "median_itl": 0.0053955670446157455,
  "std_itl": 0.14275985806525252,
  "p99_itl": 0.0066602018661797045,
  "mean_e2el": 7.638910722907167,
  "median_e2el": 6.2270105462521315,
  "std_e2el": 4.357203117161118,
  "p99_e2el": 20.93585972060449
}