{
  "hw": "h200",
  "tp": 4,
  "conc": 64,
  "model": "nvidia/Llama-3.3-70B-Instruct-FP8",
  "framework": "vllm",
  "precision": "fp8",
  "tput_per_gpu": 1891.6884807636243,
  "output_tput_per_gpu": 945.6310586108217,
  "mean_ttft": 0.26694933358230627,
  "median_ttft": 0.09516271855682135,
  "std_ttft": 0.5416897547286534,
  "p99_ttft": 2.8351220096182077,
  "mean_tpot": 0.0160967876545544,
  "mean_intvty": 62.1241965453313,
  "median_tpot": 0.01632933279759525,
  "median_intvty": 61.23948923052543,
  "std_tpot": 0.0008313061723524204,
  "std_intvty": 1202.9262301399876,
  "p99_tpot": 0.017241943365499335,
  "p99_intvty": 57.99810258053469,
  "mean_itl": 0.016113805729163176,
  "median_itl": 0.013102660421282053,
  "std_itl": 0.01356691950226805,
  "p99_itl": 0.06891767661087216,
  "mean_e2el": 15.103232295319321,
  "median_e2el": 15.228954908438027,
  "std_e2el": 1.3799806936348662,
  "p99_e2el": 18.211403487697247
}