{
  "hw": "mi300x",
  "tp": 8,
  "conc": 16,
  "model": "amd/Llama-3.3-70B-Instruct-FP8-KV",
  "framework": "vllm",
  "precision": "fp8",
  "tput_per_gpu": 352.1615863924361,
  "output_tput_per_gpu": 175.14853537705164,
  "mean_ttft": 0.18540299943415448,
  "median_ttft": 0.11623921996215358,
  "std_ttft": 0.2025255671737667,
  "p99_ttft": 0.8329441161826253,
  "mean_tpot": 0.01096959599047186,
  "mean_intvty": 91.16106015833176,
  "median_tpot": 0.011053490105764428,
  "median_intvty": 90.46916317213665,
  "std_tpot": 0.0003168658926646754,
  "std_intvty": 3155.9092447297694,
  "p99_tpot": 0.011336637403567254,
  "p99_intvty": 88.20957788464982,
  "mean_itl": 0.010974255600555696,
  "median_itl": 0.009907150990329683,
  "std_itl": 0.009252146724234587,
  "p99_itl": 0.086895629146602,
  "mean_e2el": 10.225680697140342,
  "median_e2el": 10.236294925503898,
  "std_e2el": 0.7806260801553584,
  "p99_e2el": 11.755205995049328
}