{
  "hw": "mi300x",
  "tp": 2,
  "conc": 8,
  "model": "openai/gpt-oss-120b",
  "framework": "vllm",
  "precision": "fp4",
  "tput_per_gpu": 3583.9612229359223,
  "output_tput_per_gpu": 402.8976894381674,
  "mean_ttft": 0.4446736397920176,
  "median_ttft": 0.23649803223088384,
  "std_ttft": 0.5248083797961247,
  "p99_ttft": 2.4485825672000603,
  "mean_tpot": 0.009298391196845257,
  "mean_intvty": 107.54548596958132,
  "median_tpot": 0.009295937063620932,
  "median_intvty": 107.57387804543528,
  "std_tpot": 0.0005425404181498585,
  "std_intvty": 1843.1806489369865,
  "p99_tpot": 0.010600656236503702,
  "p99_intvty": 94.333782521545,
  "mean_itl": 0.009317152846471853,
  "median_itl": 0.007796779740601778,
  "std_itl": 0.02050116069877532,
  "p99_itl": 0.009068672209978115,
  "mean_e2el": 9.060943493572996,
  "median_e2el": 8.946400704793632,
  "std_e2el": 1.1250221087834376,
  "p99_e2el": 12.368654936114325
}