{
  "hw": "b200",
  "tp": 8,
  "conc": 16,
  "model": "nvidia/Llama-3.3-70B-Instruct-FP8",
  "framework": "vllm",
  "precision": "fp8",
  "tput_per_gpu": 464.1737461149584,
  "output_tput_per_gpu": 230.85809166567458,
  "mean_ttft": 0.20723973124113398,
  "median_ttft": 0.09087620885111392,
  "std_ttft": 0.3133647279197495,
  "p99_ttft": 1.2339194493414833,
  "mean_tpot": 0.00826368794328975,
  "mean_intvty": 121.01134588607212,
  "median_tpot": 0.008019802480998962,
  "median_intvty": 124.69135023827147,
  "std_tpot": 0.0008009858325365009,
  "std_intvty": 1248.4615325008635,
  "p99_tpot": 0.010787143252202267,
  "p99_intvty": 92.70294985614875,
  "mean_itl": 0.008265188365195195,
  "median_itl": 0.007098716916516423,
  "std_itl": 0.019348375154435,
  "p99_itl": 0.058153142719529566,
  "mean_e2el": 7.76900838228612,
  "median_e2el": 7.642833990394138,
  "std_e2el": 0.9225195809124777,
  "p99_e2el": 10.392166964663192
}