{
  "hw": "h100",
  "tp": 4,
  "conc": 64,
  "model": "openai/gpt-oss-120b",
  "framework": "vllm",
  "precision": "fp4",
  "tput_per_gpu": 7150.615831500498,
  "output_tput_per_gpu": 793.2984205517236,
  "mean_ttft": 0.5939120701383217,
  "median_ttft": 0.17373131541535258,
  "std_ttft": 1.3294659032318508,
  "p99_ttft": 7.032085174974056,
  "mean_tpot": 0.019212992519637484,
  "mean_intvty": 52.048112701751485,
  "median_tpot": 0.019711894245808288,
  "median_intvty": 50.7307916494453,
  "std_tpot": 0.002005552908380262,
  "std_intvty": 498.615616582076,
  "p99_tpot": 0.022670348903228877,
  "p99_intvty": 44.11048123999418,
  "mean_itl": 0.019244780424396712,
  "median_itl": 0.011848106049001217,
  "std_itl": 0.02848906760069413,
  "p99_itl": 0.13624515550211072,
  "mean_e2el": 18.3137540128213,
  "median_e2el": 18.436463543213904,
  "std_e2el": 2.656180646700203,
  "p99_e2el": 25.715083695584912
}