{
  "hw": "h200",
  "tp": 2,
  "conc": 8,
  "model": "nvidia/Llama-3.3-70B-Instruct-FP8",
  "framework": "vllm",
  "precision": "fp8",
  "tput_per_gpu": 534.1766198115504,
  "output_tput_per_gpu": 268.0783741322815,
  "mean_ttft": 0.1595113238552585,
  "median_ttft": 0.1109931031242013,
  "std_ttft": 0.15474435963332572,
  "p99_ttft": 0.6584318385925144,
  "mean_tpot": 0.014407632630556102,
  "mean_intvty": 69.40765534784477,
  "median_tpot": 0.014453069900373112,
  "median_intvty": 69.18945296003754,
  "std_tpot": 0.0001598147831365622,
  "std_intvty": 6257.2434187486715,
  "p99_tpot": 0.014649931142170863,
  "p99_intvty": 68.25970649933154,
  "mean_itl": 0.014410820022861398,
  "median_itl": 0.013930180110037327,
  "std_itl": 0.0059894397351331575,
  "p99_itl": 0.017222278006374877,
  "mean_e2el": 13.533832955162506,
  "median_e2el": 13.607205601874739,
  "std_e2el": 0.9075681435115514,
  "p99_e2el": 14.95125023365952
}