{
  "hw": "h100-cr_1",
  "tp": 8,
  "conc": 4,
  "model": "openai/gpt-oss-120b",
  "framework": "vllm",
  "precision": "fp4",
  "tput_per_gpu": 191.35417888808632,
  "output_tput_per_gpu": 95.21152327693943,
  "mean_ttft": 0.03399927634745836,
  "median_ttft": 0.032317413948476315,
  "std_ttft": 0.01144103250788982,
  "p99_ttft": 0.07294089879840612,
  "mean_tpot": 0.005058295243670184,
  "mean_intvty": 197.69506361879002,
  "median_tpot": 0.0050607706209558016,
  "median_intvty": 197.5983649326385,
  "std_tpot": 0.00010784912838634015,
  "std_intvty": 9272.212163067023,
  "p99_tpot": 0.005290287712489389,
  "p99_intvty": 189.02563609899428,
  "mean_itl": 0.0050687704888215945,
  "median_itl": 0.004935447126626968,
  "std_itl": 0.0010449402383359676,
  "p99_itl": 0.007901724241673945,
  "mean_e2el": 4.670783556159586,
  "median_e2el": 4.705907913856208,
  "std_e2el": 0.32897297550774846,
  "p99_e2el": 5.262275120615959
}