{
  "hw": "mi300x",
  "tp": 8,
  "conc": 32,
  "model": "openai/gpt-oss-120b",
  "framework": "vllm",
  "precision": "fp4",
  "tput_per_gpu": 614.5181244918639,
  "output_tput_per_gpu": 546.6463853083363,
  "mean_ttft": 0.34425241447170263,
  "median_ttft": 0.04447259055450559,
  "std_ttft": 0.8564102079821941,
  "p99_ttft": 3.179366129101254,
  "mean_tpot": 0.007094226912243665,
  "mean_intvty": 140.95968628718893,
  "median_tpot": 0.007103660136976097,
  "median_intvty": 140.77250047405596,
  "std_tpot": 0.00018528415787890252,
  "std_intvty": 5397.115497880704,
  "p99_tpot": 0.0073657587008413355,
  "p99_intvty": 135.76333961167876,
  "mean_itl": 0.007639377182985261,
  "median_itl": 0.006969376001507044,
  "std_itl": 0.005920345753090161,
  "p99_itl": 0.017382578160613782,
  "mean_e2el": 52.96199043629895,
  "median_e2el": 53.1953840511851,
  "std_e2el": 3.5849126633288715,
  "p99_e2el": 59.51573292571586
}