{
  "hw": "mi300x",
  "tp": 8,
  "conc": 4,
  "model": "deepseek-ai/DeepSeek-R1-0528",
  "framework": "sglang",
  "precision": "fp8",
  "tput_per_gpu": 184.67974324504655,
  "output_tput_per_gpu": 20.544159677604807,
  "mean_ttft": 0.6373674051603302,
  "median_ttft": 0.5269583018962294,
  "std_ttft": 0.3948124662224387,
  "p99_ttft": 2.02087476067245,
  "mean_tpot": 0.023060788280008543,
  "mean_intvty": 43.36365209453411,
  "median_tpot": 0.02317516329901323,
  "median_intvty": 43.14964201536301,
  "std_tpot": 0.0005254859931108301,
  "std_intvty": 1903.0002951745475,
  "p99_tpot": 0.024233589698551952,
  "p99_intvty": 41.265038008783065,
  "mean_itl": 0.02306451385239904,
  "median_itl": 0.021672152914106846,
  "std_itl": 0.0192956335123006,
  "p99_itl": 0.022209277879446744,
  "mean_e2el": 21.8365384995006,
  "median_e2el": 21.596031084889546,
  "std_e2el": 1.554380993895965,
  "p99_e2el": 25.111299358853138
}