{
  "hw": "mi325x",
  "tp": 4,
  "conc": 8,
  "model": "amd/Llama-3.3-70B-Instruct-FP8-KV",
  "framework": "vllm",
  "precision": "fp8",
  "tput_per_gpu": 282.14218397763335,
  "output_tput_per_gpu": 141.5940255519576,
  "mean_ttft": 0.1772582455596421,
  "median_ttft": 0.12058660620823503,
  "std_ttft": 0.18324966122666875,
  "p99_ttft": 0.7697805231716484,
  "mean_tpot": 0.01364252274465792,
  "mean_intvty": 73.30022597115155,
  "median_tpot": 0.013695800400236473,
  "median_intvty": 73.01508278280208,
  "std_tpot": 0.0002103124824682648,
  "std_intvty": 4754.829519692896,
  "p99_tpot": 0.013926886629330407,
  "p99_intvty": 71.80355714923193,
  "mean_itl": 0.013646323150307808,
  "median_itl": 0.013168543577194214,
  "std_itl": 0.006002158366603853,
  "p99_itl": 0.014627701905556024,
  "mean_e2el": 12.842069265799363,
  "median_e2el": 12.969290198292583,
  "std_e2el": 0.8851581344674228,
  "p99_e2el": 14.258507468160241
}