{
  "hw": "mi300x",
  "tp": 4,
  "conc": 32,
  "model": "openai/gpt-oss-120b",
  "framework": "vllm",
  "precision": "fp4",
  "tput_per_gpu": 5444.577959393791,
  "output_tput_per_gpu": 608.8553003369284,
  "mean_ttft": 0.5717614736422547,
  "median_ttft": 0.16792806633748114,
  "std_ttft": 1.162068376410097,
  "p99_ttft": 5.488429285068996,
  "mean_tpot": 0.012232241639562883,
  "mean_intvty": 81.75116462428998,
  "median_tpot": 0.012151898491027407,
  "median_intvty": 82.29166831325735,
  "std_tpot": 0.0014214103941388775,
  "std_intvty": 703.5265846679155,
  "p99_tpot": 0.0159746754368562,
  "p99_intvty": 62.59908089855996,
  "mean_itl": 0.01323700369670849,
  "median_itl": 0.008541142102330923,
  "std_itl": 0.02710098406418693,
  "p99_itl": 0.12255462610162804,
  "mean_e2el": 11.905904330787598,
  "median_e2el": 11.609738771570846,
  "std_e2el": 2.0763900339646164,
  "p99_e2el": 18.6929582918901
}