{
  "hw": "mi300x",
  "tp": 1,
  "conc": 64,
  "model": "openai/gpt-oss-120b",
  "framework": "vllm",
  "precision": "fp4",
  "tput_per_gpu": 11744.322712911831,
  "output_tput_per_gpu": 1302.9301081397412,
  "mean_ttft": 1.6162290612250216,
  "median_ttft": 0.4323789899935946,
  "std_ttft": 3.587519655466174,
  "p99_ttft": 18.309636440081526,
  "mean_tpot": 0.046708960943060526,
  "mean_intvty": 21.409168172655924,
  "median_tpot": 0.04789184182896387,
  "median_intvty": 20.88038300074781,
  "std_tpot": 0.005315012818260347,
  "std_intvty": 188.14630071340247,
  "p99_tpot": 0.05584003194426163,
  "p99_intvty": 17.908299210827447,
  "mean_itl": 0.046797041775670525,
  "median_itl": 0.027851263992488384,
  "std_itl": 0.0742864607898868,
  "p99_itl": 0.3423493088060059,
  "mean_e2el": 44.705116955231276,
  "median_e2el": 44.97773634351324,
  "std_e2el": 7.028114184202694,
  "p99_e2el": 64.94341089811994
}