{
  "hw": "b200-nb_1",
  "tp": 4,
  "conc": 4,
  "model": "openai/gpt-oss-120b",
  "framework": "trt",
  "precision": "fp4",
  "tput_per_gpu": 770.6882137412675,
  "mean_ttft": 0.04256922454951564,
  "median_ttft": 0.037277243987773545,
  "std_ttft": 0.013706412108997774,
  "p99_ttft": 0.08295344984304392,
  "mean_tpot": 0.002486319774918,
  "mean_intvty": 402.20087942347664,
  "median_tpot": 0.002482597027877073,
  "median_intvty": 402.803994676141,
  "std_tpot": 4.864917361447954e-05,
  "std_intvty": 20555.333743682917,
  "p99_tpot": 0.00255937719124039,
  "p99_intvty": 390.7200562006082,
  "mean_itl": 0.04909858491010192,
  "median_itl": 0.04857098497450352,
  "std_itl": 0.007260193433022115,
  "p99_itl": 0.07277881163987332,
  "mean_e2el": 2.3219706690011663,
  "median_e2el": 2.3333003879815806,
  "std_e2el": 0.16449423967013743,
  "p99_e2el": 2.610645653241081
}