{
  "hw": "b200-nb_1",
  "tp": 2,
  "conc": 64,
  "model": "openai/gpt-oss-120b",
  "framework": "trt",
  "precision": "fp4",
  "tput_per_gpu": 8811.22455043007,
  "mean_ttft": 0.07701653117919705,
  "median_ttft": 0.04821432400785852,
  "std_ttft": 0.0891511348806798,
  "p99_ttft": 0.41562499095278327,
  "mean_tpot": 0.007004820713063642,
  "mean_intvty": 142.758828664244,
  "median_tpot": 0.007088786753667891,
  "median_intvty": 141.06786319712305,
  "std_tpot": 0.000314444864172675,
  "std_intvty": 3180.207769114199,
  "p99_tpot": 0.0073444210838487355,
  "p99_intvty": 136.15777044689338,
  "mean_itl": 0.13862905177191698,
  "median_itl": 0.12522151501616463,
  "std_itl": 0.02979267740467852,
  "p99_itl": 0.241797826726106,
  "mean_e2el": 6.530848549523171,
  "median_e2el": 6.554557191499043,
  "std_e2el": 0.5378194340174882,
  "p99_e2el": 7.492696732711338
}