{
  "hw": "h100",
  "tp": 8,
  "conc": 16,
  "model": "openai/gpt-oss-120b",
  "framework": "vllm",
  "precision": "fp4",
  "tput_per_gpu": 376.10370529431253,
  "output_tput_per_gpu": 334.17764213570206,
  "mean_ttft": 0.04469660702161491,
  "median_ttft": 0.03173385700210929,
  "std_ttft": 0.03927361632009406,
  "p99_ttft": 0.1994818461034447,
  "mean_tpot": 0.0058282571446031895,
  "mean_intvty": 171.57787914796677,
  "median_tpot": 0.005851673886774737,
  "median_intvty": 170.89127305266993,
  "std_tpot": 0.00010984026889835056,
  "std_intvty": 9104.129205341163,
  "p99_tpot": 0.00596246541892616,
  "p99_intvty": 167.71585740787407,
  "mean_itl": 0.005827548437003252,
  "median_itl": 0.005816779099404812,
  "std_itl": 0.0006982755807193885,
  "p99_itl": 0.006195941176265478,
  "mean_e2el": 43.03379285449628,
  "median_e2el": 43.17202881537378,
  "std_e2el": 2.885298217471926,
  "p99_e2el": 48.22794902130961
}