{
  "hw": "h100",
  "tp": 4,
  "conc": 32,
  "model": "openai/gpt-oss-120b",
  "framework": "vllm",
  "precision": "fp4",
  "tput_per_gpu": 1024.0388710875625,
  "output_tput_per_gpu": 910.9367567606331,
  "mean_ttft": 0.07641499781166203,
  "median_ttft": 0.04524763161316514,
  "std_ttft": 0.09998560054094574,
  "p99_ttft": 0.5173717126436533,
  "mean_tpot": 0.008561430353687399,
  "mean_intvty": 116.8029124443325,
  "median_tpot": 0.008591536035754126,
  "median_intvty": 116.39362226247411,
  "std_tpot": 0.0001580853060260016,
  "std_intvty": 6325.698606267187,
  "p99_tpot": 0.008801494097287354,
  "p99_intvty": 113.61707329988474,
  "mean_itl": 0.008562956046774704,
  "median_itl": 0.00851366575807333,
  "std_itl": 0.0014153523108042007,
  "p99_itl": 0.009121365565806628,
  "mean_e2el": 63.57049312592426,
  "median_e2el": 63.90745157934725,
  "std_e2el": 4.246434288427843,
  "p99_e2el": 71.27314461288043
}