{
  "hw": "mi325x",
  "tp": 8,
  "conc": 8,
  "model": "amd/Llama-3.3-70B-Instruct-FP8-KV",
  "framework": "vllm",
  "precision": "fp8",
  "tput_per_gpu": 223.62316274282378,
  "output_tput_per_gpu": 112.22605344944478,
  "mean_ttft": 0.12058832418406382,
  "median_ttft": 0.08112240419723094,
  "std_ttft": 0.11792307560926994,
  "p99_ttft": 0.5170475358562544,
  "mean_tpot": 0.00858171549651272,
  "mean_intvty": 116.52681802448026,
  "median_tpot": 0.008615514114217758,
  "median_intvty": 116.06968391471257,
  "std_tpot": 0.0001140162431398339,
  "std_intvty": 8770.680145753984,
  "p99_tpot": 0.008713059120098888,
  "p99_intvty": 114.77025304387588,
  "mean_itl": 0.008583837089741203,
  "median_itl": 0.008223685901612043,
  "std_itl": 0.004114819699085909,
  "p99_itl": 0.009673790354281668,
  "mean_e2el": 8.087032592494506,
  "median_e2el": 8.148884882451966,
  "std_e2el": 0.5479411033913781,
  "p99_e2el": 8.951202747770585
}