{
  "hw": "mi300x",
  "tp": 1,
  "conc": 64,
  "model": "openai/gpt-oss-120b",
  "framework": "vllm",
  "precision": "fp4",
  "tput_per_gpu": 2452.2508338089215,
  "output_tput_per_gpu": 2180.051638287648,
  "mean_ttft": 0.46439408790465675,
  "median_ttft": 0.1539708999916911,
  "std_ttft": 0.9463764196288869,
  "p99_ttft": 4.667759816013277,
  "mean_tpot": 0.02872601518720557,
  "mean_intvty": 34.81165046676558,
  "median_tpot": 0.029024442362986232,
  "median_intvty": 34.45371964407702,
  "std_tpot": 0.0012215636782567517,
  "std_intvty": 818.6228993211905,
  "p99_tpot": 0.030112828466206314,
  "p99_intvty": 33.20843809548597,
  "mean_itl": 0.028727480020011742,
  "median_itl": 0.028296425007283688,
  "std_itl": 0.009568223911615525,
  "p99_itl": 0.03171550245024264,
  "mean_e2el": 212.6215918863818,
  "median_e2el": 212.2766909855418,
  "std_e2el": 16.70112286135215,
  "p99_e2el": 244.53134541967884
}