{
  "hw": "mi300x",
  "tp": 2,
  "conc": 8,
  "model": "openai/gpt-oss-120b",
  "framework": "vllm",
  "precision": "fp4",
  "tput_per_gpu": 572.2806493366512,
  "output_tput_per_gpu": 508.54262711483307,
  "mean_ttft": 0.3400706490268931,
  "median_ttft": 0.07742976467125118,
  "std_ttft": 0.7781874060961845,
  "p99_ttft": 2.779757556966506,
  "mean_tpot": 0.007637057459678666,
  "mean_intvty": 130.94048398610263,
  "median_tpot": 0.007619975986739495,
  "median_intvty": 131.23400936436406,
  "std_tpot": 0.00019508707763172915,
  "std_intvty": 5125.91614031825,
  "p99_tpot": 0.008026175664306617,
  "p99_intvty": 124.59233909458548,
  "mean_itl": 0.007638790055534109,
  "median_itl": 0.007582498248666525,
  "std_itl": 0.002112816922517962,
  "p99_itl": 0.008474785187281668,
  "mean_e2el": 56.538648935017406,
  "median_e2el": 57.222922747023404,
  "std_e2el": 3.9291040514937956,
  "p99_e2el": 64.49072135904802
}