{
  "hw": "mi300x",
  "tp": 2,
  "conc": 32,
  "model": "openai/gpt-oss-120b",
  "framework": "vllm",
  "precision": "fp4",
  "tput_per_gpu": 1487.40332694248,
  "output_tput_per_gpu": 1323.1239564187426,
  "mean_ttft": 0.25911133500922007,
  "median_ttft": 0.07751664286479354,
  "std_ttft": 0.6005435526041539,
  "p99_ttft": 3.967298245904967,
  "mean_tpot": 0.011810222726971069,
  "mean_intvty": 84.67240822785624,
  "median_tpot": 0.011948918920639706,
  "median_intvty": 83.68957950435765,
  "std_tpot": 0.00057373836131382,
  "std_intvty": 1742.9547463238666,
  "p99_tpot": 0.012507113302486786,
  "p99_intvty": 79.95450075607536,
  "mean_itl": 0.011937640066923093,
  "median_itl": 0.011726884171366692,
  "std_itl": 0.009320614057236635,
  "p99_itl": 0.023287927843630322,
  "mean_e2el": 87.85143322031654,
  "median_e2el": 88.18411737354472,
  "std_e2el": 7.023693518864497,
  "p99_e2el": 101.71858838639687
}