{
  "hw": "mi355x",
  "tp": 2,
  "conc": 8,
  "model": "amd/Llama-3.3-70B-Instruct-FP8-KV",
  "framework": "vllm",
  "precision": "fp8",
  "tput_per_gpu": 602.4379548447672,
  "output_tput_per_gpu": 302.3355599264847,
  "mean_ttft": 0.13884513083612546,
  "median_ttft": 0.09797163098119199,
  "std_ttft": 0.13549971014214918,
  "p99_ttft": 0.6140849549463019,
  "mean_tpot": 0.012775394411453634,
  "mean_intvty": 78.27546984408258,
  "median_tpot": 0.012797931251865038,
  "median_intvty": 78.13762867762479,
  "std_tpot": 0.00011671304048191992,
  "std_intvty": 8568.02286934604,
  "p99_tpot": 0.01301457520847708,
  "p99_intvty": 76.83692967163825,
  "mean_itl": 0.012927341725647759,
  "median_itl": 0.012337732128798962,
  "std_itl": 0.006545302487680286,
  "p99_itl": 0.03202123190276324,
  "mean_e2el": 11.997418641723925,
  "median_e2el": 12.069964830065146,
  "std_e2el": 0.7980068398947184,
  "p99_e2el": 13.261773024909198
}