{
  "hw": "mi300x",
  "tp": 8,
  "conc": 4,
  "model": "openai/gpt-oss-120b",
  "framework": "vllm",
  "precision": "fp4",
  "tput_per_gpu": 782.7889591530117,
  "output_tput_per_gpu": 87.07907585385318,
  "mean_ttft": 0.2727907852036878,
  "median_ttft": 0.12653921451419592,
  "std_ttft": 0.31255042999932103,
  "p99_ttft": 1.1713271757494659,
  "mean_tpot": 0.005320529511691261,
  "mean_intvty": 187.95121760016806,
  "median_tpot": 0.005231595969518634,
  "median_intvty": 191.14625934923092,
  "std_tpot": 0.0002822961663339937,
  "std_intvty": 3542.3789596096312,
  "p99_tpot": 0.006067911558269727,
  "p99_intvty": 164.80134728350447,
  "mean_itl": 0.005316859113343043,
  "median_itl": 0.004955067299306393,
  "std_itl": 0.009731447767804881,
  "p99_itl": 0.005298604369163513,
  "mean_e2el": 5.1596487267874185,
  "median_e2el": 5.137442530598491,
  "std_e2el": 0.5026044887547364,
  "p99_e2el": 6.362341468920931
}