{
  "hw": "mi300x",
  "tp": 4,
  "conc": 8,
  "model": "openai/gpt-oss-120b",
  "framework": "vllm",
  "precision": "fp4",
  "tput_per_gpu": 377.8475568862046,
  "output_tput_per_gpu": 335.76461033683535,
  "mean_ttft": 0.3270931571256369,
  "median_ttft": 0.04954640590585768,
  "std_ttft": 0.8112576551996897,
  "p99_ttft": 2.881125498795882,
  "mean_tpot": 0.00576171931960055,
  "mean_intvty": 173.55930487591476,
  "median_tpot": 0.0057087742621035695,
  "median_intvty": 175.16895117718664,
  "std_tpot": 0.0001496199451614134,
  "std_intvty": 6683.600899072496,
  "p99_tpot": 0.006071614800408677,
  "p99_intvty": 164.7008304829698,
  "mean_itl": 0.005761514133083513,
  "median_itl": 0.00570264644920826,
  "std_itl": 0.002085586895381867,
  "p99_itl": 0.006373493382707238,
  "mean_e2el": 42.71455245702528,
  "median_e2el": 43.083868169924244,
  "std_e2el": 2.9529999558441373,
  "p99_e2el": 48.542189030204874
}