{
  "hw": "h100",
  "tp": 4,
  "conc": 64,
  "model": "openai/gpt-oss-120b",
  "framework": "vllm",
  "precision": "fp4",
  "tput_per_gpu": 1534.0790247693224,
  "output_tput_per_gpu": 1363.7966577898903,
  "mean_ttft": 0.10633458235824947,
  "median_ttft": 0.051180047914385796,
  "std_ttft": 0.18968726983543416,
  "p99_ttft": 0.9916829925216735,
  "mean_tpot": 0.011422965696077961,
  "mean_intvty": 87.54293995151774,
  "median_tpot": 0.01156550505193055,
  "median_intvty": 86.46401480176405,
  "std_tpot": 0.00034225451325787214,
  "std_intvty": 2921.8022298117908,
  "p99_tpot": 0.011715144512945473,
  "p99_intvty": 85.35959576896211,
  "mean_itl": 0.011422794923046809,
  "median_itl": 0.011267345864325762,
  "std_itl": 0.0021427403857960407,
  "p99_itl": 0.01254824069328607,
  "mean_e2el": 84.46556686897529,
  "median_e2el": 84.21342149516568,
  "std_e2el": 5.959385937711973,
  "p99_e2el": 95.5445196123235
}