{
  "hw": "mi300x",
  "tp": 2,
  "conc": 64,
  "model": "amd/Llama-3.3-70B-Instruct-FP8-KV",
  "framework": "vllm",
  "precision": "fp8",
  "tput_per_gpu": 1886.0606811685361,
  "output_tput_per_gpu": 942.8177930320176,
  "mean_ttft": 0.7865651592568611,
  "median_ttft": 0.21199495787732303,
  "std_ttft": 1.6425281381430816,
  "p99_ttft": 5.758992698495276,
  "mean_tpot": 0.032275843406077975,
  "mean_intvty": 30.982923898177255,
  "median_tpot": 0.033068946796579624,
  "median_intvty": 30.2398502786134,
  "std_tpot": 0.002270646093402886,
  "std_intvty": 440.4032856134607,
  "p99_tpot": 0.0347893434743501,
  "p99_intvty": 28.744434362128498,
  "mean_itl": 0.0327540371657289,
  "median_itl": 0.025504582095891237,
  "std_itl": 0.031060137519063793,
  "p99_itl": 0.15738628644496203,
  "mean_e2el": 30.5372104790913,
  "median_e2el": 30.770642679883167,
  "std_e2el": 3.0676000876517566,
  "p99_e2el": 37.306542943287646
}