{
  "hw": "h200",
  "tp": 4,
  "conc": 8,
  "model": "nvidia/Llama-3.3-70B-Instruct-FP8",
  "framework": "vllm",
  "precision": "fp8",
  "tput_per_gpu": 380.0722765757114,
  "output_tput_per_gpu": 190.7405793857405,
  "mean_ttft": 0.10365194969344885,
  "median_ttft": 0.07621242944151163,
  "std_ttft": 0.08191113334588186,
  "p99_ttft": 0.3892504804953933,
  "mean_tpot": 0.010131941062147185,
  "mean_intvty": 98.69777112462572,
  "median_tpot": 0.010158831421091028,
  "median_intvty": 98.4365187834373,
  "std_tpot": 0.00010297241676829285,
  "std_intvty": 9711.338544672468,
  "p99_tpot": 0.01029258181503894,
  "p99_intvty": 97.15735254480624,
  "mean_itl": 0.010134165732351727,
  "median_itl": 0.00980951078236103,
  "std_itl": 0.0040939041325212975,
  "p99_itl": 0.0139779624529183,
  "mean_e2el": 9.508917632559314,
  "median_e2el": 9.555168776307255,
  "std_e2el": 0.6342834620838194,
  "p99_e2el": 10.536556596774608
}