{
  "hw": "mi300x",
  "tp": 8,
  "conc": 64,
  "model": "openai/gpt-oss-120b",
  "framework": "vllm",
  "precision": "fp4",
  "tput_per_gpu": 927.5375909330693,
  "output_tput_per_gpu": 824.5811630722341,
  "mean_ttft": 0.31845101091585093,
  "median_ttft": 0.055104448983911425,
  "std_ttft": 0.735552625359806,
  "p99_ttft": 3.377850800593151,
  "mean_tpot": 0.00940175683797563,
  "mean_intvty": 106.36309970927925,
  "median_tpot": 0.00947263604171284,
  "median_intvty": 105.56723551886623,
  "std_tpot": 0.00032592584387834754,
  "std_intvty": 3068.182590556556,
  "p99_tpot": 0.00984016399061602,
  "p99_intvty": 101.62432261836699,
  "mean_itl": 0.009403011591037843,
  "median_itl": 0.009133934509009123,
  "std_itl": 0.007122634468138225,
  "p99_itl": 0.010548688302515078,
  "mean_e2el": 69.76124884566961,
  "median_e2el": 69.6031847015256,
  "std_e2el": 5.175840407043538,
  "p99_e2el": 79.51475243624184
}