{
  "hw": "mi300x",
  "tp": 2,
  "conc": 4,
  "model": "openai/gpt-oss-120b",
  "framework": "vllm",
  "precision": "fp4",
  "tput_per_gpu": 2307.3705053881845,
  "output_tput_per_gpu": 256.67670565901113,
  "mean_ttft": 0.3911600198713131,
  "median_ttft": 0.23236321890726686,
  "std_ttft": 0.40644815352163455,
  "p99_ttft": 1.8853880421724165,
  "mean_tpot": 0.007212422385930642,
  "mean_intvty": 138.64967225861756,
  "median_tpot": 0.007189190183387483,
  "median_intvty": 139.09772512497491,
  "std_tpot": 0.000319411854486314,
  "std_intvty": 3130.754184462642,
  "p99_tpot": 0.008069170680343846,
  "p99_intvty": 123.92847290192499,
  "mean_itl": 0.007209575439474116,
  "median_itl": 0.006597483996301889,
  "std_itl": 0.013818117921676603,
  "p99_itl": 0.007035398539155722,
  "mean_e2el": 7.017660891625565,
  "median_e2el": 6.869570416165516,
  "std_e2el": 0.7632600139733565,
  "p99_e2el": 9.272630865285173
}