{
  "hw": "mi300x",
  "tp": 1,
  "conc": 16,
  "model": "openai/gpt-oss-120b",
  "framework": "vllm",
  "precision": "fp4",
  "tput_per_gpu": 6665.619745584798,
  "output_tput_per_gpu": 738.5933089564705,
  "mean_ttft": 0.7222264491778333,
  "median_ttft": 0.3580893469043076,
  "std_ttft": 1.09944682568606,
  "p99_ttft": 5.494150710673999,
  "mean_tpot": 0.020429638599234558,
  "mean_intvty": 48.94849192474052,
  "median_tpot": 0.020502974499015322,
  "median_intvty": 48.773410904258114,
  "std_tpot": 0.0017360742140193463,
  "std_intvty": 576.0122418296896,
  "p99_tpot": 0.02448148330583949,
  "p99_intvty": 40.84719816635756,
  "mean_itl": 0.020451106443113747,
  "median_itl": 0.01575493812561035,
  "std_itl": 0.03985866883611263,
  "p99_itl": 0.29852694855071604,
  "mean_e2el": 19.417860870400908,
  "median_e2el": 19.354779089335352,
  "std_e2el": 2.402014268622646,
  "p99_e2el": 25.773278214521703
}