{
  "hw": "h100",
  "tp": 2,
  "conc": 64,
  "model": "openai/gpt-oss-120b",
  "framework": "vllm",
  "precision": "fp4",
  "tput_per_gpu": 2124.36483032518,
  "output_tput_per_gpu": 1888.5608946771933,
  "mean_ttft": 0.15408468287205324,
  "median_ttft": 0.06504447013139725,
  "std_ttft": 0.2934822410865109,
  "p99_ttft": 1.537072359677404,
  "mean_tpot": 0.016535331575407885,
  "mean_intvty": 60.47656168487402,
  "median_tpot": 0.016637890278761773,
  "median_intvty": 60.10377417120593,
  "std_tpot": 0.0005529531466084157,
  "std_intvty": 1808.4714882871783,
  "p99_tpot": 0.01729864575791781,
  "p99_intvty": 57.80799341140836,
  "mean_itl": 0.016536153016845308,
  "median_itl": 0.01637682504951954,
  "std_itl": 0.0032790986058465273,
  "p99_itl": 0.018006758438423278,
  "mean_e2el": 122.27631339433137,
  "median_e2el": 122.3466609083116,
  "std_e2el": 8.909311889471043,
  "p99_e2el": 138.85940336732193
}