{
  "hw": "mi300x",
  "tp": 4,
  "conc": 4,
  "model": "openai/gpt-oss-120b",
  "framework": "vllm",
  "precision": "fp4",
  "tput_per_gpu": 229.99178314232077,
  "output_tput_per_gpu": 203.9641982926198,
  "mean_ttft": 0.22299539803061635,
  "median_ttft": 0.0497951153665781,
  "std_ttft": 0.4989300458230238,
  "p99_ttft": 1.7255807006452233,
  "mean_tpot": 0.0047945720267322505,
  "mean_intvty": 208.5691891631779,
  "median_tpot": 0.00479874772176078,
  "median_intvty": 208.38769987122285,
  "std_tpot": 5.396434529884742e-05,
  "std_intvty": 18530.75386094526,
  "p99_tpot": 0.004880744349957349,
  "p99_intvty": 204.88678125678484,
  "mean_itl": 0.004795197899430133,
  "median_itl": 0.004786469507962465,
  "std_itl": 0.0010249624953454657,
  "p99_itl": 0.00496237407438457,
  "mean_e2el": 35.041166718211024,
  "median_e2el": 34.45176436658949,
  "std_e2el": 2.446800240864671,
  "p99_e2el": 39.78339902740903
}