{
  "hw": "b200",
  "tp": 2,
  "conc": 8,
  "model": "nvidia/Llama-3.3-70B-Instruct-FP8",
  "framework": "vllm",
  "precision": "fp8",
  "tput_per_gpu": 729.3666669422141,
  "output_tput_per_gpu": 366.03517070651515,
  "mean_ttft": 0.0962469860445708,
  "median_ttft": 0.07028398744296283,
  "std_ttft": 0.0782415417710531,
  "p99_ttft": 0.34827916158828887,
  "mean_tpot": 0.010571071383069768,
  "mean_intvty": 94.59779087307675,
  "median_tpot": 0.010598473807108669,
  "median_intvty": 94.35320765988725,
  "std_tpot": 9.122079304383341e-05,
  "std_intvty": 10962.412917408863,
  "p99_tpot": 0.010713950231202607,
  "p99_intvty": 93.33625585525546,
  "mean_itl": 0.010572947687096748,
  "median_itl": 0.010287834447808564,
  "std_itl": 0.0034797686133892533,
  "p99_itl": 0.010943777475040408,
  "mean_e2el": 9.908735277346569,
  "median_e2el": 9.979199351044372,
  "std_e2el": 0.6548089981701549,
  "p99_e2el": 10.943044517615343
}