{
  "hw": "mi325x",
  "tp": 8,
  "conc": 64,
  "model": "amd/Llama-3.3-70B-Instruct-FP8-KV",
  "framework": "vllm",
  "precision": "fp8",
  "tput_per_gpu": 1030.3317733228494,
  "output_tput_per_gpu": 515.0497745455143,
  "mean_ttft": 0.31635833681575604,
  "median_ttft": 0.1286432296037674,
  "std_ttft": 0.6076054241220537,
  "p99_ttft": 2.4368712641252204,
  "mean_tpot": 0.014761349414514815,
  "mean_intvty": 67.74448405216269,
  "median_tpot": 0.015067816233451312,
  "median_intvty": 66.36661773057396,
  "std_tpot": 0.0009041521628953359,
  "std_intvty": 1106.0085249342699,
  "p99_tpot": 0.015760900123631023,
  "p99_intvty": 63.44815284379953,
  "mean_itl": 0.014775435947978326,
  "median_itl": 0.01189097622409463,
  "std_itl": 0.01472856814736747,
  "p99_itl": 0.0670336469076574,
  "mean_e2el": 13.921787229632173,
  "median_e2el": 14.011338515672833,
  "std_e2el": 1.3043152561081661,
  "p99_e2el": 16.632361139217394
}