{
  "hw": "h100",
  "tp": 2,
  "conc": 64,
  "model": "nvidia/Llama-3.3-70B-Instruct-FP8",
  "framework": "vllm",
  "precision": "fp8",
  "tput_per_gpu": 2128.33356869056,
  "output_tput_per_gpu": 1063.9269341141,
  "mean_ttft": 0.41440690284653103,
  "median_ttft": 0.13493938697502017,
  "std_ttft": 0.9181701402960377,
  "p99_ttft": 4.834541857726872,
  "mean_tpot": 0.02869480194281715,
  "mean_intvty": 34.849517414087565,
  "median_tpot": 0.02903804964237064,
  "median_intvty": 34.43757457253114,
  "std_tpot": 0.0013678085019683728,
  "std_intvty": 731.0964938154204,
  "p99_tpot": 0.030685975141060376,
  "p99_intvty": 32.58817734822177,
  "mean_itl": 0.028721385530934576,
  "median_itl": 0.02396627888083458,
  "std_itl": 0.022756590190397222,
  "p99_itl": 0.11650900598615407,
  "mean_e2el": 26.861462477719762,
  "median_e2el": 26.921684028580785,
  "std_e2el": 2.4532716826487055,
  "p99_e2el": 32.76886506618001
}