{
  "hw": "mi300x",
  "tp": 8,
  "conc": 4,
  "model": "deepseek-ai/DeepSeek-R1-0528",
  "framework": "sglang",
  "precision": "fp8",
  "tput_per_gpu": 25.68441933389259,
  "output_tput_per_gpu": 22.777778955725193,
  "mean_ttft": 0.2323388002580032,
  "median_ttft": 0.17507066251710057,
  "std_ttft": 0.20813887375507262,
  "p99_ttft": 1.1187926717847585,
  "mean_tpot": 0.021562585756666867,
  "mean_intvty": 46.376627148755254,
  "median_tpot": 0.021575703090498027,
  "median_intvty": 46.348431650433746,
  "std_tpot": 9.253294341931785e-05,
  "std_intvty": 10806.961964545404,
  "p99_tpot": 0.021710769331643665,
  "p99_intvty": 46.060090488939515,
  "mean_itl": 0.021563851394251217,
  "median_itl": 0.02154665347188711,
  "std_itl": 0.0035232844029436223,
  "p99_itl": 0.021892045624554157,
  "mean_e2el": 156.8085415675072,
  "median_e2el": 155.10135733429343,
  "std_e2el": 9.94631322465318,
  "p99_e2el": 175.42507843636906
}