{
  "hw": "mi300x",
  "tp": 8,
  "conc": 32,
  "model": "deepseek-ai/DeepSeek-R1-0528",
  "framework": "sglang",
  "precision": "fp8",
  "tput_per_gpu": 707.893423977104,
  "output_tput_per_gpu": 79.16218051731325,
  "mean_ttft": 1.8958150317514082,
  "median_ttft": 0.5829332768917084,
  "std_ttft": 3.8015316949423696,
  "p99_ttft": 15.95058960626833,
  "mean_tpot": 0.0472812682612201,
  "mean_intvty": 21.15002487824963,
  "median_tpot": 0.04857554936918347,
  "median_intvty": 20.586488737364732,
  "std_tpot": 0.004201161638280272,
  "std_intvty": 238.02940379350557,
  "p99_tpot": 0.053869585762479806,
  "p99_intvty": 18.563350466609684,
  "mean_itl": 0.047413730979037685,
  "median_itl": 0.03365054074674845,
  "std_itl": 0.08136837632912866,
  "p99_itl": 0.33556548529304564,
  "mean_e2el": 45.66846731698606,
  "median_e2el": 45.66859244927764,
  "std_e2el": 5.781480421358615,
  "p99_e2el": 61.97170463640243
}