{
  "hw": "mi300x",
  "tp": 8,
  "conc": 8,
  "model": "deepseek-ai/DeepSeek-R1-0528",
  "framework": "sglang",
  "precision": "fp8",
  "tput_per_gpu": 43.390734109449994,
  "output_tput_per_gpu": 38.55807101295203,
  "mean_ttft": 0.20988376586174126,
  "median_ttft": 0.14730393257923424,
  "std_ttft": 0.2360383406635236,
  "p99_ttft": 1.2233783399232196,
  "mean_tpot": 0.025202942801813476,
  "mean_intvty": 39.677906181973526,
  "median_tpot": 0.02518964318948653,
  "median_intvty": 39.698855298489214,
  "std_tpot": 0.00012277293657081333,
  "std_intvty": 8145.1175473286585,
  "p99_tpot": 0.02547350089085354,
  "p99_intvty": 39.25648085375881,
  "mean_itl": 0.025204030044054013,
  "median_itl": 0.025177628500387073,
  "std_itl": 0.003581352708385878,
  "p99_itl": 0.025677765931468456,
  "mean_e2el": 185.63593262584328,
  "median_e2el": 186.2168962879805,
  "std_e2el": 11.601379368660815,
  "p99_e2el": 206.3980913327995
}