{
  "hw": "mi300x",
  "tp": 8,
  "conc": 4,
  "model": "openai/gpt-oss-120b",
  "framework": "vllm",
  "precision": "fp4",
  "tput_per_gpu": 111.85850602499052,
  "output_tput_per_gpu": 99.19976353885299,
  "mean_ttft": 0.2638717531925067,
  "median_ttft": 0.04274306818842888,
  "std_ttft": 0.6557035206298893,
  "p99_ttft": 2.5734280280862003,
  "mean_tpot": 0.004923542321086582,
  "mean_intvty": 203.10579960228895,
  "median_tpot": 0.004926385716726025,
  "median_intvty": 202.9885716428594,
  "std_tpot": 4.0915124628315084e-05,
  "std_intvty": 24440.83964265761,
  "p99_tpot": 0.005017683419398605,
  "p99_intvty": 199.29515603434686,
  "mean_itl": 0.0049243772359610855,
  "median_itl": 0.004916110076010227,
  "std_itl": 0.002182905777193162,
  "p99_itl": 0.0050255829375237225,
  "mean_e2el": 36.020020918222144,
  "median_e2el": 35.47046121023595,
  "std_e2el": 2.547482286903654,
  "p99_e2el": 41.22913349404931
}