{
  "hw": "mi300x",
  "tp": 8,
  "conc": 16,
  "model": "amd/Llama-3.3-70B-Instruct-FP8-KV",
  "framework": "vllm",
  "precision": "fp8",
  "tput_per_gpu": 1037.460662134139,
  "output_tput_per_gpu": 114.95727818338035,
  "mean_ttft": 0.8273528777412139,
  "median_ttft": 0.3841038877144456,
  "std_ttft": 1.238006501357841,
  "p99_ttft": 4.6602862318791445,
  "mean_tpot": 0.01601356013880998,
  "mean_intvty": 62.44707556169412,
  "median_tpot": 0.016405163645189895,
  "median_intvty": 60.95641723715489,
  "std_tpot": 0.0014678881384664684,
  "std_intvty": 681.250821363486,
  "p99_tpot": 0.01795876713022023,
  "p99_intvty": 55.68310968948662,
  "mean_itl": 0.01604696081773816,
  "median_itl": 0.011435894295573235,
  "std_itl": 0.04046878874694008,
  "p99_itl": 0.31670233444310725,
  "mean_e2el": 15.496882541751257,
  "median_e2el": 15.50084053631872,
  "std_e2el": 1.7226948338051884,
  "p99_e2el": 19.24448811701499
}