{
  "hw": "b200-nb_1",
  "tp": 8,
  "conc": 64,
  "model": "openai/gpt-oss-120b",
  "framework": "trt",
  "precision": "fp4",
  "tput_per_gpu": 2821.708119795216,
  "mean_ttft": 0.08344512763251259,
  "median_ttft": 0.05971783900167793,
  "std_ttft": 0.08782048836587049,
  "p99_ttft": 0.3919896365859313,
  "mean_tpot": 0.0054464113274676805,
  "mean_intvty": 183.60713869639955,
  "median_tpot": 0.005586482579901807,
  "median_intvty": 179.00351172625992,
  "std_tpot": 0.00044966541369505236,
  "std_intvty": 2223.8757296956924,
  "p99_tpot": 0.005995624929654524,
  "p99_intvty": 166.78828508000439,
  "mean_itl": 0.10783769333980227,
  "median_itl": 0.08412786401459016,
  "std_itl": 0.039433865005856,
  "p99_itl": 0.23597463394631632,
  "mean_e2el": 5.103795075684047,
  "median_e2el": 5.175431322000804,
  "std_e2el": 0.5454073949805136,
  "p99_e2el": 6.127394750602252
}