{
  "hw": "mi300x",
  "tp": 8,
  "conc": 32,
  "model": "amd/Llama-3.3-70B-Instruct-FP8-KV",
  "framework": "vllm",
  "precision": "fp8",
  "tput_per_gpu": 589.079198905054,
  "output_tput_per_gpu": 295.0061903158526,
  "mean_ttft": 0.24321193544310518,
  "median_ttft": 0.1202049613930285,
  "std_ttft": 0.3518654463280415,
  "p99_ttft": 1.3534719696827233,
  "mean_tpot": 0.012951072094445171,
  "mean_intvty": 77.21368491407817,
  "median_tpot": 0.013212123692506177,
  "median_intvty": 75.6880591851553,
  "std_tpot": 0.000722946879107909,
  "std_intvty": 1383.2274941610715,
  "p99_tpot": 0.013808016882068749,
  "p99_intvty": 72.4216959278643,
  "mean_itl": 0.012959735520500676,
  "median_itl": 0.010944437235593796,
  "std_itl": 0.013020548369582611,
  "p99_itl": 0.08810773920267821,
  "mean_e2el": 12.20103826209961,
  "median_e2el": 12.217052389867604,
  "std_e2el": 1.0202075048971557,
  "p99_e2el": 14.120757461246104
}