{
  "hw": "mi300x",
  "tp": 8,
  "conc": 64,
  "model": "openai/gpt-oss-120b",
  "framework": "vllm",
  "precision": "fp4",
  "tput_per_gpu": 4497.5784844024065,
  "output_tput_per_gpu": 498.96708088639474,
  "mean_ttft": 0.6456673381502697,
  "median_ttft": 0.21078037901315838,
  "std_ttft": 1.3972805484589077,
  "p99_ttft": 6.754869485918899,
  "mean_tpot": 0.015059916229384868,
  "mean_intvty": 66.40143177216369,
  "median_tpot": 0.015322083246131013,
  "median_intvty": 65.26527652514292,
  "std_tpot": 0.0016183898559514495,
  "std_intvty": 617.898089463803,
  "p99_tpot": 0.018785638888154543,
  "p99_intvty": 53.232152813847556,
  "mean_itl": 0.015090786532847891,
  "median_itl": 0.009180885972455144,
  "std_itl": 0.027407231034096723,
  "p99_itl": 0.10510377329774201,
  "mean_e2el": 14.53921202479196,
  "median_e2el": 14.430096830474213,
  "std_e2el": 2.41635270675761,
  "p99_e2el": 22.075031189010478
}