{
  "hw": "mi300x",
  "tp": 2,
  "conc": 64,
  "model": "openai/gpt-oss-120b",
  "framework": "vllm",
  "precision": "fp4",
  "tput_per_gpu": 9088.463261145424,
  "output_tput_per_gpu": 1008.2856805909682,
  "mean_ttft": 1.171659058064688,
  "median_ttft": 0.29173914017155766,
  "std_ttft": 2.6551987541091666,
  "p99_ttft": 13.118570672599601,
  "mean_tpot": 0.03004040177881675,
  "mean_intvty": 33.2885028423674,
  "median_tpot": 0.03087726396001226,
  "median_intvty": 32.3862891898406,
  "std_tpot": 0.003569062279282018,
  "std_intvty": 280.1856403024629,
  "p99_tpot": 0.036160447623840714,
  "p99_intvty": 27.65452492188444,
  "mean_itl": 0.030094738730394498,
  "median_itl": 0.017893541604280472,
  "std_itl": 0.04968110123518782,
  "p99_itl": 0.22125435151159764,
  "mean_e2el": 28.881718743135572,
  "median_e2el": 29.03290767315775,
  "std_e2el": 4.488559167102032,
  "p99_e2el": 41.57898056290112
}