{
  "hw": "h100",
  "tp": 2,
  "conc": 16,
  "model": "openai/gpt-oss-120b",
  "framework": "vllm",
  "precision": "fp4",
  "tput_per_gpu": 5546.636615560144,
  "output_tput_per_gpu": 614.6028198172091,
  "mean_ttft": 0.3846691373502836,
  "median_ttft": 0.2291593048721552,
  "std_ttft": 0.5017666831057672,
  "p99_ttft": 2.703452648399397,
  "mean_tpot": 0.012285664131122604,
  "mean_intvty": 81.39568112290766,
  "median_tpot": 0.012478408235850856,
  "median_intvty": 80.13842640016928,
  "std_tpot": 0.0009358909535793485,
  "std_intvty": 1068.5005514536326,
  "p99_tpot": 0.013781429226012781,
  "p99_intvty": 72.56141461093715,
  "mean_itl": 0.012302341250442671,
  "median_itl": 0.009439593181014061,
  "std_itl": 0.02313070683826282,
  "p99_itl": 0.19214962259866297,
  "mean_e2el": 11.631008035602282,
  "median_e2el": 11.659693307243288,
  "std_e2el": 1.238784472502043,
  "p99_e2el": 14.078819508096203
}