{
  "hw": "mi300x",
  "tp": 1,
  "conc": 4,
  "model": "openai/gpt-oss-120b",
  "framework": "vllm",
  "precision": "fp4",
  "tput_per_gpu": 515.0893866619145,
  "output_tput_per_gpu": 456.79803149542437,
  "mean_ttft": 0.31155832051299515,
  "median_ttft": 0.10354977915994823,
  "std_ttft": 0.6378662574740548,
  "p99_ttft": 2.5741922447038816,
  "mean_tpot": 0.008587634473228857,
  "mean_intvty": 116.44650259828897,
  "median_tpot": 0.008735941129773616,
  "median_intvty": 114.46963585775836,
  "std_tpot": 0.0004610319588847969,
  "std_intvty": 2169.0470274965924,
  "p99_tpot": 0.009178809027919578,
  "p99_intvty": 108.94659611701879,
  "mean_itl": 0.008592983532952193,
  "median_itl": 0.008717309916391969,
  "std_itl": 0.0024638596657069445,
  "p99_itl": 0.009390325550921261,
  "mean_e2el": 62.70564114301233,
  "median_e2el": 61.86069453577511,
  "std_e2el": 5.801975661258753,
  "p99_e2el": 73.086422649608
}