{
  "hw": "mi300x",
  "tp": 2,
  "conc": 4,
  "model": "openai/gpt-oss-120b",
  "framework": "vllm",
  "precision": "fp4",
  "tput_per_gpu": 350.0461001668691,
  "output_tput_per_gpu": 310.43227375567847,
  "mean_ttft": 0.19071476398967208,
  "median_ttft": 0.07188121369108558,
  "std_ttft": 0.4207100523696467,
  "p99_ttft": 1.6683564886264504,
  "mean_tpot": 0.0063182687624189025,
  "mean_intvty": 158.27120333152104,
  "median_tpot": 0.006265998719291909,
  "median_intvty": 159.59147851741108,
  "std_tpot": 0.00028178828981123604,
  "std_intvty": 3548.76350848319,
  "p99_tpot": 0.0068475867432468765,
  "p99_intvty": 146.03685027958278,
  "mean_itl": 0.006322704525570881,
  "median_itl": 0.006274426821619272,
  "std_itl": 0.0031071759183492497,
  "p99_itl": 0.006959830299019814,
  "mean_e2el": 46.100188268627974,
  "median_e2el": 46.31836920976639,
  "std_e2el": 4.057706942279867,
  "p99_e2el": 54.10183902870864
}