{
  "hw": "mi300x",
  "tp": 1,
  "conc": 32,
  "model": "openai/gpt-oss-120b",
  "framework": "vllm",
  "precision": "fp4",
  "tput_per_gpu": 9381.496469696502,
  "output_tput_per_gpu": 1049.1123266610143,
  "mean_ttft": 1.0084596866188804,
  "median_ttft": 0.37950883153826,
  "std_ttft": 1.9236567779078535,
  "p99_ttft": 9.934470481663011,
  "mean_tpot": 0.028877639771674492,
  "mean_intvty": 34.62886883785012,
  "median_tpot": 0.02941111498358297,
  "median_intvty": 34.00075109557021,
  "std_tpot": 0.003010137265054793,
  "std_intvty": 332.210763811064,
  "p99_tpot": 0.03484846339113236,
  "p99_intvty": 28.695669842775995,
  "mean_itl": 0.028930473708923213,
  "median_itl": 0.01958068599924445,
  "std_itl": 0.05338946525230681,
  "p99_itl": 0.3190313323680311,
  "mean_e2el": 27.75314553815115,
  "median_e2el": 27.666656374465674,
  "std_e2el": 4.053802997965011,
  "p99_e2el": 39.27908802004065
}