{
  "hw": "b200",
  "tp": 8,
  "conc": 4,
  "model": "nvidia/Llama-3.3-70B-Instruct-FP8",
  "framework": "vllm",
  "precision": "fp8",
  "tput_per_gpu": 151.7875835267197,
  "output_tput_per_gpu": 75.52449142256195,
  "mean_ttft": 0.0905569935159292,
  "median_ttft": 0.07133648253511637,
  "std_ttft": 0.06288569133010875,
  "p99_ttft": 0.3449084638408385,
  "mean_tpot": 0.006311862607302226,
  "mean_intvty": 158.43183893817567,
  "median_tpot": 0.0063160493221475905,
  "median_intvty": 158.32681934471955,
  "std_tpot": 5.62573164319726e-05,
  "std_intvty": 17775.46572469767,
  "p99_tpot": 0.006443788576787946,
  "p99_intvty": 155.1882076954289,
  "mean_itl": 0.006312562905034775,
  "median_itl": 0.0061646581161767244,
  "std_itl": 0.0027958813528038166,
  "p99_itl": 0.0066042290534824135,
  "mean_e2el": 5.877441062731668,
  "median_e2el": 5.917935656034388,
  "std_e2el": 0.4113562512417714,
  "p99_e2el": 6.685490392600186
}