{
  "hw": "b200",
  "tp": 8,
  "conc": 8,
  "model": "nvidia/Llama-3.3-70B-Instruct-FP8",
  "framework": "vllm",
  "precision": "fp8",
  "tput_per_gpu": 300.05196859930754,
  "output_tput_per_gpu": 150.5821125710629,
  "mean_ttft": 0.10262988480681087,
  "median_ttft": 0.07079563045408577,
  "std_ttft": 0.09145811675465343,
  "p99_ttft": 0.4228620582213625,
  "mean_tpot": 0.0063780675793345286,
  "mean_intvty": 156.78730078685328,
  "median_tpot": 0.006406065380921663,
  "median_intvty": 156.1020596165265,
  "std_tpot": 9.070528210338818e-05,
  "std_intvty": 11024.71627683352,
  "p99_tpot": 0.006513463629432539,
  "p99_intvty": 153.52814675762937,
  "mean_itl": 0.006379976127369641,
  "median_itl": 0.006051519536413252,
  "std_itl": 0.00397223014767538,
  "p99_itl": 0.006731483002658935,
  "mean_e2el": 6.023726096298196,
  "median_e2el": 6.0692911790683866,
  "std_e2el": 0.4152218837684022,
  "p99_e2el": 6.729981537123677
}