{
  "hw": "mi300x",
  "tp": 4,
  "conc": 4,
  "model": "openai/gpt-oss-120b",
  "framework": "vllm",
  "precision": "fp4",
  "tput_per_gpu": 1466.3687059014785,
  "output_tput_per_gpu": 163.12191207841477,
  "mean_ttft": 0.30726444653701035,
  "median_ttft": 0.16011575749143958,
  "std_ttft": 0.32141657554726516,
  "p99_ttft": 1.264372933730483,
  "mean_tpot": 0.005665175761789719,
  "mean_intvty": 176.51703001780905,
  "median_tpot": 0.005608342620923249,
  "median_intvty": 178.3057968443767,
  "std_tpot": 0.00027786832528873157,
  "std_intvty": 3598.8268866590142,
  "p99_tpot": 0.006389108857645738,
  "p99_intvty": 156.51635028933916,
  "mean_itl": 0.005661785486195422,
  "median_itl": 0.005213026888668537,
  "std_itl": 0.010785377771952008,
  "p99_itl": 0.0055454284697771085,
  "mean_e2el": 5.51115280110389,
  "median_e2el": 5.499819647055119,
  "std_e2el": 0.5125899670133783,
  "p99_e2el": 6.760892346994951
}