{
  "hw": "mi355x",
  "tp": 1,
  "conc": 4,
  "model": "amd/Llama-3.3-70B-Instruct-FP8-KV",
  "framework": "vllm",
  "precision": "fp8",
  "tput_per_gpu": 475.5999677548574,
  "output_tput_per_gpu": 236.64284555231387,
  "mean_ttft": 0.1466385074541904,
  "median_ttft": 0.11420768266543746,
  "std_ttft": 0.10400135198712183,
  "p99_ttft": 0.4970742022478953,
  "mean_tpot": 0.016231759454507288,
  "mean_intvty": 61.60761578575,
  "median_tpot": 0.016244862208737425,
  "median_intvty": 61.55792441638207,
  "std_tpot": 0.00012325234651352048,
  "std_intvty": 8113.435794833346,
  "p99_tpot": 0.016414743622553116,
  "p99_intvty": 60.92084183550971,
  "mean_itl": 0.016233306154800738,
  "median_itl": 0.01604136498644948,
  "std_itl": 0.003670459629194925,
  "p99_itl": 0.016459454111754895,
  "mean_e2el": 15.028115843236446,
  "median_e2el": 15.115478742402047,
  "std_e2el": 1.0423615711760719,
  "p99_e2el": 16.868621790497563
}