{
  "hw": "b200-nb_1",
  "tp": 1,
  "conc": 4,
  "model": "openai/gpt-oss-120b",
  "framework": "trt",
  "precision": "fp4",
  "tput_per_gpu": 2084.5466860332954,
  "mean_ttft": 0.03904072030200041,
  "median_ttft": 0.03527350499643944,
  "std_ttft": 0.011949044079729227,
  "p99_ttft": 0.07763980689021992,
  "mean_tpot": 0.0037108440981929473,
  "mean_intvty": 269.48046685307133,
  "median_tpot": 0.003738294119320081,
  "median_intvty": 267.50169143509754,
  "std_tpot": 9.536525164269947e-05,
  "std_intvty": 10485.999698786023,
  "p99_tpot": 0.003825031722923444,
  "p99_intvty": 261.4357402598761,
  "mean_itl": 0.07329446918207713,
  "median_itl": 0.07384486301452853,
  "std_itl": 0.0082634503131665,
  "p99_itl": 0.09262490776367485,
  "mean_e2el": 3.4417361743515356,
  "median_e2el": 3.425915451502078,
  "std_e2el": 0.263296312436087,
  "p99_e2el": 3.9210827553729177
}