{
  "hw": "h100",
  "tp": 8,
  "conc": 4,
  "model": "openai/gpt-oss-120b",
  "framework": "vllm",
  "precision": "fp4",
  "tput_per_gpu": 864.3844703478851,
  "output_tput_per_gpu": 96.15593063775343,
  "mean_ttft": 0.12340955575928092,
  "median_ttft": 0.11444402486085892,
  "std_ttft": 0.036317013330300185,
  "p99_ttft": 0.26682929343543943,
  "mean_tpot": 0.004945904541676915,
  "mean_intvty": 202.1874849329277,
  "median_tpot": 0.004968236159701088,
  "median_intvty": 201.2786767487648,
  "std_tpot": 9.899886782845465e-05,
  "std_intvty": 10101.125618252534,
  "p99_tpot": 0.005084741469766999,
  "p99_intvty": 196.6668327083744,
  "mean_itl": 0.004945472117873636,
  "median_itl": 0.004700035788118839,
  "std_itl": 0.0045165728923536545,
  "p99_itl": 0.005223573260009289,
  "mean_e2el": 4.668916408275254,
  "median_e2el": 4.668140877969563,
  "std_e2el": 0.3214933711299017,
  "p99_e2el": 5.268699491368607
}