{
  "hw": "mi300x",
  "tp": 1,
  "conc": 16,
  "model": "openai/gpt-oss-120b",
  "framework": "vllm",
  "precision": "fp4",
  "tput_per_gpu": 1139.666442168232,
  "output_tput_per_gpu": 1012.6224206351189,
  "mean_ttft": 0.3816569838294527,
  "median_ttft": 0.11546579701825976,
  "std_ttft": 0.801341351667848,
  "p99_ttft": 3.6478840530710297,
  "mean_tpot": 0.01545147453981211,
  "mean_intvty": 64.71874237137759,
  "median_tpot": 0.0154653260056235,
  "median_intvty": 64.66077725334598,
  "std_tpot": 0.0005865441439113054,
  "std_intvty": 1704.9015157352171,
  "p99_tpot": 0.016468547938661232,
  "p99_intvty": 60.72180763747969,
  "mean_itl": 0.015453833529986425,
  "median_itl": 0.015324055217206478,
  "std_itl": 0.006515770627201718,
  "p99_itl": 0.01729006553068757,
  "mean_e2el": 114.38420043413062,
  "median_e2el": 114.05534812598489,
  "std_e2el": 8.864781241085689,
  "p99_e2el": 132.3751152149029
}