{
  "hw": "mi300x",
  "tp": 4,
  "conc": 64,
  "model": "openai/gpt-oss-120b",
  "framework": "vllm",
  "precision": "fp4",
  "tput_per_gpu": 7317.9436497825645,
  "output_tput_per_gpu": 811.8619816610714,
  "mean_ttft": 0.7766314433618391,
  "median_ttft": 0.2696882444433868,
  "std_ttft": 1.6651720880285503,
  "p99_ttft": 8.274512508246119,
  "mean_tpot": 0.018551754309154084,
  "mean_intvty": 53.90325806042855,
  "median_tpot": 0.018898527647319596,
  "median_intvty": 52.914175043780794,
  "std_tpot": 0.00211377742345056,
  "std_intvty": 473.0867067203253,
  "p99_tpot": 0.023320145216607954,
  "p99_intvty": 42.88137962742307,
  "mean_itl": 0.018592971735303977,
  "median_itl": 0.011125091928988695,
  "std_itl": 0.032551156480973786,
  "p99_itl": 0.13358390704263004,
  "mean_e2el": 17.8944831280176,
  "median_e2el": 17.806792767718434,
  "std_e2el": 3.04546552638067,
  "p99_e2el": 27.71421146115754
}