{
  "hw": "b200-trt",
  "tp": 2,
  "conc": 16,
  "model": "nvidia/Llama-3.3-70B-Instruct-FP4",
  "framework": "trt",
  "precision": "fp4",
  "tput_per_gpu": 1640.5462337462088,
  "output_tput_per_gpu": 815.9301898952325,
  "mean_ttft": 0.23592742681939854,
  "median_ttft": 0.23434430197812617,
  "std_ttft": 0.07606192124874044,
  "p99_ttft": 0.4213403567345813,
  "mean_tpot": 0.009324914191182273,
  "mean_intvty": 107.23959271878442,
  "median_tpot": 0.009359777519764547,
  "median_intvty": 106.8401463483884,
  "std_tpot": 0.00011578377064128714,
  "std_intvty": 8636.789028905678,
  "p99_tpot": 0.009451783521621735,
  "p99_intvty": 105.80013790121383,
  "mean_itl": 0.0927183998382772,
  "median_itl": 0.08991069998592138,
  "std_itl": 0.012825972784331794,
  "p99_itl": 0.13728950064629317,
  "mean_e2el": 8.768917481650714,
  "median_e2el": 8.780025750398636,
  "std_e2el": 0.6012447253010117,
  "p99_e2el": 9.828208698725794
}