{
  "hw": "mi300x",
  "tp": 1,
  "conc": 8,
  "model": "openai/gpt-oss-120b",
  "framework": "vllm",
  "precision": "fp4",
  "tput_per_gpu": 788.1974867417708,
  "output_tput_per_gpu": 700.4116268086054,
  "mean_ttft": 0.37683888024184853,
  "median_ttft": 0.11330468812957406,
  "std_ttft": 0.7829337715016115,
  "p99_ttft": 2.846857507470995,
  "mean_tpot": 0.011137876614748759,
  "mean_intvty": 89.78372041541577,
  "median_tpot": 0.011089451040212063,
  "median_intvty": 90.17578925898545,
  "std_tpot": 0.00040421715470804163,
  "std_intvty": 2473.9177651237515,
  "p99_tpot": 0.011924117110340096,
  "p99_intvty": 83.86365135015672,
  "mean_itl": 0.011135984650066542,
  "median_itl": 0.011003583204001188,
  "std_itl": 0.002729760953963668,
  "p99_itl": 0.012871828498318793,
  "mean_e2el": 82.30427776792786,
  "median_e2el": 82.57732409285381,
  "std_e2el": 5.683035375710843,
  "p99_e2el": 94.17138643668964
}