{
  "hw": "h200",
  "tp": 1,
  "conc": 32,
  "model": "nvidia/Llama-3.3-70B-Instruct-FP8",
  "framework": "vllm",
  "precision": "fp8",
  "tput_per_gpu": 1851.1636217935084,
  "output_tput_per_gpu": 927.0480586170186,
  "mean_ttft": 0.45710826518479736,
  "median_ttft": 0.19553304789587855,
  "std_ttft": 0.7926310976153707,
  "p99_ttft": 3.7526354988012462,
  "mean_tpot": 0.03319754336473907,
  "mean_intvty": 30.1227108588449,
  "median_tpot": 0.0334424951761507,
  "median_intvty": 29.902075031564735,
  "std_tpot": 0.0011375934767335078,
  "std_intvty": 879.0486412346575,
  "p99_tpot": 0.03448043047642954,
  "p99_intvty": 29.0019581015263,
  "mean_itl": 0.033209664401124606,
  "median_itl": 0.0298569118604064,
  "std_itl": 0.023118499557355895,
  "p99_itl": 0.13643266651779418,
  "mean_e2el": 31.09935412752384,
  "median_e2el": 31.09337134240195,
  "std_e2el": 2.4597630453970782,
  "p99_e2el": 37.09784415130504
}