{
  "hw": "mi300x",
  "tp": 8,
  "conc": 8,
  "model": "amd/Llama-3.3-70B-Instruct-FP8-KV",
  "framework": "vllm",
  "precision": "fp8",
  "tput_per_gpu": 125.5547184453774,
  "output_tput_per_gpu": 111.5710035607283,
  "mean_ttft": 0.16325502684339882,
  "median_ttft": 0.12053189100697637,
  "std_ttft": 0.14567486677439279,
  "p99_ttft": 0.6349005891289562,
  "mean_tpot": 0.008710762540952295,
  "mean_intvty": 114.80051204457193,
  "median_tpot": 0.00872128082847495,
  "median_intvty": 114.66205706104587,
  "std_tpot": 4.8837042956269164e-05,
  "std_intvty": 20476.26022106711,
  "p99_tpot": 0.008755217018544205,
  "p99_intvty": 114.21761423867909,
  "mean_itl": 0.00871117474393284,
  "median_itl": 0.008656200487166643,
  "std_itl": 0.0024057750166848624,
  "p99_itl": 0.008918593218550088,
  "mean_e2el": 64.25136724861804,
  "median_e2el": 64.37576513690874,
  "std_e2el": 4.023239327915161,
  "p99_e2el": 71.55847266598605
}