{
  "hw": "h100",
  "tp": 2,
  "conc": 4,
  "model": "openai/gpt-oss-120b",
  "framework": "vllm",
  "precision": "fp4",
  "tput_per_gpu": 360.5004638799159,
  "output_tput_per_gpu": 319.70354373001294,
  "mean_ttft": 0.05726161159109324,
  "median_ttft": 0.05152094969525933,
  "std_ttft": 0.018044302130679882,
  "p99_ttft": 0.11145127654075622,
  "mean_tpot": 0.0061530726138716504,
  "mean_intvty": 162.5204288578642,
  "median_tpot": 0.006152805331250644,
  "median_intvty": 162.52748887095638,
  "std_tpot": 0.00015998926185311347,
  "std_intvty": 6250.419487015963,
  "p99_tpot": 0.0063949312268129915,
  "p99_intvty": 156.37384743203327,
  "mean_itl": 0.006155725882463667,
  "median_itl": 0.006189317442476749,
  "std_itl": 0.0006703846785652913,
  "p99_itl": 0.006493055233731866,
  "mean_e2el": 44.75367931316141,
  "median_e2el": 44.23316502571106,
  "std_e2el": 3.2991942484605348,
  "p99_e2el": 50.89544352982193
}