{
  "hw": "mi300x",
  "tp": 8,
  "conc": 16,
  "model": "deepseek-ai/DeepSeek-R1-0528",
  "framework": "sglang",
  "precision": "fp8",
  "tput_per_gpu": 83.8054097301423,
  "output_tput_per_gpu": 74.46322338122118,
  "mean_ttft": 0.28412466241279616,
  "median_ttft": 0.15167336631566286,
  "std_ttft": 0.40986981059385513,
  "p99_ttft": 1.5597287561511621,
  "mean_tpot": 0.026074163428061355,
  "mean_intvty": 38.352141297227085,
  "median_tpot": 0.02612562515071274,
  "median_intvty": 38.276596032869236,
  "std_tpot": 0.0002964863953840775,
  "std_intvty": 3372.8360409406628,
  "p99_tpot": 0.02650923632987248,
  "p99_intvty": 37.72270115805371,
  "mean_itl": 0.02607483126452851,
  "median_itl": 0.02588607487268746,
  "std_itl": 0.004374240292691806,
  "p99_itl": 0.027071548276580877,
  "mean_e2el": 192.63750285971327,
  "median_e2el": 193.0376235882286,
  "std_e2el": 13.026845757504065,
  "p99_e2el": 214.75806865945924
}