{
  "hw": "mi300x",
  "tp": 1,
  "conc": 8,
  "model": "openai/gpt-oss-120b",
  "framework": "vllm",
  "precision": "fp4",
  "tput_per_gpu": 5217.7310865340205,
  "output_tput_per_gpu": 586.5609776749085,
  "mean_ttft": 0.6622737511759624,
  "median_ttft": 0.36916682217270136,
  "std_ttft": 0.6903097864978928,
  "p99_ttft": 3.064484413443132,
  "mean_tpot": 0.012735113568472622,
  "mean_intvty": 78.52305318074477,
  "median_tpot": 0.012635528589997726,
  "median_intvty": 79.14192056766024,
  "std_tpot": 0.0010781955704069325,
  "std_intvty": 927.475522481121,
  "p99_tpot": 0.015651523579026282,
  "p99_intvty": 63.89154352615506,
  "mean_itl": 0.012770212804105445,
  "median_itl": 0.010485192760825157,
  "std_itl": 0.03447887398450032,
  "p99_itl": 0.012063944526016706,
  "mean_e2el": 12.468494722305332,
  "median_e2el": 12.30640728957951,
  "std_e2el": 1.6648931607810857,
  "p99_e2el": 16.155981345372272
}