{
  "hw": "mi300x",
  "tp": 8,
  "conc": 16,
  "model": "openai/gpt-oss-120b",
  "framework": "vllm",
  "precision": "fp4",
  "tput_per_gpu": 2179.8833123344693,
  "output_tput_per_gpu": 241.54501610485312,
  "mean_ttft": 0.3485681761434535,
  "median_ttft": 0.13499327097088099,
  "std_ttft": 0.594714667939968,
  "p99_ttft": 2.6673375549772724,
  "mean_tpot": 0.007664271386099634,
  "mean_intvty": 130.475546809793,
  "median_tpot": 0.007475135529698641,
  "median_intvty": 133.77683869770786,
  "std_tpot": 0.0008080670749130576,
  "std_intvty": 1237.52103141635,
  "p99_tpot": 0.010101715291914618,
  "p99_intvty": 98.99308890643523,
  "mean_itl": 0.007671105752944764,
  "median_itl": 0.005958845606073737,
  "std_itl": 0.01896419613096857,
  "p99_itl": 0.09259355192538353,
  "mean_e2el": 7.35909564186004,
  "median_e2el": 7.125096403062344,
  "std_e2el": 1.2044533112866929,
  "p99_e2el": 11.15951361731626
}