{
  "hw": "h100",
  "tp": 4,
  "conc": 2,
  "model": "openai/gpt-oss-120b",
  "framework": "vllm",
  "precision": "fp4",
  "tput_per_gpu": 210.09172727882358,
  "output_tput_per_gpu": 106.01504690704637,
  "mean_ttft": 0.03433672785758972,
  "median_ttft": 0.03592269727960229,
  "std_ttft": 0.00476664689674052,
  "p99_ttft": 0.040064043691381813,
  "mean_tpot": 0.00466862830826973,
  "mean_intvty": 214.195676753418,
  "median_tpot": 0.004687107564312034,
  "median_intvty": 213.35119501290524,
  "std_tpot": 4.900677797016126e-05,
  "std_intvty": 20405.34067775012,
  "p99_tpot": 0.004712491058737739,
  "p99_intvty": 212.20199413340728,
  "mean_itl": 0.004669845891293514,
  "median_itl": 0.004667505621910095,
  "std_itl": 0.0006205519512850151,
  "p99_itl": 0.004823545292019844,
  "mean_e2el": 4.397140095708892,
  "median_e2el": 4.480219542980194,
  "std_e2el": 0.28358491741495,
  "p99_e2el": 4.802386540742591
}