{
  "hw": "h100",
  "tp": 4,
  "conc": 8,
  "model": "openai/gpt-oss-120b",
  "framework": "vllm",
  "precision": "fp4",
  "tput_per_gpu": 650.4867550595927,
  "output_tput_per_gpu": 326.44901559427757,
  "mean_ttft": 0.04693207537056878,
  "median_ttft": 0.03731524059548974,
  "std_ttft": 0.028492996126684406,
  "p99_ttft": 0.13606073302216828,
  "mean_tpot": 0.005954421576460591,
  "mean_intvty": 167.94242516406052,
  "median_tpot": 0.005956243288350369,
  "median_intvty": 167.89106011768675,
  "std_tpot": 0.00011142348395135576,
  "std_intvty": 8974.768734000194,
  "p99_tpot": 0.006100918452598455,
  "p99_intvty": 163.90974699458374,
  "mean_itl": 0.005955722246523167,
  "median_itl": 0.005839721765369177,
  "std_itl": 0.001790923843989496,
  "p99_itl": 0.006238563451915979,
  "mean_e2el": 5.574288854445331,
  "median_e2el": 5.6105950102210045,
  "std_e2el": 0.3805200522696781,
  "p99_e2el": 6.188971972698345
}