{
  "hw": "h100",
  "tp": 4,
  "conc": 1,
  "model": "openai/gpt-oss-120b",
  "framework": "vllm",
  "precision": "fp4",
  "tput_per_gpu": 113.60455843420088,
  "output_tput_per_gpu": 57.00334375715988,
  "mean_ttft": 0.031202250719070436,
  "median_ttft": 0.03262008307501674,
  "std_ttft": 0.005546620065839052,
  "p99_ttft": 0.034962405283004046,
  "mean_tpot": 0.004356114909272641,
  "mean_intvty": 229.56235563743985,
  "median_tpot": 0.004355975138594128,
  "median_intvty": 229.56972163131897,
  "std_tpot": 5.925464690096874e-06,
  "std_intvty": 168763.1354332906,
  "p99_tpot": 0.00436938583922686,
  "p99_intvty": 228.86511669954623,
  "mean_itl": 0.0043561833366057125,
  "median_itl": 0.00435021473094821,
  "std_itl": 7.349898584941857e-05,
  "p99_itl": 0.004512093802914018,
  "mean_e2el": 4.040633200854063,
  "median_e2el": 3.9726571794599295,
  "std_e2el": 0.20959084327747377,
  "p99_e2el": 4.431763987103477
}