{
  "hw": "h100",
  "tp": 8,
  "conc": 16,
  "model": "openai/gpt-oss-120b",
  "framework": "vllm",
  "precision": "fp4",
  "tput_per_gpu": 377.7768477118919,
  "output_tput_per_gpu": 335.66427143552875,
  "mean_ttft": 0.044966144690988585,
  "median_ttft": 0.03167177736759186,
  "std_ttft": 0.03960296385759729,
  "p99_ttft": 0.20115758281201124,
  "mean_tpot": 0.005800746825547412,
  "mean_intvty": 172.39159544006313,
  "median_tpot": 0.005830807288241266,
  "median_intvty": 171.50283838340124,
  "std_tpot": 0.0001061341521827052,
  "std_intvty": 9422.037859015869,
  "p99_tpot": 0.005959402424579234,
  "p99_intvty": 167.80205946078652,
  "mean_itl": 0.005800558470764136,
  "median_itl": 0.005786975845694542,
  "std_itl": 0.0006976153885541708,
  "p99_itl": 0.006116973236203194,
  "mean_e2el": 42.834997042099715,
  "median_e2el": 42.73705353355035,
  "std_e2el": 2.920496815670477,
  "p99_e2el": 48.11771273391321
}