{
  "hw": "mi300x-amd_0",
  "tp": 8,
  "conc": 4,
  "model": "amd/Llama-3.3-70B-Instruct-FP8-KV",
  "framework": "vllm",
  "precision": "fp8",
  "tput_per_gpu": 111.90902187032374,
  "output_tput_per_gpu": 55.68223543702935,
  "mean_ttft": 0.15145055854227393,
  "median_ttft": 0.11659130221232772,
  "std_ttft": 0.10121388534717249,
  "p99_ttft": 0.5014488230552524,
  "mean_tpot": 0.008556304203661783,
  "mean_intvty": 116.8728899998713,
  "median_tpot": 0.00858086012301355,
  "median_intvty": 116.53843387075348,
  "std_tpot": 0.0001205372840421399,
  "std_intvty": 8296.18825367261,
  "p99_tpot": 0.008686944270297304,
  "p99_intvty": 115.11527746519961,
  "mean_itl": 0.008557302076200373,
  "median_itl": 0.008312811143696308,
  "std_itl": 0.004610019066949499,
  "p99_itl": 0.008678030930459497,
  "mean_e2el": 7.996142937289551,
  "median_e2el": 8.075138919521123,
  "std_e2el": 0.564705271344772,
  "p99_e2el": 9.07418813323602
}