{
  "hw": "h100",
  "tp": 2,
  "conc": 8,
  "model": "openai/gpt-oss-120b",
  "framework": "vllm",
  "precision": "fp4",
  "tput_per_gpu": 601.8536504991891,
  "output_tput_per_gpu": 534.8219215839007,
  "mean_ttft": 0.0670640412135981,
  "median_ttft": 0.054470505099743605,
  "std_ttft": 0.04125310967105189,
  "p99_ttft": 0.20029925550334154,
  "mean_tpot": 0.007285384452731534,
  "mean_intvty": 137.2611159353528,
  "median_tpot": 0.007359807477471728,
  "median_intvty": 135.8731193799548,
  "std_tpot": 0.0002861087709650788,
  "std_intvty": 3495.1742186262986,
  "p99_tpot": 0.007652549906484793,
  "p99_intvty": 130.67539737997618,
  "mean_itl": 0.00729089449668851,
  "median_itl": 0.007328217849135399,
  "std_itl": 0.0010520239565778562,
  "p99_itl": 0.007875254759564996,
  "mean_e2el": 53.70617471856531,
  "median_e2el": 54.23374966578558,
  "std_e2el": 4.429001945420331,
  "p99_e2el": 62.56380253956653
}