{
  "hw": "h100",
  "tp": 8,
  "conc": 16,
  "model": "openai/gpt-oss-120b",
  "framework": "vllm",
  "precision": "fp4",
  "tput_per_gpu": 650.4898122314665,
  "output_tput_per_gpu": 323.52290054450356,
  "mean_ttft": 0.04527146485634148,
  "median_ttft": 0.031431048177182674,
  "std_ttft": 0.03953139206277595,
  "p99_ttft": 0.20094964599236845,
  "mean_tpot": 0.005998877752524471,
  "mean_intvty": 166.6978460394823,
  "median_tpot": 0.006032727984826735,
  "median_intvty": 165.76248796815605,
  "std_tpot": 0.00011063636753409116,
  "std_intvty": 9038.619237854704,
  "p99_tpot": 0.006104982792930873,
  "p99_intvty": 163.80062547562417,
  "mean_itl": 0.006000546891287997,
  "median_itl": 0.005795910954475403,
  "std_itl": 0.0018901805389801344,
  "p99_itl": 0.018972563426941595,
  "mean_e2el": 5.535134189517703,
  "median_e2el": 5.533409656025469,
  "std_e2el": 0.40231823467749644,
  "p99_e2el": 6.236204202091321
}