{
  "hw": "h100",
  "tp": 4,
  "conc": 4,
  "model": "openai/gpt-oss-120b",
  "framework": "vllm",
  "precision": "fp4",
  "tput_per_gpu": 369.919547017564,
  "output_tput_per_gpu": 184.05975644804963,
  "mean_ttft": 0.03827854071278125,
  "median_ttft": 0.03536520339548588,
  "std_ttft": 0.012618972873843136,
  "p99_ttft": 0.0819521190598607,
  "mean_tpot": 0.005234833732854433,
  "mean_intvty": 191.02803470602748,
  "median_tpot": 0.005262528526908418,
  "median_intvty": 190.02272289580745,
  "std_tpot": 8.137878483224653e-05,
  "std_intvty": 12288.214945226704,
  "p99_tpot": 0.00532505563732422,
  "p99_intvty": 187.791465124013,
  "mean_itl": 0.005234789464532014,
  "median_itl": 0.005189870484173298,
  "std_itl": 0.0011222118856503657,
  "p99_itl": 0.00545793566852808,
  "mean_e2el": 4.837140761315823,
  "median_e2el": 4.87413100944832,
  "std_e2el": 0.3362890112081427,
  "p99_e2el": 5.378014761973171
}