{
  "hw": "mi300x",
  "tp": 4,
  "conc": 16,
  "model": "openai/gpt-oss-120b",
  "framework": "vllm",
  "precision": "fp4",
  "tput_per_gpu": 3805.923521042998,
  "output_tput_per_gpu": 421.72067329589134,
  "mean_ttft": 0.42568263041903265,
  "median_ttft": 0.18299343949183822,
  "std_ttft": 0.6275567262746483,
  "p99_ttft": 3.447825095048174,
  "mean_tpot": 0.008770795298774454,
  "mean_intvty": 114.01474620434139,
  "median_tpot": 0.008727005495624742,
  "median_intvty": 114.58684201600963,
  "std_tpot": 0.0006845398269033121,
  "std_intvty": 1460.8353826887637,
  "p99_tpot": 0.010640767737452138,
  "p99_intvty": 93.97818133745332,
  "mean_itl": 0.008781480639173752,
  "median_itl": 0.0068283043801784515,
  "std_itl": 0.02159766261415129,
  "p99_itl": 0.11566666861064735,
  "mean_e2el": 8.45096763074398,
  "median_e2el": 8.342356300912797,
  "std_e2el": 1.1060638716819393,
  "p99_e2el": 11.604783065821975
}