{
  "hw": "mi325x",
  "tp": 2,
  "conc": 4,
  "model": "amd/Llama-3.3-70B-Instruct-FP8-KV",
  "framework": "vllm",
  "precision": "fp8",
  "tput_per_gpu": 163.1065582196637,
  "output_tput_per_gpu": 144.6482040749942,
  "mean_ttft": 0.2110423974459991,
  "median_ttft": 0.1717408113181591,
  "std_ttft": 0.12535382514823018,
  "p99_ttft": 0.6983224220760167,
  "mean_tpot": 0.013579760969771221,
  "mean_intvty": 73.63899867059641,
  "median_tpot": 0.013584662824675731,
  "median_intvty": 73.61242696311605,
  "std_tpot": 5.26001678503991e-05,
  "std_intvty": 19011.346177527692,
  "p99_tpot": 0.013638570090868133,
  "p99_intvty": 73.32146943098982,
  "mean_itl": 0.013580245733784715,
  "median_itl": 0.013527991715818644,
  "std_itl": 0.002406176852409346,
  "p99_itl": 0.014452982903458183,
  "mean_e2el": 98.81788529027253,
  "median_e2el": 97.79990426381119,
  "std_e2el": 6.234979466973096,
  "p99_e2el": 110.35264218529686
}