{
  "hw": "h200",
  "tp": 8,
  "conc": 4,
  "model": "deepseek-ai/DeepSeek-R1-0528",
  "framework": "sglang",
  "precision": "fp8",
  "tput_per_gpu": 78.40271108993257,
  "output_tput_per_gpu": 39.01060115483599,
  "mean_ttft": 0.12735414018388838,
  "median_ttft": 0.10775665706023574,
  "std_ttft": 0.04134503157624388,
  "p99_ttft": 0.25927135499194265,
  "mean_tpot": 0.012314180188578024,
  "mean_intvty": 81.20719241444482,
  "median_tpot": 0.01233552268022848,
  "median_intvty": 81.06669055886961,
  "std_tpot": 0.00019914349048020483,
  "std_intvty": 5021.504833467813,
  "p99_tpot": 0.01256206061795667,
  "p99_intvty": 79.60477428126428,
  "mean_itl": 0.12257881583994806,
  "median_itl": 0.12053838418796659,
  "std_itl": 0.017708908823657315,
  "p99_itl": 0.2077229157835245,
  "mean_e2el": 11.416862938157283,
  "median_e2el": 11.554550373461097,
  "std_e2el": 0.8041246999136171,
  "p99_e2el": 12.67695858642459
}