{
  "hw": "mi300x",
  "tp": 8,
  "conc": 64,
  "model": "deepseek-ai/DeepSeek-R1-0528",
  "framework": "sglang",
  "precision": "fp8",
  "tput_per_gpu": 909.9921438010193,
  "output_tput_per_gpu": 100.95568653145526,
  "mean_ttft": 2.976466412931768,
  "median_ttft": 0.6043589059263468,
  "std_ttft": 7.108597135784382,
  "p99_ttft": 30.38548449818045,
  "mean_tpot": 0.07479465807354005,
  "mean_intvty": 13.369938786494272,
  "median_tpot": 0.07723772537450224,
  "median_intvty": 12.947041036634676,
  "std_tpot": 0.008704182681331923,
  "std_intvty": 114.88729460431995,
  "p99_tpot": 0.09017146047376821,
  "p99_intvty": 11.089983402130988,
  "mean_itl": 0.07492033644738377,
  "median_itl": 0.04578186711296439,
  "std_itl": 0.16075606377654525,
  "p99_itl": 0.5538624709378928,
  "mean_e2el": 71.96018546087289,
  "median_e2el": 72.3002784808632,
  "std_e2el": 10.794546316392378,
  "p99_e2el": 102.29521930367686
}