{
  "hw": "mi300x",
  "tp": 8,
  "conc": 16,
  "model": "deepseek-ai/DeepSeek-R1-0528",
  "framework": "sglang",
  "precision": "fp8",
  "tput_per_gpu": 138.73495847441905,
  "output_tput_per_gpu": 69.000213882818,
  "mean_ttft": 0.28161792114115086,
  "median_ttft": 0.1497909770696424,
  "std_ttft": 0.39800484120001306,
  "p99_ttft": 1.5190247947257012,
  "mean_tpot": 0.028034753381237808,
  "mean_intvty": 35.67001237361509,
  "median_tpot": 0.02817386446842999,
  "median_intvty": 35.493888356016704,
  "std_tpot": 0.0006510867651592521,
  "std_intvty": 1535.8936066768392,
  "p99_tpot": 0.028909660457616122,
  "p99_intvty": 34.59051348825352,
  "mean_itl": 0.028043622531415822,
  "median_itl": 0.026632370078004897,
  "std_itl": 0.011498780571520421,
  "p99_itl": 0.11779037187108768,
  "mean_e2el": 25.938552729041838,
  "median_e2el": 25.87910953850951,
  "std_e2el": 1.911231793739916,
  "p99_e2el": 29.381998336163814
}