{
  "hw": "h100",
  "tp": 4,
  "conc": 16,
  "model": "openai/gpt-oss-120b",
  "framework": "vllm",
  "precision": "fp4",
  "tput_per_gpu": 1109.2563083457858,
  "output_tput_per_gpu": 551.6916815226288,
  "mean_ttft": 0.05820319500053302,
  "median_ttft": 0.040220798924565315,
  "std_ttft": 0.05311841559867717,
  "p99_ttft": 0.26956932618282736,
  "mean_tpot": 0.007034145739955824,
  "mean_intvty": 142.16367373791152,
  "median_tpot": 0.0070961088685390465,
  "median_intvty": 140.92230242317027,
  "std_tpot": 0.00018633896094175326,
  "std_intvty": 5366.564216876711,
  "p99_tpot": 0.007279768450008856,
  "p99_intvty": 137.36700650125533,
  "mean_itl": 0.007035908576826588,
  "median_itl": 0.006786029785871506,
  "std_itl": 0.0025792253735848064,
  "p99_itl": 0.02527844807133069,
  "mean_e2el": 6.495311828731792,
  "median_e2el": 6.477169591933489,
  "std_e2el": 0.4789283115435819,
  "p99_e2el": 7.348365145185962
}