{
  "hw": "mi300x",
  "tp": 1,
  "conc": 32,
  "model": "amd/Llama-3.3-70B-Instruct-FP8-KV",
  "framework": "vllm",
  "precision": "fp8",
  "tput_per_gpu": 995.2970313840649,
  "output_tput_per_gpu": 885.3693696408143,
  "mean_ttft": 0.7494495538034244,
  "median_ttft": 0.3352222368121147,
  "std_ttft": 1.2960123376650896,
  "p99_ttft": 4.779979945244268,
  "mean_tpot": 0.0350768141482813,
  "mean_intvty": 28.508860461861477,
  "median_tpot": 0.035205065499769074,
  "median_intvty": 28.405003251778055,
  "std_tpot": 0.00042181080628035867,
  "std_intvty": 2370.731107669501,
  "p99_tpot": 0.035617524262343984,
  "p99_intvty": 28.076067068401855,
  "mean_itl": 0.0350843493843234,
  "median_itl": 0.03429092839360237,
  "std_itl": 0.01446806068513317,
  "p99_itl": 0.03841611845418811,
  "mean_e2el": 260.89891334762797,
  "median_e2el": 261.8180264076218,
  "std_e2el": 17.08149231155799,
  "p99_e2el": 289.3810515213944
}