{
  "hw": "mi325x",
  "tp": 4,
  "conc": 4,
  "model": "openai/gpt-oss-120b",
  "framework": "vllm",
  "precision": "fp4",
  "tput_per_gpu": 1391.5412758817563,
  "output_tput_per_gpu": 154.79795275521917,
  "mean_ttft": 0.2615003618528135,
  "median_ttft": 0.16568612190894783,
  "std_ttft": 0.22868933836321045,
  "p99_ttft": 1.0207626071432605,
  "mean_tpot": 0.00602925269791989,
  "mean_intvty": 165.85803417146587,
  "median_tpot": 0.005966172085853318,
  "median_intvty": 167.61165880064857,
  "std_tpot": 0.00024454989002512906,
  "std_intvty": 4089.1451633744086,
  "p99_tpot": 0.006662757412163245,
  "p99_intvty": 150.0880098342531,
  "mean_itl": 0.006028956207984421,
  "median_itl": 0.005598198622465134,
  "std_itl": 0.009497953647849883,
  "p99_itl": 0.0065762521512806454,
  "mean_e2el": 5.802864326734562,
  "median_e2el": 5.741714907810092,
  "std_e2el": 0.4796241469818117,
  "p99_e2el": 6.957967894054017
}