{
  "hw": "mi300x",
  "tp": 4,
  "conc": 8,
  "model": "amd/Llama-3.3-70B-Instruct-FP8-KV",
  "framework": "vllm",
  "precision": "fp8",
  "tput_per_gpu": 198.9538491365299,
  "output_tput_per_gpu": 176.7952720955636,
  "mean_ttft": 0.17557912151678465,
  "median_ttft": 0.12118548294529319,
  "std_ttft": 0.17641241117820153,
  "p99_ttft": 0.7392241856036708,
  "mean_tpot": 0.010995427607946607,
  "mean_intvty": 90.94689498726551,
  "median_tpot": 0.01101052701968427,
  "median_intvty": 90.82217392611923,
  "std_tpot": 5.939350504956212e-05,
  "std_intvty": 16836.857820826193,
  "p99_tpot": 0.011052248872358625,
  "p99_intvty": 90.47932339824277,
  "mean_itl": 0.01099604487162499,
  "median_itl": 0.010950489668175578,
  "std_itl": 0.002344715208437821,
  "p99_itl": 0.011348999976180494,
  "mean_e2el": 81.07348106063436,
  "median_e2el": 81.24448487558402,
  "std_e2el": 5.08126767251013,
  "p99_e2el": 90.30855752101634
}