{
  "hw": "mi300x",
  "tp": 8,
  "conc": 4,
  "model": "openai/gpt-oss-120b",
  "framework": "vllm",
  "precision": "fp4",
  "tput_per_gpu": 814.1522050058172,
  "output_tput_per_gpu": 90.56798871178947,
  "mean_ttft": 0.2717612764565274,
  "median_ttft": 0.12463549966923892,
  "std_ttft": 0.3373786571020302,
  "p99_ttft": 1.3027273335773497,
  "mean_tpot": 0.005106465797829027,
  "mean_intvty": 195.8301572146321,
  "median_tpot": 0.004972599946119028,
  "median_intvty": 201.10204135373314,
  "std_tpot": 0.0003535217269636917,
  "std_intvty": 2828.6804564707973,
  "p99_tpot": 0.006001557537110882,
  "p99_intvty": 166.6234129751249,
  "mean_itl": 0.005877092766285879,
  "median_itl": 0.004710294771939516,
  "std_itl": 0.012652400021018584,
  "p99_itl": 0.014012456908822064,
  "mean_e2el": 4.963591139123309,
  "median_e2el": 4.944067163858563,
  "std_e2el": 0.5367364588115049,
  "p99_e2el": 6.241893764478155
}