{
  "hw": "h100",
  "tp": 2,
  "conc": 16,
  "model": "openai/gpt-oss-120b",
  "framework": "vllm",
  "precision": "fp4",
  "tput_per_gpu": 1633.9170279601597,
  "output_tput_per_gpu": 812.6331361306981,
  "mean_ttft": 0.0778853545547463,
  "median_ttft": 0.050897698383778334,
  "std_ttft": 0.0801349993963526,
  "p99_ttft": 0.39687008891254666,
  "mean_tpot": 0.009567741842002774,
  "mean_intvty": 104.51787020527242,
  "median_tpot": 0.009625209558714008,
  "median_intvty": 103.89384188468584,
  "std_tpot": 0.0002866317801442205,
  "std_intvty": 3488.796669709283,
  "p99_tpot": 0.009965963068972173,
  "p99_intvty": 100.34153177964102,
  "mean_itl": 0.00957144580821262,
  "median_itl": 0.009149184450507164,
  "std_itl": 0.004143915156782078,
  "p99_itl": 0.0389577562920749,
  "mean_e2el": 8.834741181362187,
  "median_e2el": 8.841166696511209,
  "std_e2el": 0.6776192196394302,
  "p99_e2el": 10.052473291261121
}