{
  "hw": "mi300x",
  "tp": 8,
  "conc": 16,
  "model": "deepseek-ai/DeepSeek-R1-0528",
  "framework": "sglang",
  "precision": "fp8",
  "tput_per_gpu": 85.66364881893989,
  "output_tput_per_gpu": 76.11431574877135,
  "mean_ttft": 0.23239980438374913,
  "median_ttft": 0.16625858866609633,
  "std_ttft": 0.2032350806541219,
  "p99_ttft": 0.8645398000208661,
  "mean_tpot": 0.025524336220289007,
  "mean_intvty": 39.178296014025676,
  "median_tpot": 0.02553727188066112,
  "median_intvty": 39.15845062358758,
  "std_tpot": 0.00032314272625538423,
  "std_intvty": 3094.607796338532,
  "p99_tpot": 0.026075757179416577,
  "p99_intvty": 38.34979721276781,
  "mean_itl": 0.025526148611713272,
  "median_itl": 0.02539741527289152,
  "std_itl": 0.005019113239784225,
  "p99_itl": 0.026418241648934783,
  "mean_e2el": 188.53815978364145,
  "median_e2el": 189.45865515968762,
  "std_e2el": 12.908804782206591,
  "p99_e2el": 211.7030070093926
}