{
  "hw": "h100",
  "tp": 4,
  "conc": 16,
  "model": "openai/gpt-oss-120b",
  "framework": "vllm",
  "precision": "fp4",
  "tput_per_gpu": 3890.6624824402365,
  "output_tput_per_gpu": 431.1102923087938,
  "mean_ttft": 0.25803770749480465,
  "median_ttft": 0.15478880936279893,
  "std_ttft": 0.3127243842166882,
  "p99_ttft": 1.696025501498952,
  "mean_tpot": 0.00874186798908754,
  "mean_intvty": 114.39202711002939,
  "median_tpot": 0.008824051977593486,
  "median_intvty": 113.32662166306982,
  "std_tpot": 0.000515447520904786,
  "std_intvty": 1940.0617122857807,
  "p99_tpot": 0.009811022040855618,
  "p99_intvty": 101.92618015082861,
  "mean_itl": 0.008749324744522322,
  "median_itl": 0.006988509092479944,
  "std_itl": 0.014255937910511381,
  "p99_itl": 0.11949345604516566,
  "mean_e2el": 8.256342154962477,
  "median_e2el": 8.277744360733777,
  "std_e2el": 0.8097056789116904,
  "p99_e2el": 9.94382286217995
}