{
  "hw": "mi300x",
  "tp": 4,
  "conc": 4,
  "model": "openai/gpt-oss-120b",
  "framework": "vllm",
  "precision": "fp4",
  "tput_per_gpu": 354.6310331500321,
  "output_tput_per_gpu": 176.45269658436274,
  "mean_ttft": 0.176079769351054,
  "median_ttft": 0.04856360564008355,
  "std_ttft": 0.42778676154764905,
  "p99_ttft": 1.6725395887577905,
  "mean_tpot": 0.005304183995544212,
  "mean_intvty": 188.5304131304743,
  "median_tpot": 0.00526103492777809,
  "median_intvty": 190.07667003312088,
  "std_tpot": 0.000296115116284407,
  "std_intvty": 3377.0650162943357,
  "p99_tpot": 0.0064723236198689525,
  "p99_intvty": 154.5040172172737,
  "mean_itl": 0.005309182320875842,
  "median_itl": 0.005182582885026932,
  "std_itl": 0.00887363132755485,
  "p99_itl": 0.005633549597114324,
  "mean_e2el": 5.043139760568738,
  "median_e2el": 4.981018626363948,
  "std_e2el": 0.6460341624229952,
  "p99_e2el": 7.197396253761835
}