{
  "hw": "mi300x",
  "tp": 2,
  "conc": 4,
  "model": "openai/gpt-oss-120b",
  "framework": "vllm",
  "precision": "fp4",
  "tput_per_gpu": 2418.084272959823,
  "output_tput_per_gpu": 268.9927359909516,
  "mean_ttft": 0.36659811963327227,
  "median_ttft": 0.22408783179707825,
  "std_ttft": 0.3429223394712365,
  "p99_ttft": 1.478215007134713,
  "mean_tpot": 0.006887080967485462,
  "mean_intvty": 145.19939648177382,
  "median_tpot": 0.006857462645919709,
  "median_intvty": 145.82653258709541,
  "std_tpot": 0.00036849575266330873,
  "std_intvty": 2713.7354847986294,
  "p99_tpot": 0.007894967137230618,
  "p99_intvty": 126.66297181710348,
  "mean_itl": 0.006886353828011423,
  "median_itl": 0.0062879291363060474,
  "std_itl": 0.014404394275359153,
  "p99_itl": 0.006811087941750879,
  "mean_e2el": 6.695673523109872,
  "median_e2el": 6.556992070516571,
  "std_e2el": 0.6223722718932714,
  "p99_e2el": 8.281744275228121
}