{
  "hw": "mi300x",
  "tp": 2,
  "conc": 8,
  "model": "openai/gpt-oss-120b",
  "framework": "vllm",
  "precision": "fp4",
  "tput_per_gpu": 3825.1620819946365,
  "output_tput_per_gpu": 430.0127341499651,
  "mean_ttft": 0.48604749486548826,
  "median_ttft": 0.22294207871891558,
  "std_ttft": 0.6924033155427228,
  "p99_ttft": 3.055274973707272,
  "mean_tpot": 0.008639088263294082,
  "mean_intvty": 115.75295558083582,
  "median_tpot": 0.00866053780770059,
  "median_intvty": 115.46627036381523,
  "std_tpot": 0.000530082563291487,
  "std_intvty": 1886.4985744685027,
  "p99_tpot": 0.00985337700895903,
  "p99_intvty": 101.48804811698218,
  "mean_itl": 0.009281604692245671,
  "median_itl": 0.0073088123463094234,
  "std_itl": 0.018997718304956012,
  "p99_itl": 0.020446361848153172,
  "mean_e2el": 8.490271144261351,
  "median_e2el": 8.391453297110274,
  "std_e2el": 1.0515760263194875,
  "p99_e2el": 11.479057141733353
}