{
  "hw": "mi300x",
  "tp": 2,
  "conc": 8,
  "model": "openai/gpt-oss-120b",
  "framework": "vllm",
  "precision": "fp4",
  "tput_per_gpu": 926.2765581610953,
  "output_tput_per_gpu": 464.8550769524019,
  "mean_ttft": 0.16023409646004438,
  "median_ttft": 0.07014499790966511,
  "std_ttft": 0.2637208542369918,
  "p99_ttft": 0.9943185731302947,
  "mean_tpot": 0.008282736835234384,
  "mean_intvty": 120.7330402851924,
  "median_tpot": 0.008232853787427502,
  "median_intvty": 121.46456451432589,
  "std_tpot": 0.00031287985353853034,
  "std_intvty": 3196.1150220778045,
  "p99_tpot": 0.009046178213583172,
  "p99_intvty": 110.54391991730418,
  "mean_itl": 0.008284999796577245,
  "median_itl": 0.007950867991894484,
  "std_itl": 0.006967534079976574,
  "p99_itl": 0.0089843163266778,
  "mean_e2el": 7.849335109128151,
  "median_e2el": 7.852648209780455,
  "std_e2el": 0.6432712976575096,
  "p99_e2el": 9.188594973515718
}