{
  "hw": "mi300x",
  "tp": 1,
  "conc": 32,
  "model": "openai/gpt-oss-120b",
  "framework": "vllm",
  "precision": "fp4",
  "tput_per_gpu": 9431.257838901498,
  "output_tput_per_gpu": 1054.6770322485634,
  "mean_ttft": 1.061324302124558,
  "median_ttft": 0.3832108995411545,
  "std_ttft": 2.02019245003297,
  "p99_ttft": 10.384393923874013,
  "mean_tpot": 0.028656639109206683,
  "mean_intvty": 34.89592747387897,
  "median_tpot": 0.0290850618678836,
  "median_intvty": 34.38191070531032,
  "std_tpot": 0.00311740741327661,
  "std_intvty": 320.779374470317,
  "p99_tpot": 0.03484314728324363,
  "p99_intvty": 28.70004801434538,
  "mean_itl": 0.028710829563090092,
  "median_itl": 0.019410279113799334,
  "std_itl": 0.0534128734005347,
  "p99_itl": 0.32047412473708387,
  "mean_e2el": 27.602960803070165,
  "median_e2el": 27.47309436276555,
  "std_e2el": 4.066730823773021,
  "p99_e2el": 38.76742238558363
}