{
  "hw": "mi300x",
  "tp": 2,
  "conc": 32,
  "model": "amd/Llama-3.3-70B-Instruct-FP8-KV",
  "framework": "vllm",
  "precision": "fp8",
  "tput_per_gpu": 733.7794300130629,
  "output_tput_per_gpu": 652.7356265723339,
  "mean_ttft": 0.4933525566681055,
  "median_ttft": 0.21221083728596568,
  "std_ttft": 0.8763101435248676,
  "p99_ttft": 3.21926184236072,
  "mean_tpot": 0.023824471612519826,
  "mean_intvty": 41.97364861911553,
  "median_tpot": 0.023940062435247537,
  "median_intvty": 41.77098546441866,
  "std_tpot": 0.0003708284340997952,
  "std_intvty": 2696.664840244925,
  "p99_tpot": 0.02422589498828188,
  "p99_intvty": 41.2781447489846,
  "mean_itl": 0.023829378890009266,
  "median_itl": 0.023368622176349163,
  "std_itl": 0.008871012900530315,
  "p99_itl": 0.024983582366257907,
  "mean_e2el": 177.18752667990628,
  "median_e2el": 177.6209686966613,
  "std_e2el": 11.695618879558097,
  "p99_e2el": 197.21837007129565
}