{
  "hw": "mi300x",
  "tp": 2,
  "conc": 32,
  "model": "openai/gpt-oss-120b",
  "framework": "vllm",
  "precision": "fp4",
  "tput_per_gpu": 6971.543862606599,
  "output_tput_per_gpu": 779.6125730839968,
  "mean_ttft": 0.7461068872333272,
  "median_ttft": 0.2661145005840808,
  "std_ttft": 1.4498465400724767,
  "p99_ttft": 7.198023780938238,
  "mean_tpot": 0.019313734842875165,
  "mean_intvty": 51.77662467334225,
  "median_tpot": 0.019749123216421437,
  "median_intvty": 50.63515929499584,
  "std_tpot": 0.0019972378364472567,
  "std_intvty": 500.69149590057253,
  "p99_tpot": 0.023227849933768117,
  "p99_intvty": 43.051767720705946,
  "mean_itl": 0.019351809684400485,
  "median_itl": 0.013211634010076523,
  "std_itl": 0.03669025019619015,
  "p99_itl": 0.21058858134783795,
  "mean_e2el": 18.63582671700133,
  "median_e2el": 18.584113478194922,
  "std_e2el": 2.6477736112635384,
  "p99_e2el": 26.247595776966772
}