{
  "hw": "h100",
  "tp": 4,
  "conc": 32,
  "model": "nvidia/Llama-3.3-70B-Instruct-FP8",
  "framework": "vllm",
  "precision": "fp8",
  "tput_per_gpu": 476.71659938049083,
  "output_tput_per_gpu": 424.0646377733939,
  "mean_ttft": 0.17025202992081176,
  "median_ttft": 0.08654484432190657,
  "std_ttft": 0.27972049420503475,
  "p99_ttft": 1.4218699866160753,
  "mean_tpot": 0.018384685248152496,
  "mean_intvty": 54.393098739642085,
  "median_tpot": 0.018531877118198793,
  "median_intvty": 53.96107440287167,
  "std_tpot": 0.00044044784923145795,
  "std_intvty": 2270.41635404716,
  "p99_tpot": 0.018835962526844677,
  "p99_intvty": 53.089933608373755,
  "mean_itl": 0.018388269584167092,
  "median_itl": 0.018237522803246975,
  "std_itl": 0.003715515424684533,
  "p99_itl": 0.020727621857076887,
  "mean_e2el": 136.51875370396593,
  "median_e2el": 137.64366685645655,
  "std_e2el": 9.330718936108866,
  "p99_e2el": 152.2932056512218
}