{
  "hw": "mi300x",
  "tp": 8,
  "conc": 32,
  "model": "deepseek-ai/DeepSeek-R1-0528",
  "framework": "sglang",
  "precision": "fp8",
  "tput_per_gpu": 222.52646657497766,
  "output_tput_per_gpu": 111.43948941119005,
  "mean_ttft": 0.4021532475177082,
  "median_ttft": 0.15970241161994636,
  "std_ttft": 0.6888852398832661,
  "p99_ttft": 2.5060908038262277,
  "mean_tpot": 0.034553115369687935,
  "mean_intvty": 28.94095045557773,
  "median_tpot": 0.0347379340505105,
  "median_intvty": 28.78697387547445,
  "std_tpot": 0.0014427208795177206,
  "std_intvty": 693.1347665352182,
  "p99_tpot": 0.03646184818099128,
  "p99_intvty": 27.425927370333678,
  "mean_itl": 0.034570929995884674,
  "median_itl": 0.03173620719462633,
  "std_itl": 0.016570250811800483,
  "p99_itl": 0.12472036899998784,
  "mean_e2el": 32.30042606822535,
  "median_e2el": 32.464473511558026,
  "std_e2el": 2.511772462683309,
  "p99_e2el": 36.88411818638444
}