{
  "hw": "mi300x",
  "tp": 4,
  "conc": 8,
  "model": "openai/gpt-oss-120b",
  "framework": "vllm",
  "precision": "fp4",
  "tput_per_gpu": 2513.3537709426405,
  "output_tput_per_gpu": 282.5433547029198,
  "mean_ttft": 0.33590775476768614,
  "median_ttft": 0.15484929853118956,
  "std_ttft": 0.4427149186388624,
  "p99_ttft": 1.9075861728005066,
  "mean_tpot": 0.006601534005787904,
  "mean_intvty": 151.4799437711369,
  "median_tpot": 0.006502991978931848,
  "median_intvty": 153.77537035871532,
  "std_tpot": 0.00046403161084240276,
  "std_intvty": 2155.025598761689,
  "p99_tpot": 0.008017560231276158,
  "p99_intvty": 124.72622233619686,
  "mean_itl": 0.006614192226145341,
  "median_itl": 0.00562007469125092,
  "std_itl": 0.015998208009196022,
  "p99_itl": 0.0066624941444024454,
  "mean_e2el": 6.451389693957753,
  "median_e2el": 6.3129761018790305,
  "std_e2el": 0.9394274011487224,
  "p99_e2el": 9.398890583808534
}