{
  "hw": "mi300x",
  "tp": 2,
  "conc": 16,
  "model": "amd/Llama-3.3-70B-Instruct-FP8-KV",
  "framework": "vllm",
  "precision": "fp8",
  "tput_per_gpu": 442.1263256254611,
  "output_tput_per_gpu": 392.84040796147,
  "mean_ttft": 0.33493357967818155,
  "median_ttft": 0.20031685754656792,
  "std_ttft": 0.43261285492795953,
  "p99_ttft": 1.7283699559839443,
  "mean_tpot": 0.019767456987969216,
  "mean_intvty": 50.58819658029942,
  "median_tpot": 0.019832656584429502,
  "median_intvty": 50.42188855249447,
  "std_tpot": 0.00024118272323901107,
  "std_intvty": 4146.233969706877,
  "p99_tpot": 0.020066781935649085,
  "p99_intvty": 49.83360078396415,
  "mean_itl": 0.019770512474996844,
  "median_itl": 0.019570658449083567,
  "std_itl": 0.006139554362055339,
  "p99_itl": 0.020575414085760715,
  "mean_e2el": 146.18150967840046,
  "median_e2el": 146.4374693138525,
  "std_e2el": 10.141785905330487,
  "p99_e2el": 163.38506093685515
}