{
  "hw": "mi300x",
  "tp": 4,
  "conc": 4,
  "model": "openai/gpt-oss-120b",
  "framework": "vllm",
  "precision": "fp4",
  "tput_per_gpu": 1460.8515591839023,
  "output_tput_per_gpu": 162.50817317484552,
  "mean_ttft": 0.3146248297416605,
  "median_ttft": 0.15876638377085328,
  "std_ttft": 0.3389310207867075,
  "p99_ttft": 1.2902749696420506,
  "mean_tpot": 0.005681091028723633,
  "mean_intvty": 176.02252717726114,
  "median_tpot": 0.00562052916656169,
  "median_intvty": 177.9191905896187,
  "std_tpot": 0.00029847802201337503,
  "std_intvty": 3350.330430544026,
  "p99_tpot": 0.006508459980873386,
  "p99_intvty": 153.64617788827636,
  "mean_itl": 0.005676696975861749,
  "median_itl": 0.005229170899838209,
  "std_itl": 0.011284331604526271,
  "p99_itl": 0.0055948618240654465,
  "mean_e2el": 5.532218674570322,
  "median_e2el": 5.493878055596724,
  "std_e2el": 0.5425754008459076,
  "p99_e2el": 6.846112068770453
}