{
  "hw": "h200",
  "tp": 8,
  "conc": 8,
  "model": "deepseek-ai/DeepSeek-R1-0528",
  "framework": "sglang",
  "precision": "fp8",
  "tput_per_gpu": 134.19510040894392,
  "output_tput_per_gpu": 67.34627274933773,
  "mean_ttft": 0.18948733758879827,
  "median_ttft": 0.14395057456567883,
  "std_ttft": 0.1284551919190842,
  "p99_ttft": 0.5973024063464254,
  "mean_tpot": 0.01435543947669619,
  "mean_intvty": 69.66000599447642,
  "median_tpot": 0.014327174848051193,
  "median_intvty": 69.79743114784571,
  "std_tpot": 0.0004320654390893237,
  "std_intvty": 2314.4642212247472,
  "p99_tpot": 0.015311962590177695,
  "p99_intvty": 65.30841452300041,
  "mean_itl": 0.14288441105954164,
  "median_itl": 0.1346896425820887,
  "std_itl": 0.03349168039823776,
  "p99_itl": 0.26767255503684284,
  "mean_e2el": 13.517030578351115,
  "median_e2el": 13.654768986161798,
  "std_e2el": 0.9891587088356998,
  "p99_e2el": 15.728310425402595
}