{
  "hw": "mi300x",
  "tp": 1,
  "conc": 64,
  "model": "amd/Llama-3.3-70B-Instruct-FP8-KV",
  "framework": "vllm",
  "precision": "fp8",
  "tput_per_gpu": 1528.7328163014286,
  "output_tput_per_gpu": 1359.0438770513244,
  "mean_ttft": 1.2667392494477099,
  "median_ttft": 0.33606282575055957,
  "std_ttft": 2.752262544156705,
  "p99_ttft": 8.949597886484117,
  "mean_tpot": 0.04559946263379057,
  "mean_intvty": 21.93008299310462,
  "median_tpot": 0.045777176751243605,
  "median_intvty": 21.84494700129871,
  "std_tpot": 0.0009913062196884195,
  "std_intvty": 1008.7700249821019,
  "p99_tpot": 0.04667836004054415,
  "p99_intvty": 21.42320336728656,
  "mean_itl": 0.045609176317489765,
  "median_itl": 0.04401705740019679,
  "std_itl": 0.03370526548412104,
  "p99_itl": 0.053006296046078205,
  "mean_e2el": 338.09806004640416,
  "median_e2el": 338.439920513425,
  "std_e2el": 24.11821427201378,
  "p99_e2el": 382.5594252371695
}