{
  "hw": "mi300x",
  "tp": 8,
  "conc": 64,
  "model": "amd/Llama-3.3-70B-Instruct-FP8-KV",
  "framework": "vllm",
  "precision": "fp8",
  "tput_per_gpu": 590.151384724756,
  "output_tput_per_gpu": 524.6447367329866,
  "mean_ttft": 0.3487828848927165,
  "median_ttft": 0.12921813922002912,
  "std_ttft": 0.6736542703946201,
  "p99_ttft": 2.4272961871512235,
  "mean_tpot": 0.014753540105043766,
  "mean_intvty": 67.78034240460917,
  "median_tpot": 0.014819502015669029,
  "median_intvty": 67.4786506957302,
  "std_tpot": 0.0003713401827069216,
  "std_intvty": 2692.948532287563,
  "p99_tpot": 0.01513544255608246,
  "p99_intvty": 66.07008657293152,
  "mean_itl": 0.01475589786689321,
  "median_itl": 0.014169372618198395,
  "std_itl": 0.006652144555330369,
  "p99_itl": 0.015527233900502327,
  "mean_e2el": 109.32353241505189,
  "median_e2el": 108.91358614340425,
  "std_e2el": 7.767560549940393,
  "p99_e2el": 123.50754783027806
}