{
  "hw": "h100",
  "tp": 4,
  "conc": 64,
  "model": "openai/gpt-oss-120b",
  "framework": "vllm",
  "precision": "fp4",
  "tput_per_gpu": 2612.5886193050183,
  "output_tput_per_gpu": 1305.9998868263426,
  "mean_ttft": 0.10988754096033518,
  "median_ttft": 0.05073785735294223,
  "std_ttft": 0.18916973321804947,
  "p99_ttft": 0.993842851202935,
  "mean_tpot": 0.011834338106113547,
  "mean_intvty": 84.49986733803102,
  "median_tpot": 0.011948271787238772,
  "median_intvty": 83.69411223705504,
  "std_tpot": 0.0005003528295908467,
  "std_intvty": 1998.5896768440973,
  "p99_tpot": 0.012408966057626484,
  "p99_intvty": 80.58689139417908,
  "mean_itl": 0.011840920939018423,
  "median_itl": 0.01060244720429182,
  "std_itl": 0.005868878041103343,
  "p99_itl": 0.03803309202194214,
  "mean_e2el": 11.01317392558849,
  "median_e2el": 11.043099818751216,
  "std_e2el": 0.9041685417118781,
  "p99_e2el": 12.719593713646756
}