{
  "hw": "mi300x",
  "tp": 2,
  "conc": 16,
  "model": "openai/gpt-oss-120b",
  "framework": "vllm",
  "precision": "fp4",
  "tput_per_gpu": 5057.80091144793,
  "output_tput_per_gpu": 560.4366966333206,
  "mean_ttft": 0.587517835519975,
  "median_ttft": 0.24290714133530855,
  "std_ttft": 0.9716966919325877,
  "p99_ttft": 4.593530163802203,
  "mean_tpot": 0.013298585856001124,
  "mean_intvty": 75.19596525736905,
  "median_tpot": 0.013305589438150058,
  "median_intvty": 75.15638481469897,
  "std_tpot": 0.0011005974395674953,
  "std_intvty": 908.5974254064889,
  "p99_tpot": 0.01586407433314315,
  "p99_intvty": 63.03550897456429,
  "mean_itl": 0.013312536998175048,
  "median_itl": 0.010155908763408661,
  "std_itl": 0.029021066192853395,
  "p99_itl": 0.1935806889086962,
  "mean_e2el": 12.757339767756639,
  "median_e2el": 12.686422338243574,
  "std_e2el": 1.6304818749387389,
  "p99_e2el": 17.00300486754626
}