{
  "hw": "mi300x",
  "tp": 2,
  "conc": 64,
  "model": "amd/Llama-3.3-70B-Instruct-FP8-KV",
  "framework": "vllm",
  "precision": "fp8",
  "tput_per_gpu": 1053.5217499735268,
  "output_tput_per_gpu": 936.5811137003849,
  "mean_ttft": 0.8482702036373666,
  "median_ttft": 0.2371462844312191,
  "std_ttft": 1.8509328014814501,
  "p99_ttft": 6.503149250298739,
  "mean_tpot": 0.033108326739714644,
  "mean_intvty": 30.203882179296716,
  "median_tpot": 0.033294329996453986,
  "median_intvty": 30.035144125336206,
  "std_tpot": 0.0009018483907156056,
  "std_intvty": 1108.8338242822747,
  "p99_tpot": 0.034349830488816034,
  "p99_intvty": 29.11222517751842,
  "mean_itl": 0.0331142736963824,
  "median_itl": 0.03223589342087507,
  "std_itl": 0.012732204746494108,
  "p99_itl": 0.03663285952061415,
  "mean_e2el": 245.40266586234938,
  "median_e2el": 244.9137262860313,
  "std_e2el": 17.562693832743058,
  "p99_e2el": 278.7249370877445
}