{
  "hw": "mi300x",
  "tp": 8,
  "conc": 64,
  "model": "openai/gpt-oss-120b",
  "framework": "vllm",
  "precision": "fp4",
  "tput_per_gpu": 1332.5221833598025,
  "output_tput_per_gpu": 666.1109245451846,
  "mean_ttft": 0.23610956854863616,
  "median_ttft": 0.10143395402701572,
  "std_ttft": 0.4280436780866187,
  "p99_ttft": 1.6250689732225145,
  "mean_tpot": 0.0114567435968188,
  "mean_intvty": 87.28483722701715,
  "median_tpot": 0.01129230520131217,
  "median_intvty": 88.55587784536674,
  "std_tpot": 0.001216966451637219,
  "std_intvty": 821.7153387052471,
  "p99_tpot": 0.015380300625280514,
  "p99_intvty": 65.01823497235844,
  "mean_itl": 0.011478838424158195,
  "median_itl": 0.00904214708134532,
  "std_itl": 0.025823104190779444,
  "p99_itl": 0.07616521618328989,
  "mean_e2el": 10.805985269734084,
  "median_e2el": 10.537938223511446,
  "std_e2el": 1.7331977068463256,
  "p99_e2el": 16.66902107420145
}