{
  "hw": "mi300x",
  "tp": 8,
  "conc": 8,
  "model": "deepseek-ai/DeepSeek-R1-0528",
  "framework": "sglang",
  "precision": "fp8",
  "tput_per_gpu": 298.39831472074655,
  "output_tput_per_gpu": 33.545003434704114,
  "mean_ttft": 0.9468708306550979,
  "median_ttft": 0.5546683552674949,
  "std_ttft": 1.2034731080262944,
  "p99_ttft": 4.823717732168734,
  "mean_tpot": 0.028284270525617283,
  "mean_intvty": 35.35533996163317,
  "median_tpot": 0.028447985372362004,
  "median_intvty": 35.15187409269154,
  "std_tpot": 0.0011387359459396542,
  "std_intvty": 878.1667106985254,
  "p99_tpot": 0.03033230685426366,
  "p99_intvty": 32.96814860817073,
  "mean_itl": 0.028320913873351547,
  "median_itl": 0.02501977514475584,
  "std_itl": 0.032581732886970735,
  "p99_itl": 0.19751778345555066,
  "mean_e2el": 27.137697590736206,
  "median_e2el": 27.054125308059156,
  "std_e2el": 2.6154594954134827,
  "p99_e2el": 33.83047861807047
}