{
  "hw": "mi300x",
  "tp": 8,
  "conc": 32,
  "model": "deepseek-ai/DeepSeek-R1-0528",
  "framework": "sglang",
  "precision": "fp8",
  "tput_per_gpu": 641.010333579021,
  "output_tput_per_gpu": 71.68279012277826,
  "mean_ttft": 1.872374420316919,
  "median_ttft": 0.5695027629844844,
  "std_ttft": 3.8550420193294452,
  "p99_ttft": 16.09720358415856,
  "mean_tpot": 0.052505184688103876,
  "mean_intvty": 19.045738167388457,
  "median_tpot": 0.05393360176430664,
  "median_intvty": 18.541316865320162,
  "std_tpot": 0.004552830929552872,
  "std_intvty": 219.64356143974112,
  "p99_tpot": 0.059369470245902965,
  "p99_intvty": 16.843673960001507,
  "mean_itl": 0.0525741047086168,
  "median_itl": 0.03824948891997337,
  "std_itl": 0.0790245822360274,
  "p99_itl": 0.356813467296295,
  "mean_e2el": 50.47434081346728,
  "median_e2el": 50.31431415601401,
  "std_e2el": 6.087964559790233,
  "p99_e2el": 66.90249135057093
}