{
  "hw": "mi300x",
  "tp": 8,
  "conc": 4,
  "model": "deepseek-ai/DeepSeek-R1-0528",
  "framework": "sglang",
  "precision": "fp8",
  "tput_per_gpu": 44.87095040671025,
  "output_tput_per_gpu": 22.326303841033475,
  "mean_ttft": 0.24505145158618688,
  "median_ttft": 0.17510002572089434,
  "std_ttft": 0.2445022044667968,
  "p99_ttft": 1.1042948841676117,
  "mean_tpot": 0.02142565427260043,
  "mean_intvty": 46.67302044908009,
  "median_tpot": 0.021450917130824466,
  "median_intvty": 46.61805338677214,
  "std_tpot": 0.0002180896116633918,
  "std_intvty": 4585.271129481582,
  "p99_tpot": 0.02205982140671481,
  "p99_intvty": 45.331282677366055,
  "mean_itl": 0.021429768465918545,
  "median_itl": 0.021010933443903923,
  "std_itl": 0.00839808695383121,
  "p99_itl": 0.02150131456553936,
  "mean_e2el": 19.89025552456733,
  "median_e2el": 20.01676119817421,
  "std_e2el": 1.3977218794319237,
  "p99_e2el": 22.66771768808365
}