{
  "hw": "h100",
  "tp": 8,
  "conc": 32,
  "model": "openai/gpt-oss-120b",
  "framework": "vllm",
  "precision": "fp4",
  "tput_per_gpu": 1057.327942812354,
  "output_tput_per_gpu": 529.5014471795063,
  "mean_ttft": 0.06020105284987949,
  "median_ttft": 0.034495632629841566,
  "std_ttft": 0.07345265207236085,
  "p99_ttft": 0.390340239405632,
  "mean_tpot": 0.007302592279200409,
  "mean_intvty": 136.9376738789385,
  "median_tpot": 0.007355121433242089,
  "median_intvty": 135.95968592447923,
  "std_tpot": 0.00018805186027438087,
  "std_intvty": 5317.682040161314,
  "p99_tpot": 0.007510457203919416,
  "p99_intvty": 133.14768633234988,
  "mean_itl": 0.007304558114863638,
  "median_itl": 0.00688016414642334,
  "std_itl": 0.0028207210639555674,
  "p99_itl": 0.02073428872972727,
  "mean_e2el": 6.800048218481242,
  "median_e2el": 6.808859317097813,
  "std_e2el": 0.4880434138647091,
  "p99_e2el": 7.7805325185321275
}