{
  "hw": "mi300x",
  "tp": 8,
  "conc": 16,
  "model": "amd/Llama-3.3-70B-Instruct-FP8-KV",
  "framework": "vllm",
  "precision": "fp8",
  "tput_per_gpu": 221.95961084068563,
  "output_tput_per_gpu": 197.21672069690186,
  "mean_ttft": 0.19150330732809379,
  "median_ttft": 0.12399444589391351,
  "std_ttft": 0.21790822767427487,
  "p99_ttft": 0.8877915459964424,
  "mean_tpot": 0.009843811225798343,
  "mean_intvty": 101.5866697422267,
  "median_tpot": 0.009870328911955575,
  "median_intvty": 101.31374637259918,
  "std_tpot": 8.819169349570987e-05,
  "std_intvty": 11338.936359677065,
  "p99_tpot": 0.009932756213573911,
  "p99_intvty": 100.67699020272131,
  "mean_itl": 0.009844580781170674,
  "median_itl": 0.009742029011249542,
  "std_itl": 0.003350721611672066,
  "p99_itl": 0.010062691010534764,
  "mean_e2el": 72.81472925385461,
  "median_e2el": 73.00827840482816,
  "std_e2el": 4.939770499700064,
  "p99_e2el": 80.87491557305678
}