{
  "hw": "mi300x",
  "tp": 4,
  "conc": 64,
  "model": "openai/gpt-oss-120b",
  "framework": "vllm",
  "precision": "fp4",
  "tput_per_gpu": 7297.066662451684,
  "output_tput_per_gpu": 809.545862117562,
  "mean_ttft": 0.8307300173750264,
  "median_ttft": 0.29953153198584914,
  "std_ttft": 1.6654779391002128,
  "p99_ttft": 8.286938616447152,
  "mean_tpot": 0.01855151073232279,
  "mean_intvty": 53.90396579711826,
  "median_tpot": 0.01880380634360537,
  "median_intvty": 53.180722122256434,
  "std_tpot": 0.0021667348790995566,
  "std_intvty": 461.5239315368275,
  "p99_tpot": 0.02391984630401236,
  "p99_intvty": 41.80628868975041,
  "mean_itl": 0.018608636459587696,
  "median_itl": 0.010998996905982494,
  "std_itl": 0.03404110153420295,
  "p99_itl": 0.13363172157667577,
  "mean_e2el": 17.950500741829455,
  "median_e2el": 17.750437261071056,
  "std_e2el": 3.205080598286722,
  "p99_e2el": 28.222562182527042
}