{
  "hw": "mi300x",
  "tp": 1,
  "conc": 4,
  "model": "openai/gpt-oss-120b",
  "framework": "vllm",
  "precision": "fp4",
  "tput_per_gpu": 3456.181745265993,
  "output_tput_per_gpu": 384.4728631409979,
  "mean_ttft": 0.4884560197737301,
  "median_ttft": 0.3315126794623211,
  "std_ttft": 0.3989168556505562,
  "p99_ttft": 1.8787848403770475,
  "mean_tpot": 0.009675204080548816,
  "mean_intvty": 103.35699295588151,
  "median_tpot": 0.009628013977585162,
  "median_intvty": 103.86357999978867,
  "std_tpot": 0.0005359966879889963,
  "std_intvty": 1865.6831700805758,
  "p99_tpot": 0.011001103034820202,
  "p99_intvty": 90.8999758328637,
  "mean_itl": 0.009671992004575306,
  "median_itl": 0.008777102921158075,
  "std_itl": 0.019553422534604646,
  "p99_itl": 0.009357783012092113,
  "mean_e2el": 9.378225433378248,
  "median_e2el": 9.240681368974037,
  "std_e2el": 0.8960159969501061,
  "p99_e2el": 12.01558132816921
}