{
  "hw": "h100",
  "tp": 2,
  "conc": 32,
  "model": "nvidia/Llama-3.3-70B-Instruct-FP8",
  "framework": "vllm",
  "precision": "fp8",
  "tput_per_gpu": 631.9902343591682,
  "output_tput_per_gpu": 562.1887514681134,
  "mean_ttft": 0.2830769511521794,
  "median_ttft": 0.1289134225808084,
  "std_ttft": 0.49160397478752627,
  "p99_ttft": 2.4126457158196724,
  "mean_tpot": 0.027706609105370393,
  "mean_intvty": 36.092471518146525,
  "median_tpot": 0.02784897399680545,
  "median_intvty": 35.90796559021204,
  "std_tpot": 0.000577916291475965,
  "std_intvty": 1730.354403829069,
  "p99_tpot": 0.028457865543226015,
  "p99_intvty": 35.13966985616163,
  "mean_itl": 0.02771123665665041,
  "median_itl": 0.02745723258703947,
  "std_itl": 0.01138522358992305,
  "p99_itl": 0.032296853791922334,
  "mean_e2el": 205.76111722549248,
  "median_e2el": 206.8999245944433,
  "std_e2el": 13.794647540582309,
  "p99_e2el": 229.14510782589204
}