{
  "hw": "mi300x",
  "tp": 1,
  "conc": 8,
  "model": "openai/gpt-oss-120b",
  "framework": "vllm",
  "precision": "fp4",
  "tput_per_gpu": 5353.263357407625,
  "output_tput_per_gpu": 601.7970908420457,
  "mean_ttft": 0.5750187558529433,
  "median_ttft": 0.3413411150686443,
  "std_ttft": 0.6462860019333015,
  "p99_ttft": 3.189836460845539,
  "mean_tpot": 0.012485674079397298,
  "mean_intvty": 80.09179109120807,
  "median_tpot": 0.012523853235108327,
  "median_intvty": 79.84763005659339,
  "std_tpot": 0.0007878839557645031,
  "std_intvty": 1269.2224440967013,
  "p99_tpot": 0.014114951651055373,
  "p99_intvty": 70.84685974997514,
  "mean_itl": 0.01251053632323857,
  "median_itl": 0.010390550829470158,
  "std_itl": 0.027182579224524862,
  "p99_itl": 0.011868350747972727,
  "mean_e2el": 12.145544469589368,
  "median_e2el": 12.056035859044641,
  "std_e2el": 1.4538021199636533,
  "p99_e2el": 16.310409544953142
}