{
  "hw": "h100",
  "tp": 2,
  "conc": 4,
  "model": "openai/gpt-oss-120b",
  "framework": "vllm",
  "precision": "fp4",
  "tput_per_gpu": 619.8504943055189,
  "output_tput_per_gpu": 308.4171462035769,
  "mean_ttft": 0.05447265750262886,
  "median_ttft": 0.05072249565273523,
  "std_ttft": 0.01764756922067301,
  "p99_ttft": 0.11434633249416948,
  "mean_tpot": 0.006248562887418955,
  "mean_intvty": 160.03679854345873,
  "median_tpot": 0.006260478907006321,
  "median_intvty": 159.73218899928966,
  "std_tpot": 0.00013829492542490193,
  "std_intvty": 7230.923310653422,
  "p99_tpot": 0.006409379433425119,
  "p99_intvty": 156.02134502834517,
  "mean_itl": 0.0062479353038073825,
  "median_itl": 0.006193000823259354,
  "std_itl": 0.0018024741310817228,
  "p99_itl": 0.006457936502993106,
  "mean_e2el": 5.782111009932123,
  "median_e2el": 5.813602813985199,
  "std_e2el": 0.4058305692405921,
  "p99_e2el": 6.500384811582044
}