{
  "hw": "mi300x",
  "tp": 8,
  "conc": 8,
  "model": "deepseek-ai/DeepSeek-R1-0528",
  "framework": "sglang",
  "precision": "fp8",
  "tput_per_gpu": 45.87086800624534,
  "output_tput_per_gpu": 40.761978848967125,
  "mean_ttft": 0.2225697441434022,
  "median_ttft": 0.14852124685421586,
  "std_ttft": 0.2639614555430757,
  "p99_ttft": 1.2377428285591305,
  "mean_tpot": 0.02383268164921174,
  "mean_intvty": 41.95918926450623,
  "median_tpot": 0.023856436955763758,
  "median_intvty": 41.917407945464305,
  "std_tpot": 8.639017005430529e-05,
  "std_intvty": 11575.391035477707,
  "p99_tpot": 0.023935599192204945,
  "p99_intvty": 41.77877445097209,
  "mean_itl": 0.023833577384091108,
  "median_itl": 0.02378924749791622,
  "std_itl": 0.003622421885772528,
  "p99_itl": 0.024400738272815945,
  "mean_e2el": 175.56619836033207,
  "median_e2el": 175.93421995756216,
  "std_e2el": 10.950545323542695,
  "p99_e2el": 195.45368489723185
}