{
  "hw": "mi300x",
  "tp": 8,
  "conc": 16,
  "model": "openai/gpt-oss-120b",
  "framework": "vllm",
  "precision": "fp4",
  "tput_per_gpu": 559.5962572001781,
  "output_tput_per_gpu": 278.31674049159227,
  "mean_ttft": 0.23174378073308616,
  "median_ttft": 0.042935879435390234,
  "std_ttft": 0.5985322634633156,
  "p99_ttft": 2.856343064662069,
  "mean_tpot": 0.006799338378570846,
  "mean_intvty": 147.07313334362837,
  "median_tpot": 0.0066440262494598815,
  "median_intvty": 150.5111452684724,
  "std_tpot": 0.0006442591402662435,
  "std_intvty": 1552.1704505220441,
  "p99_tpot": 0.009140873915555665,
  "p99_intvty": 109.39873027875706,
  "mean_itl": 0.00679543913920112,
  "median_itl": 0.006228543817996979,
  "std_itl": 0.01753783411369068,
  "p99_itl": 0.024019463919103142,
  "mean_e2el": 6.448848438006825,
  "median_e2el": 6.266730119008571,
  "std_e2el": 1.0147688903656984,
  "p99_e2el": 10.07978781520389
}