{
  "hw": "mi300x",
  "tp": 4,
  "conc": 32,
  "model": "amd/Llama-3.3-70B-Instruct-FP8-KV",
  "framework": "vllm",
  "precision": "fp8",
  "tput_per_gpu": 592.6265477878028,
  "output_tput_per_gpu": 527.1726695674533,
  "mean_ttft": 0.2848685553894029,
  "median_ttft": 0.1219356614165008,
  "std_ttft": 0.5015541067109288,
  "p99_ttft": 1.8714212762610987,
  "mean_tpot": 0.014749330865768063,
  "mean_intvty": 67.79968590445785,
  "median_tpot": 0.014803406837323271,
  "median_intvty": 67.55201765304037,
  "std_tpot": 0.00017779264689366125,
  "std_intvty": 5624.529571226337,
  "p99_tpot": 0.01493173211450271,
  "p99_intvty": 66.97146669465977,
  "mean_itl": 0.014751665149866446,
  "median_itl": 0.014492074958980083,
  "std_itl": 0.005083839186275245,
  "p99_itl": 0.015523425024002791,
  "mean_e2el": 109.66805059695034,
  "median_e2el": 110.07740129437298,
  "std_e2el": 7.103059137129592,
  "p99_e2el": 121.43737162638456
}