{
  "hw": "mi300x",
  "tp": 8,
  "conc": 8,
  "model": "openai/gpt-oss-120b",
  "framework": "vllm",
  "precision": "fp4",
  "tput_per_gpu": 1373.2778309830708,
  "output_tput_per_gpu": 154.37959024748903,
  "mean_ttft": 0.28564926902763543,
  "median_ttft": 0.13133734150324017,
  "std_ttft": 0.38046541945794876,
  "p99_ttft": 1.6320473874092554,
  "mean_tpot": 0.006057350202308712,
  "mean_intvty": 165.08868838702077,
  "median_tpot": 0.005977148132602152,
  "median_intvty": 167.3038676330496,
  "std_tpot": 0.0004022955456293903,
  "std_intvty": 2485.734706397265,
  "p99_tpot": 0.007115921321465108,
  "p99_intvty": 140.52994051290443,
  "mean_itl": 0.00607070511883456,
  "median_itl": 0.005281321005895734,
  "std_itl": 0.013517114047446616,
  "p99_itl": 0.006178462202660733,
  "mean_e2el": 5.8980918408196885,
  "median_e2el": 5.792776182992384,
  "std_e2el": 0.7925360157047907,
  "p99_e2el": 8.28239470039727
}