{
  "hw": "h200-trt",
  "tp": 8,
  "conc": 64,
  "model": "deepseek-ai/DeepSeek-R1-0528",
  "framework": "trt",
  "precision": "fp8",
  "tput_per_gpu": 463.98167381027497,
  "output_tput_per_gpu": 231.93854899624776,
  "mean_ttft": 0.5806656024782569,
  "median_ttft": 0.1397149977274239,
  "std_ttft": 1.3581156973914763,
  "p99_ttft": 6.563356662038715,
  "mean_tpot": 0.03302782565121141,
  "mean_intvty": 30.277500267818013,
  "median_tpot": 0.03325008629674862,
  "median_intvty": 30.075109913257148,
  "std_tpot": 0.0013360512600685754,
  "std_intvty": 748.4742763153212,
  "p99_tpot": 0.035971911454865016,
  "p99_intvty": 27.799467961404513,
  "mean_itl": 0.3285698875626849,
  "median_itl": 0.30203816294670105,
  "std_itl": 0.07914708155887756,
  "p99_itl": 0.5414624377340078,
  "mean_e2el": 31.012911118223563,
  "median_e2el": 30.931903028860688,
  "std_e2el": 2.99826242781144,
  "p99_e2el": 39.838780901944276
}