{
  "hw": "b200-trt",
  "tp": 8,
  "conc": 64,
  "model": "nvidia/DeepSeek-R1-0528-FP4-v2",
  "framework": "trt",
  "precision": "fp4",
  "tput_per_gpu": 805.2635292367162,
  "output_tput_per_gpu": 402.54101632284204,
  "mean_ttft": 0.4710223342864083,
  "median_ttft": 0.10742083049262874,
  "std_ttft": 1.117915522545081,
  "p99_ttft": 5.7305926118011135,
  "mean_tpot": 0.01887297445213473,
  "mean_intvty": 52.98581855955883,
  "median_tpot": 0.019107601439072815,
  "median_intvty": 52.335192524746546,
  "std_tpot": 0.001226210243375153,
  "std_intvty": 815.5208337254567,
  "p99_tpot": 0.02157968713997621,
  "p99_intvty": 46.339874786576836,
  "mean_itl": 0.18787395489990966,
  "median_itl": 0.14843606000067666,
  "std_itl": 0.08285327129243099,
  "p99_itl": 0.4888227633503265,
  "mean_e2el": 17.871966565983804,
  "median_e2el": 17.837421219534008,
  "std_e2el": 2.1474088598704446,
  "p99_e2el": 24.38627974511183
}