{
  "hw": "mi300x",
  "tp": 2,
  "conc": 64,
  "model": "openai/gpt-oss-120b",
  "framework": "vllm",
  "precision": "fp4",
  "tput_per_gpu": 9040.001711469296,
  "output_tput_per_gpu": 1002.9092945954848,
  "mean_ttft": 1.1372776474352577,
  "median_ttft": 0.2953508938662708,
  "std_ttft": 2.50394274911217,
  "p99_ttft": 12.584551681010055,
  "mean_tpot": 0.030245774043694457,
  "mean_intvty": 33.06247010095868,
  "median_tpot": 0.03110289694803428,
  "median_intvty": 32.15134595567634,
  "std_tpot": 0.003471952676175655,
  "std_intvty": 288.02235896299624,
  "p99_tpot": 0.03590920669263044,
  "p99_intvty": 27.848011474038707,
  "mean_itl": 0.030302297319687685,
  "median_itl": 0.017929324880242348,
  "std_itl": 0.05065689792339141,
  "p99_itl": 0.22265212332829834,
  "mean_e2el": 29.038449187661172,
  "median_e2el": 29.14745823899284,
  "std_e2el": 4.520959820199218,
  "p99_e2el": 42.20171288550833
}