{
  "hw": "h200",
  "tp": 2,
  "conc": 8,
  "model": "openai/gpt-oss-120b",
  "framework": "vllm",
  "precision": "fp4",
  "tput_per_gpu": 1197.1048588982906,
  "output_tput_per_gpu": 600.7711912822451,
  "mean_ttft": 0.0716209318721667,
  "median_ttft": 0.056294368114322424,
  "std_ttft": 0.04818497976021033,
  "p99_ttft": 0.22718199173919856,
  "mean_tpot": 0.006458379938149819,
  "mean_intvty": 154.8375923337947,
  "median_tpot": 0.006472342489011828,
  "median_intvty": 154.5035667840062,
  "std_tpot": 0.00022533766645237285,
  "std_intvty": 4437.784484696254,
  "p99_tpot": 0.0069086627673562145,
  "p99_intvty": 144.74581169673692,
  "mean_itl": 0.006459888258099811,
  "median_itl": 0.006268316879868507,
  "std_itl": 0.0026381608678815284,
  "p99_itl": 0.007198816863819957,
  "mean_e2el": 6.066881602758076,
  "median_e2el": 6.085668892599642,
  "std_e2el": 0.4485550572066845,
  "p99_e2el": 6.911132144797593
}