{
  "hw": "mi300x",
  "tp": 8,
  "conc": 16,
  "model": "openai/gpt-oss-120b",
  "framework": "vllm",
  "precision": "fp4",
  "tput_per_gpu": 2271.459178894168,
  "output_tput_per_gpu": 251.69220794664488,
  "mean_ttft": 0.3625894918804988,
  "median_ttft": 0.15020328667014837,
  "std_ttft": 0.5614354089006688,
  "p99_ttft": 2.4964980834629356,
  "mean_tpot": 0.007329519138385162,
  "mean_intvty": 136.43459838489755,
  "median_tpot": 0.007089579813763049,
  "median_intvty": 141.05208295401277,
  "std_tpot": 0.0009326111258712231,
  "std_intvty": 1072.2582781390515,
  "p99_tpot": 0.01001956881925089,
  "p99_intvty": 99.80469399827572,
  "mean_itl": 0.007334871838186504,
  "median_itl": 0.005631301552057266,
  "std_itl": 0.022162113337713504,
  "p99_itl": 0.08726734807714821,
  "mean_e2el": 7.064415675814962,
  "median_e2el": 6.834800549782813,
  "std_e2el": 1.2592843425226976,
  "p99_e2el": 10.698874629652126
}