{
  "hw": "h100",
  "tp": 2,
  "conc": 16,
  "model": "nvidia/Llama-3.3-70B-Instruct-FP8",
  "framework": "vllm",
  "precision": "fp8",
  "tput_per_gpu": 394.6993634867169,
  "output_tput_per_gpu": 350.7003541463064,
  "mean_ttft": 0.19680515028885565,
  "median_ttft": 0.12029757304117084,
  "std_ttft": 0.2485591953359772,
  "p99_ttft": 1.2005543790757656,
  "mean_tpot": 0.022167760284570275,
  "mean_intvty": 45.110556373890574,
  "median_tpot": 0.02226262974435728,
  "median_intvty": 44.918323283594184,
  "std_tpot": 0.00036479241109289276,
  "std_intvty": 2741.285096924219,
  "p99_tpot": 0.022582706274831197,
  "p99_intvty": 44.28167234830117,
  "mean_itl": 0.02216882908385661,
  "median_itl": 0.02218147460371256,
  "std_itl": 0.003807589374676523,
  "p99_itl": 0.024901634175330402,
  "mean_e2el": 163.7357029533072,
  "median_e2el": 165.27900918386877,
  "std_e2el": 11.238277345566146,
  "p99_e2el": 183.10774055503308
}