{
  "hw": "h100",
  "tp": 2,
  "conc": 8,
  "model": "openai/gpt-oss-120b",
  "framework": "vllm",
  "precision": "fp4",
  "tput_per_gpu": 3912.2734410278495,
  "output_tput_per_gpu": 439.8055201471164,
  "mean_ttft": 0.29396522673778236,
  "median_ttft": 0.2242835434153676,
  "std_ttft": 0.22244736317634795,
  "p99_ttft": 1.3313836025819177,
  "mean_tpot": 0.008640983095418279,
  "mean_intvty": 115.72757277238878,
  "median_tpot": 0.008728610123595687,
  "median_intvty": 114.56577689233042,
  "std_tpot": 0.00044732943998482,
  "std_intvty": 2235.4889050761667,
  "p99_tpot": 0.009292874364123552,
  "p99_intvty": 107.60933171125616,
  "mean_itl": 0.008655364156813287,
  "median_itl": 0.007347878068685532,
  "std_itl": 0.01570663274610595,
  "p99_itl": 0.00890499372035265,
  "mean_e2el": 8.29822945543565,
  "median_e2el": 8.237846625503153,
  "std_e2el": 0.7970867235305525,
  "p99_e2el": 9.895928785083814
}