{
  "hw": "mi300x",
  "tp": 8,
  "conc": 64,
  "model": "deepseek-ai/DeepSeek-R1-0528",
  "framework": "sglang",
  "precision": "fp8",
  "tput_per_gpu": 366.9784148059804,
  "output_tput_per_gpu": 183.4478511706194,
  "mean_ttft": 0.502994090627908,
  "median_ttft": 0.18840438197366893,
  "std_ttft": 0.8844440171956807,
  "p99_ttft": 3.627356409309432,
  "mean_tpot": 0.041880868740707525,
  "mean_intvty": 23.877250641365425,
  "median_tpot": 0.04285058005128111,
  "median_intvty": 23.33690696376239,
  "std_tpot": 0.0025924076873818608,
  "std_intvty": 385.7417970434757,
  "p99_tpot": 0.044773740364691374,
  "p99_intvty": 22.33452000781693,
  "mean_itl": 0.041910869192247686,
  "median_itl": 0.03554329834878445,
  "std_itl": 0.02878558640699943,
  "p99_itl": 0.15766522632911822,
  "mean_e2el": 39.095111649709,
  "median_e2el": 39.41279648663476,
  "std_e2el": 3.466405054423765,
  "p99_e2el": 45.45646711057984
}