{
  "hw": "mi325x",
  "tp": 1,
  "conc": 16,
  "model": "openai/gpt-oss-120b",
  "framework": "vllm",
  "precision": "fp4",
  "tput_per_gpu": 8279.968328602361,
  "output_tput_per_gpu": 917.4734592275572,
  "mean_ttft": 0.6401647809194401,
  "median_ttft": 0.32604460744187236,
  "std_ttft": 0.8985710504360298,
  "p99_ttft": 4.538953262246211,
  "mean_tpot": 0.01636664574000962,
  "mean_intvty": 61.09987445719664,
  "median_tpot": 0.01640377249542478,
  "median_intvty": 60.96158674956706,
  "std_tpot": 0.0013510250410666924,
  "std_intvty": 740.1787306699046,
  "p99_tpot": 0.019565677812449424,
  "p99_intvty": 51.10990836022615,
  "mean_itl": 0.01638800013397657,
  "median_itl": 0.01246500015258789,
  "std_itl": 0.03292213500128956,
  "p99_itl": 0.24943376804236322,
  "mean_e2el": 15.616952903504716,
  "median_e2el": 15.51241083885543,
  "std_e2el": 1.9203538548807375,
  "p99_e2el": 20.680934764561243
}