{
  "hw": "h200",
  "tp": 4,
  "conc": 16,
  "model": "openai/gpt-oss-120b",
  "framework": "vllm",
  "precision": "fp4",
  "tput_per_gpu": 4539.25955441599,
  "output_tput_per_gpu": 502.978997073623,
  "mean_ttft": 0.26018663169816136,
  "median_ttft": 0.15089140785858035,
  "std_ttft": 0.33254657081911493,
  "p99_ttft": 1.7463496764190491,
  "mean_tpot": 0.0074615334326126066,
  "mean_intvty": 134.02070888394542,
  "median_tpot": 0.007579508352347754,
  "median_intvty": 131.93467880937817,
  "std_tpot": 0.0005281001291721385,
  "std_intvty": 1893.5802980537467,
  "p99_tpot": 0.008478082970396417,
  "p99_intvty": 117.95119291610825,
  "mean_itl": 0.00747205317420366,
  "median_itl": 0.005794425494968891,
  "std_itl": 0.01357671661169661,
  "p99_itl": 0.11314415293745697,
  "mean_e2el": 7.089456304983469,
  "median_e2el": 7.09187819249928,
  "std_e2el": 0.7520978357763554,
  "p99_e2el": 8.762546734809876
}