{
  "hw": "mi300x",
  "tp": 4,
  "conc": 64,
  "model": "amd/Llama-3.3-70B-Instruct-FP8-KV",
  "framework": "vllm",
  "precision": "fp8",
  "tput_per_gpu": 854.3847568116428,
  "output_tput_per_gpu": 759.5482742367575,
  "mean_ttft": 0.5105299279934116,
  "median_ttft": 0.14281109248986468,
  "std_ttft": 1.1092752573532014,
  "p99_ttft": 3.8992825752007776,
  "mean_tpot": 0.020392017008130033,
  "mean_intvty": 49.038797859050085,
  "median_tpot": 0.02053341491723608,
  "median_intvty": 48.70110520002125,
  "std_tpot": 0.0004574354890175098,
  "std_intvty": 2186.1006065528986,
  "p99_tpot": 0.020848441645800277,
  "p99_intvty": 47.9652156736348,
  "mean_itl": 0.02039502134489192,
  "median_itl": 0.01976578455651179,
  "std_itl": 0.007541863094943705,
  "p99_itl": 0.022086984844645486,
  "mean_e2el": 151.13114034581795,
  "median_e2el": 150.42170178104425,
  "std_e2el": 10.517975430575117,
  "p99_e2el": 169.83682899138074
}