{
  "hw": "mi300x",
  "tp": 8,
  "conc": 32,
  "model": "openai/gpt-oss-120b",
  "framework": "vllm",
  "precision": "fp4",
  "tput_per_gpu": 3156.642687896366,
  "output_tput_per_gpu": 353.00047976712284,
  "mean_ttft": 0.4808073087944649,
  "median_ttft": 0.1393421869724989,
  "std_ttft": 0.9718592014917457,
  "p99_ttft": 4.539702197015285,
  "mean_tpot": 0.010537862862370259,
  "mean_intvty": 94.89590185984562,
  "median_tpot": 0.0105314515447433,
  "median_intvty": 94.95367241177148,
  "std_tpot": 0.0010742509776343718,
  "std_intvty": 930.8811635453371,
  "p99_tpot": 0.013244949380155616,
  "p99_intvty": 75.50047729878534,
  "mean_itl": 0.010560587758131726,
  "median_itl": 0.007501371204853058,
  "std_itl": 0.02274623788237996,
  "p99_itl": 0.09953070492483675,
  "mean_e2el": 10.2415624051122,
  "median_e2el": 10.098658751696348,
  "std_e2el": 1.6474930739910973,
  "p99_e2el": 15.987121234582737
}