{
  "hw": "mi300x",
  "tp": 8,
  "conc": 16,
  "model": "deepseek-ai/DeepSeek-R1-0528",
  "framework": "sglang",
  "precision": "fp8",
  "tput_per_gpu": 505.3822224468891,
  "output_tput_per_gpu": 55.99958326636804,
  "mean_ttft": 1.3369526560767553,
  "median_ttft": 0.5661811246536672,
  "std_ttft": 2.288861107764058,
  "p99_ttft": 8.448744257371873,
  "mean_tpot": 0.033152784114969136,
  "mean_intvty": 30.163379236330268,
  "median_tpot": 0.03376282612230204,
  "median_intvty": 29.618373662726352,
  "std_tpot": 0.002316779018747781,
  "std_intvty": 431.63374318734117,
  "p99_tpot": 0.03606937964642612,
  "p99_intvty": 27.724347072298023,
  "mean_itl": 0.033482958338163005,
  "median_itl": 0.02651767712086439,
  "std_itl": 0.0476655813629081,
  "p99_itl": 0.29633385099470616,
  "mean_e2el": 31.69615974899498,
  "median_e2el": 31.70941985026002,
  "std_e2el": 3.2600790899953243,
  "p99_e2el": 39.04566362841986
}