{
  "hw": "mi300x",
  "tp": 8,
  "conc": 4,
  "model": "deepseek-ai/DeepSeek-R1-0528",
  "framework": "sglang",
  "precision": "fp8",
  "tput_per_gpu": 175.80715030793095,
  "output_tput_per_gpu": 19.557153940800045,
  "mean_ttft": 0.7068065795581788,
  "median_ttft": 0.5422671954147518,
  "std_ttft": 0.5881442463807515,
  "p99_ttft": 2.7704216711688785,
  "mean_tpot": 0.024182110972873906,
  "mean_intvty": 41.35288276204431,
  "median_tpot": 0.024196937435272,
  "median_intvty": 41.327544143759894,
  "std_tpot": 0.0006276408432897162,
  "std_intvty": 1593.2678867082657,
  "p99_tpot": 0.026237922921904255,
  "p99_intvty": 38.11277298803131,
  "mean_itl": 0.024189702875232793,
  "median_itl": 0.02265318064019084,
  "std_itl": 0.02093680685693948,
  "p99_itl": 0.023900595977902412,
  "mean_e2el": 22.940166755160316,
  "median_e2el": 22.617081691045314,
  "std_e2el": 1.817075989152023,
  "p99_e2el": 27.760751811722294
}