{
  "hw": "mi300x",
  "tp": 4,
  "conc": 4,
  "model": "amd/Llama-3.3-70B-Instruct-FP8-KV",
  "framework": "vllm",
  "precision": "fp8",
  "tput_per_gpu": 101.80448795250898,
  "output_tput_per_gpu": 90.2835331076804,
  "mean_ttft": 0.14509342733072117,
  "median_ttft": 0.10775681189261377,
  "std_ttft": 0.10677594443756327,
  "p99_ttft": 0.4976368418009951,
  "mean_tpot": 0.010880191360004584,
  "mean_intvty": 91.91014816853172,
  "median_tpot": 0.010892246451040075,
  "median_intvty": 91.80842579122073,
  "std_tpot": 3.427661492855077e-05,
  "std_intvty": 29174.409494183983,
  "p99_tpot": 0.010923368682720704,
  "p99_intvty": 91.54685052257416,
  "mean_itl": 0.01088045657246456,
  "median_itl": 0.01085520489141345,
  "std_itl": 0.001486344732782944,
  "p99_itl": 0.011028224439360202,
  "mean_e2el": 79.14863237862009,
  "median_e2el": 78.43755061575212,
  "std_e2el": 4.986053602472356,
  "p99_e2el": 88.47967832488008
}