{
  "hw": "mi300x",
  "tp": 8,
  "conc": 8,
  "model": "deepseek-ai/DeepSeek-R1-0528",
  "framework": "sglang",
  "precision": "fp8",
  "tput_per_gpu": 81.00957386836343,
  "output_tput_per_gpu": 40.654933305469704,
  "mean_ttft": 0.2220689949928783,
  "median_ttft": 0.14738176297396421,
  "std_ttft": 0.25776700529795027,
  "p99_ttft": 1.2119729583337904,
  "mean_tpot": 0.02381310730517816,
  "mean_intvty": 41.99367966491924,
  "median_tpot": 0.02381078063552991,
  "median_intvty": 41.99778307594933,
  "std_tpot": 0.0002930722029040127,
  "std_intvty": 3412.1284451105757,
  "p99_tpot": 0.0245282032353503,
  "p99_intvty": 40.769394741429316,
  "mean_itl": 0.023817983168810942,
  "median_itl": 0.023058562073856592,
  "std_itl": 0.010288319280100716,
  "p99_itl": 0.025626172544434674,
  "mean_e2el": 22.326943508326075,
  "median_e2el": 22.52027123956941,
  "std_e2el": 1.4996167933948443,
  "p99_e2el": 24.833244268372653
}