{
  "hw": "mi300x",
  "tp": 8,
  "conc": 4,
  "model": "amd/Llama-3.3-70B-Instruct-FP8-KV",
  "framework": "vllm",
  "precision": "fp8",
  "tput_per_gpu": 450.1166484713451,
  "output_tput_per_gpu": 50.0719144247113,
  "mean_ttft": 0.4789835819043219,
  "median_ttft": 0.40397576056420803,
  "std_ttft": 0.21733417814502842,
  "p99_ttft": 1.1941073641180993,
  "mean_tpot": 0.009255103567075327,
  "mean_intvty": 108.0484937583477,
  "median_tpot": 0.00932593636786309,
  "median_intvty": 107.22783863784139,
  "std_tpot": 0.0003437525631382044,
  "std_intvty": 2909.069217901232,
  "p99_tpot": 0.009727878217532751,
  "p99_intvty": 102.79733952648377,
  "mean_itl": 0.009257017745982973,
  "median_itl": 0.00824643298983574,
  "std_itl": 0.019036481752306187,
  "p99_itl": 0.008953714352101086,
  "mean_e2el": 8.985951105318964,
  "median_e2el": 8.935154584236443,
  "std_e2el": 0.6543140549120086,
  "p99_e2el": 10.198917595921085
}