{
  "hw": "mi300x",
  "tp": 8,
  "conc": 32,
  "model": "amd/Llama-3.3-70B-Instruct-FP8-KV",
  "framework": "vllm",
  "precision": "fp8",
  "tput_per_gpu": 378.6293645265752,
  "output_tput_per_gpu": 336.8108526679999,
  "mean_ttft": 0.24037243103375658,
  "median_ttft": 0.12289472622796893,
  "std_ttft": 0.35839496593515824,
  "p99_ttft": 1.3551551591791213,
  "mean_tpot": 0.011537641884227273,
  "mean_intvty": 86.67282361806245,
  "median_tpot": 0.011604083580639954,
  "median_intvty": 86.1765595749743,
  "std_tpot": 0.00017184874732960843,
  "std_intvty": 5819.070639380253,
  "p99_tpot": 0.011706976740859923,
  "p99_intvty": 85.41914980575473,
  "mean_itl": 0.011539885072719514,
  "median_itl": 0.011284618638455868,
  "std_itl": 0.004873345377744986,
  "p99_itl": 0.011788223404437305,
  "mean_e2el": 85.80829554433294,
  "median_e2el": 86.16575203929096,
  "std_e2el": 5.6325941062477405,
  "p99_e2el": 95.05063461917453
}