{
  "hw": "mi325x",
  "tp": 1,
  "conc": 4,
  "model": "openai/gpt-oss-120b",
  "framework": "vllm",
  "precision": "fp4",
  "tput_per_gpu": 4254.106773775492,
  "output_tput_per_gpu": 473.2357069072765,
  "mean_ttft": 0.418839293718338,
  "median_ttft": 0.30062203644774854,
  "std_ttft": 0.30051153571603967,
  "p99_ttft": 1.4886056847404687,
  "mean_tpot": 0.007831221852769864,
  "mean_intvty": 127.69399447498795,
  "median_tpot": 0.007780112870627982,
  "median_intvty": 128.53283964237446,
  "std_tpot": 0.00038187359102027023,
  "std_intvty": 2618.6675997370003,
  "p99_tpot": 0.008861504732969237,
  "p99_intvty": 112.84765174017218,
  "mean_itl": 0.007830893696881967,
  "median_itl": 0.007072232197970152,
  "std_itl": 0.01582120254152798,
  "p99_itl": 0.008058076836168767,
  "mean_e2el": 7.616409036854748,
  "median_e2el": 7.492131478153169,
  "std_e2el": 0.7126026138129241,
  "p99_e2el": 9.718818777315319
}