{
  "hw": "h200-trt",
  "tp": 8,
  "conc": 32,
  "model": "deepseek-ai/DeepSeek-R1-0528",
  "framework": "trt",
  "precision": "fp8",
  "tput_per_gpu": 290.5729399854276,
  "output_tput_per_gpu": 145.5166235598044,
  "mean_ttft": 0.48619481367641126,
  "median_ttft": 0.13456939440220594,
  "std_ttft": 1.0254114893186455,
  "p99_ttft": 4.683335845172405,
  "mean_tpot": 0.02635960672490815,
  "mean_intvty": 37.93683306568696,
  "median_tpot": 0.026368007026404544,
  "median_intvty": 37.92474717556827,
  "std_tpot": 0.0011312425673860476,
  "std_intvty": 883.983708561013,
  "p99_tpot": 0.028917774422998747,
  "p99_intvty": 34.5808078233256,
  "mean_itl": 0.2621681713656857,
  "median_itl": 0.2423805226571858,
  "std_itl": 0.07704443966884308,
  "p99_itl": 0.4567263676878064,
  "mean_e2el": 24.81867801514745,
  "median_e2el": 24.741010721307248,
  "std_e2el": 2.239312806635006,
  "p99_e2el": 30.57387945423834
}