{
  "hw": "h100",
  "tp": 4,
  "conc": 8,
  "model": "nvidia/Llama-3.3-70B-Instruct-FP8",
  "framework": "vllm",
  "precision": "fp8",
  "tput_per_gpu": 1070.2833254670202,
  "output_tput_per_gpu": 120.31789744689718,
  "mean_ttft": 0.5544779923162423,
  "median_ttft": 0.40917919389903545,
  "std_ttft": 0.43134985794798336,
  "p99_ttft": 2.5686400350648895,
  "mean_tpot": 0.01575130084384946,
  "mean_intvty": 63.48681990862224,
  "median_tpot": 0.01589288003131946,
  "median_intvty": 62.921257697115955,
  "std_tpot": 0.000774225544395361,
  "std_intvty": 1291.6132866437,
  "p99_tpot": 0.01690887405968178,
  "p99_intvty": 59.14054338984293,
  "mean_itl": 0.01577599718332217,
  "median_itl": 0.013176420703530312,
  "std_itl": 0.03096023683793558,
  "p99_itl": 0.013873279839754104,
  "mean_e2el": 15.145106047252193,
  "median_e2el": 15.19370037689805,
  "std_e2el": 1.503711069452876,
  "p99_e2el": 18.474526311149816
}