{
  "hw": "mi300x",
  "tp": 2,
  "conc": 4,
  "model": "openai/gpt-oss-120b",
  "framework": "vllm",
  "precision": "fp4",
  "tput_per_gpu": 571.5272764615953,
  "output_tput_per_gpu": 284.37310803676894,
  "mean_ttft": 0.22014303642790764,
  "median_ttft": 0.0640034731477499,
  "std_ttft": 0.4700903133266231,
  "p99_ttft": 1.6480903211981057,
  "mean_tpot": 0.006605442650375662,
  "mean_intvty": 151.39030840622445,
  "median_tpot": 0.006628159211722383,
  "median_intvty": 150.871451342241,
  "std_tpot": 0.00020014438994209516,
  "std_intvty": 4996.392855624458,
  "p99_tpot": 0.006868632751765172,
  "p99_intvty": 145.58938236186955,
  "mean_itl": 0.0066052166829235915,
  "median_itl": 0.006558351218700409,
  "std_itl": 0.002102021481265311,
  "p99_itl": 0.006913295798003673,
  "mean_e2el": 6.2753101453185085,
  "median_e2el": 6.216608456801623,
  "std_e2el": 0.6469485152423252,
  "p99_e2el": 8.275568858766928
}