{
  "hw": "mi300x",
  "tp": 1,
  "conc": 16,
  "model": "openai/gpt-oss-120b",
  "framework": "vllm",
  "precision": "fp4",
  "tput_per_gpu": 6729.274271192052,
  "output_tput_per_gpu": 745.6466376029865,
  "mean_ttft": 0.7323159938649042,
  "median_ttft": 0.35565194417722523,
  "std_ttft": 1.1216467944420725,
  "p99_ttft": 5.5496894930954985,
  "mean_tpot": 0.02021328020554241,
  "mean_intvty": 49.47242554554819,
  "median_tpot": 0.020312594831083948,
  "median_intvty": 49.23053939271808,
  "std_tpot": 0.0016267655002490454,
  "std_intvty": 614.7167491853667,
  "p99_tpot": 0.024478972516710672,
  "p99_intvty": 40.85138783163165,
  "mean_itl": 0.02023217572273273,
  "median_itl": 0.015594585565850139,
  "std_itl": 0.039999952363078385,
  "p99_itl": 0.2981827839743346,
  "mean_e2el": 19.2278121463547,
  "median_e2el": 19.04213675041683,
  "std_e2el": 2.3280514264110583,
  "p99_e2el": 25.579539170544592
}