{
  "hw": "mi300x",
  "tp": 8,
  "conc": 32,
  "model": "deepseek-ai/DeepSeek-R1-0528",
  "framework": "sglang",
  "precision": "fp8",
  "tput_per_gpu": 128.70554259912205,
  "output_tput_per_gpu": 114.49038983046249,
  "mean_ttft": 0.39237608844559874,
  "median_ttft": 0.16328400850761682,
  "std_ttft": 0.7001251835373326,
  "p99_ttft": 2.5330802998598667,
  "mean_tpot": 0.0340191721648974,
  "mean_intvty": 29.395189134903394,
  "median_tpot": 0.03348167259046472,
  "median_intvty": 29.867086158795747,
  "std_tpot": 0.0012430631335523033,
  "std_intvty": 804.4643695146027,
  "p99_tpot": 0.03617207386943657,
  "p99_intvty": 27.645636343924018,
  "mean_itl": 0.03402698489240319,
  "median_itl": 0.03376933897379786,
  "std_itl": 0.006059785101242809,
  "p99_itl": 0.03726669704774395,
  "mean_e2el": 252.70151188913078,
  "median_e2el": 251.76473450602498,
  "std_e2el": 18.81435803030182,
  "p99_e2el": 292.1794979644718
}