{
  "hw": "h100",
  "tp": 2,
  "conc": 32,
  "model": "openai/gpt-oss-120b",
  "framework": "vllm",
  "precision": "fp4",
  "tput_per_gpu": 2431.4270044465247,
  "output_tput_per_gpu": 1217.6393580797019,
  "mean_ttft": 0.10468275304301641,
  "median_ttft": 0.05587333394214511,
  "std_ttft": 0.14676216379876833,
  "p99_ttft": 0.7845397416315972,
  "mean_tpot": 0.01275165027888974,
  "mean_intvty": 78.421222204901,
  "median_tpot": 0.012919432751908391,
  "median_intvty": 77.40277914696256,
  "std_tpot": 0.0005094099061408359,
  "std_intvty": 1963.0556609622179,
  "p99_tpot": 0.013289753140703171,
  "p99_intvty": 75.24594244999567,
  "mean_itl": 0.012755430428232455,
  "median_itl": 0.011871634051203728,
  "std_itl": 0.006073662695827881,
  "p99_itl": 0.04409560821950436,
  "mean_e2el": 11.873998709820444,
  "median_e2el": 11.92380158090964,
  "std_e2el": 0.9123388574702636,
  "p99_e2el": 13.488779572127386
}