{
  "hw": "mi300x",
  "tp": 4,
  "conc": 32,
  "model": "openai/gpt-oss-120b",
  "framework": "vllm",
  "precision": "fp4",
  "tput_per_gpu": 5197.739444634882,
  "output_tput_per_gpu": 581.2518865996053,
  "mean_ttft": 0.5253000751923537,
  "median_ttft": 0.17699595651356503,
  "std_ttft": 1.031648700869405,
  "p99_ttft": 5.081381909053308,
  "mean_tpot": 0.012894519829051116,
  "mean_intvty": 77.55232558152483,
  "median_tpot": 0.012968501610855688,
  "median_intvty": 77.10991061318286,
  "std_tpot": 0.0013027082588018201,
  "std_intvty": 767.6315807806121,
  "p99_tpot": 0.016169317036219696,
  "p99_intvty": 61.84553112292707,
  "mean_itl": 0.012921652884317012,
  "median_itl": 0.008879311964847147,
  "std_itl": 0.026482328350975817,
  "p99_itl": 0.1320239932276312,
  "mean_e2el": 12.468177976040533,
  "median_e2el": 12.364548115991056,
  "std_e2el": 1.919916065074031,
  "p99_e2el": 18.594899733872154
}