{
  "hw": "h200-trt",
  "tp": 8,
  "conc": 8,
  "model": "deepseek-ai/DeepSeek-R1-0528",
  "framework": "trt",
  "precision": "fp8",
  "tput_per_gpu": 115.74803781759341,
  "output_tput_per_gpu": 58.08855093300236,
  "mean_ttft": 0.3436764350743033,
  "median_ttft": 0.12648529978469014,
  "std_ttft": 0.603017350996017,
  "p99_ttft": 2.371667115651071,
  "mean_tpot": 0.016524874606394405,
  "mean_intvty": 60.51483135690746,
  "median_tpot": 0.0164547139054384,
  "median_intvty": 60.7728585101375,
  "std_tpot": 0.0005021216401198077,
  "std_intvty": 1991.5492982166575,
  "p99_tpot": 0.017808698337143283,
  "p99_intvty": 56.15233528406272,
  "mean_itl": 0.1643112170487425,
  "median_itl": 0.15897423774003983,
  "std_itl": 0.04934491274645889,
  "p99_itl": 0.2542132598161697,
  "mean_e2el": 15.684182204562239,
  "median_e2el": 15.711895842570812,
  "std_e2el": 1.2927768693259527,
  "p99_e2el": 18.27580655834637
}