{
  "hw": "mi300x",
  "tp": 8,
  "conc": 8,
  "model": "openai/gpt-oss-120b",
  "framework": "vllm",
  "precision": "fp4",
  "tput_per_gpu": 355.6082208457381,
  "output_tput_per_gpu": 178.46320886531893,
  "mean_ttft": 0.3432344561675563,
  "median_ttft": 0.04575692256912589,
  "std_ttft": 0.8636055547635908,
  "p99_ttft": 3.0322357955854384,
  "mean_tpot": 0.00512012542317694,
  "mean_intvty": 195.3077156027008,
  "median_tpot": 0.005074378703117556,
  "median_intvty": 197.06846069364667,
  "std_tpot": 0.0001751513233511914,
  "std_intvty": 5709.348812597469,
  "p99_tpot": 0.005597556483874738,
  "p99_intvty": 178.64938082907568,
  "mean_itl": 0.00512155729001752,
  "median_itl": 0.004920061677694321,
  "std_itl": 0.005795230180931413,
  "p99_itl": 0.005819451715797187,
  "mean_e2el": 5.096423388784752,
  "median_e2el": 4.842091020196676,
  "std_e2el": 1.009681457523718,
  "p99_e2el": 8.161102349590509
}