{
  "hw": "mi300x",
  "tp": 1,
  "conc": 8,
  "model": "openai/gpt-oss-120b",
  "framework": "vllm",
  "precision": "fp4",
  "tput_per_gpu": 1276.3414810469774,
  "output_tput_per_gpu": 640.5363626685323,
  "mean_ttft": 0.33072890669573096,
  "median_ttft": 0.10346983978524804,
  "std_ttft": 0.6739126545200188,
  "p99_ttft": 2.4792581453267486,
  "mean_tpot": 0.011934046077731231,
  "mean_intvty": 83.79387790918508,
  "median_tpot": 0.01189486529595583,
  "median_intvty": 84.06988857116296,
  "std_tpot": 0.0004965897723614405,
  "std_intvty": 2013.7345866884964,
  "p99_tpot": 0.013233520461681976,
  "p99_intvty": 75.56568207949861,
  "mean_itl": 0.011937528626837104,
  "median_itl": 0.01141068059951067,
  "std_itl": 0.012501867675456626,
  "p99_itl": 0.0130241637583822,
  "mean_e2el": 11.409650609758682,
  "median_e2el": 11.219347373582423,
  "std_e2el": 1.1392463850498096,
  "p99_e2el": 14.3543450585287
}