{
  "hw": "mi300x",
  "tp": 8,
  "conc": 8,
  "model": "amd/Llama-3.3-70B-Instruct-FP8-KV",
  "framework": "vllm",
  "precision": "fp8",
  "tput_per_gpu": 125.57043398798538,
  "output_tput_per_gpu": 111.58496877750378,
  "mean_ttft": 0.16257781803724355,
  "median_ttft": 0.11720160231925547,
  "std_ttft": 0.14988006218276936,
  "p99_ttft": 0.6469798533665017,
  "mean_tpot": 0.008707406395709324,
  "mean_intvty": 114.84476025981303,
  "median_tpot": 0.008718221161552965,
  "median_intvty": 114.70229780473605,
  "std_tpot": 4.902453818138228e-05,
  "std_intvty": 20397.948396783944,
  "p99_tpot": 0.008760269442509782,
  "p99_intvty": 114.15174003067013,
  "mean_itl": 0.008944655851750362,
  "median_itl": 0.00863334210589528,
  "std_itl": 0.003990185779679508,
  "p99_itl": 0.017578734266571697,
  "mean_e2el": 64.22800430539064,
  "median_e2el": 64.39316978445277,
  "std_e2el": 4.050440391067433,
  "p99_e2el": 71.60581498773769
}