{
  "hw": "h200-trt",
  "tp": 8,
  "conc": 16,
  "model": "deepseek-ai/DeepSeek-R1-0528",
  "framework": "trt",
  "precision": "fp8",
  "tput_per_gpu": 190.87391063008744,
  "output_tput_per_gpu": 94.93166540684382,
  "mean_ttft": 0.36361360093651457,
  "median_ttft": 0.12332046445226297,
  "std_ttft": 0.6947951166239712,
  "p99_ttft": 2.9686364810657686,
  "mean_tpot": 0.020252250994217687,
  "mean_intvty": 49.37722726651544,
  "median_tpot": 0.02026004069758789,
  "median_intvty": 49.35824241059188,
  "std_tpot": 0.0006924743867303954,
  "std_intvty": 1444.0967336302867,
  "p99_tpot": 0.021640711653140098,
  "p99_intvty": 46.20920125123975,
  "mean_itl": 0.2014240986925387,
  "median_itl": 0.1921461320016533,
  "std_itl": 0.04346397119038861,
  "p99_itl": 0.3341194918425754,
  "mean_e2el": 18.900924975523957,
  "median_e2el": 18.824219971487764,
  "std_e2el": 1.6358045316505547,
  "p99_e2el": 23.01272424776107
}