{
  "hw": "h200",
  "tp": 4,
  "conc": 4,
  "model": "openai/gpt-oss-120b",
  "framework": "vllm",
  "precision": "fp4",
  "tput_per_gpu": 440.9025452660116,
  "output_tput_per_gpu": 219.3785533997048,
  "mean_ttft": 0.04508494494948536,
  "median_ttft": 0.04093406489118934,
  "std_ttft": 0.016789914092799993,
  "p99_ttft": 0.10382329257205129,
  "mean_tpot": 0.004365682966954424,
  "mean_intvty": 229.0592348481084,
  "median_tpot": 0.00436269589446317,
  "median_intvty": 229.21606827309014,
  "std_tpot": 4.3261704469117425e-05,
  "std_intvty": 23115.131783904973,
  "p99_tpot": 0.004445458233387093,
  "p99_intvty": 224.94868863902875,
  "mean_itl": 0.0043664887522092116,
  "median_itl": 0.0042897844687104225,
  "std_itl": 0.0012033751992110815,
  "p99_itl": 0.0050418126210570345,
  "mean_e2el": 4.047517507034354,
  "median_e2el": 4.068398895673454,
  "std_e2el": 0.28357449328912787,
  "p99_e2el": 4.545202912222594
}