{
  "hw": "h200-trt",
  "tp": 8,
  "conc": 4,
  "model": "deepseek-ai/DeepSeek-R1-0528",
  "framework": "trt",
  "precision": "fp8",
  "tput_per_gpu": 69.04949644852708,
  "output_tput_per_gpu": 34.356750276224034,
  "mean_ttft": 0.307627726579085,
  "median_ttft": 0.1228780010715127,
  "std_ttft": 0.5076075347554924,
  "p99_ttft": 1.87882098833099,
  "mean_tpot": 0.01381871070743675,
  "mean_intvty": 72.36565126599218,
  "median_tpot": 0.013828996715452797,
  "median_intvty": 72.31182569322473,
  "std_tpot": 0.00028273138867704345,
  "std_intvty": 3536.9260013159465,
  "p99_tpot": 0.01437637029081824,
  "p99_intvty": 69.55858674833037,
  "mean_itl": 0.13730023811293493,
  "median_itl": 0.1354322535917163,
  "std_itl": 0.027063914694530032,
  "p99_itl": 0.21953020282089708,
  "mean_e2el": 12.977006935235114,
  "median_e2el": 13.006887058727443,
  "std_e2el": 1.0521400651674722,
  "p99_e2el": 15.684357403619215
}