{
  "hw": "h200",
  "tp": 8,
  "conc": 32,
  "model": "deepseek-ai/DeepSeek-R1-0528",
  "framework": "sglang",
  "precision": "fp8",
  "tput_per_gpu": 307.0191356231399,
  "output_tput_per_gpu": 153.75274788619177,
  "mean_ttft": 0.23598953596083447,
  "median_ttft": 0.12722793826833367,
  "std_ttft": 0.28888745332190685,
  "p99_ttft": 1.2025939528644085,
  "mean_tpot": 0.025245157658929575,
  "mean_intvty": 39.611556937386986,
  "median_tpot": 0.025544520042993003,
  "median_intvty": 39.14733955920637,
  "std_tpot": 0.001080457503278008,
  "std_intvty": 925.5338566913485,
  "p99_tpot": 0.02656752532729279,
  "p99_intvty": 37.63993776916441,
  "mean_itl": 0.2512552309719187,
  "median_itl": 0.23136492539197206,
  "std_itl": 0.05523769076267651,
  "p99_itl": 0.4681694821640848,
  "mean_e2el": 23.541482434346108,
  "median_e2el": 23.678498229011893,
  "std_e2el": 1.9213532870343129,
  "p99_e2el": 27.057504032896837
}