{
  "hw": "mi300x",
  "tp": 8,
  "conc": 64,
  "model": "openai/gpt-oss-120b",
  "framework": "vllm",
  "precision": "fp4",
  "tput_per_gpu": 4546.635267254796,
  "output_tput_per_gpu": 504.409502807974,
  "mean_ttft": 0.6632397474168101,
  "median_ttft": 0.20592256030067801,
  "std_ttft": 1.3999585069389728,
  "p99_ttft": 6.760245186099783,
  "mean_tpot": 0.014868263611546384,
  "mean_intvty": 67.25734935338521,
  "median_tpot": 0.01507899651005219,
  "median_intvty": 66.31741040150548,
  "std_tpot": 0.0017211870389274386,
  "std_intvty": 580.9943820069387,
  "p99_tpot": 0.019412809235072284,
  "p99_intvty": 51.51237968141896,
  "mean_itl": 0.01490189971116664,
  "median_itl": 0.009043494239449501,
  "std_itl": 0.027390275315785053,
  "p99_itl": 0.10312102206051352,
  "mean_e2el": 14.384326728169981,
  "median_e2el": 14.169524414930493,
  "std_e2el": 2.687942455069473,
  "p99_e2el": 23.657417153296997
}