{
  "hw": "mi300x",
  "tp": 8,
  "conc": 64,
  "model": "deepseek-ai/DeepSeek-R1-0528",
  "framework": "sglang",
  "precision": "fp8",
  "tput_per_gpu": 195.62632314690347,
  "output_tput_per_gpu": 173.91185289401216,
  "mean_ttft": 0.5012879452202469,
  "median_ttft": 0.18360004713758826,
  "std_ttft": 0.9930936743272181,
  "p99_ttft": 4.332915221829898,
  "mean_tpot": 0.04465661713329804,
  "mean_intvty": 22.393097914583272,
  "median_tpot": 0.04511085851976924,
  "median_intvty": 22.167611808180578,
  "std_tpot": 0.0012624029346486548,
  "std_intvty": 792.1401103826763,
  "p99_tpot": 0.045770881804271545,
  "p99_intvty": 21.84795137389456,
  "mean_itl": 0.04465877837570039,
  "median_itl": 0.04397280793637037,
  "std_itl": 0.009937203471217104,
  "p99_itl": 0.05011571091599771,
  "mean_e2el": 330.31376272562267,
  "median_e2el": 329.084108449053,
  "std_e2el": 23.23157234769795,
  "p99_e2el": 372.1445392349269
}