{
  "hw": "mi300x",
  "tp": 2,
  "conc": 4,
  "model": "amd/Llama-3.3-70B-Instruct-FP8-KV",
  "framework": "vllm",
  "precision": "fp8",
  "tput_per_gpu": 143.79720064452064,
  "output_tput_per_gpu": 127.52403736107966,
  "mean_ttft": 0.18330583057831973,
  "median_ttft": 0.14256595843471587,
  "std_ttft": 0.1441915865844595,
  "p99_ttft": 0.689124755077064,
  "mean_tpot": 0.015410537877810155,
  "mean_intvty": 64.89066169714386,
  "median_tpot": 0.015415060238546446,
  "median_intvty": 64.87162453633684,
  "std_tpot": 5.0784852271701306e-05,
  "std_intvty": 19690.910877321327,
  "p99_tpot": 0.015485343466016425,
  "p99_intvty": 64.57719211682736,
  "mean_itl": 0.015677633613040413,
  "median_itl": 0.015410787891596556,
  "std_itl": 0.005943360374626194,
  "p99_itl": 0.03088126397691667,
  "mean_e2el": 112.08555105949054,
  "median_e2el": 111.30578347644769,
  "std_e2el": 7.0972629373039124,
  "p99_e2el": 125.17644694078713
}