{
  "hw": "mi300x",
  "tp": 8,
  "conc": 4,
  "model": "amd/Llama-3.3-70B-Instruct-FP8-KV",
  "framework": "vllm",
  "precision": "fp8",
  "tput_per_gpu": 63.80068390940429,
  "output_tput_per_gpu": 56.580522861766376,
  "mean_ttft": 0.14559219593647868,
  "median_ttft": 0.11244425550103188,
  "std_ttft": 0.10132724247501475,
  "p99_ttft": 0.47920946331694725,
  "mean_tpot": 0.008677090371297625,
  "mean_intvty": 115.24600496358019,
  "median_tpot": 0.008687509203254395,
  "median_intvty": 115.10779172762128,
  "std_tpot": 2.9875489500417886e-05,
  "std_intvty": 33472.254906016264,
  "p99_tpot": 0.00870935037241481,
  "p99_intvty": 114.81912625392903,
  "mean_itl": 0.008677269843215677,
  "median_itl": 0.00864889845252037,
  "std_itl": 0.001531495211297036,
  "p99_itl": 0.008776361793279648,
  "mean_e2el": 63.151682213670576,
  "median_e2el": 62.577850779984146,
  "std_e2el": 3.9753284439211174,
  "p99_e2el": 70.53146393324249
}