{
  "hw": "h100",
  "tp": 8,
  "conc": 16,
  "model": "openai/gpt-oss-120b",
  "framework": "vllm",
  "precision": "fp4",
  "tput_per_gpu": 649.4367178254469,
  "output_tput_per_gpu": 322.99914113985756,
  "mean_ttft": 0.04689498384250328,
  "median_ttft": 0.03131453366950154,
  "std_ttft": 0.04258100855399061,
  "p99_ttft": 0.20796350201591848,
  "mean_tpot": 0.006005441083633298,
  "mean_intvty": 166.5156623924448,
  "median_tpot": 0.006022723234340304,
  "median_intvty": 166.03784718152247,
  "std_tpot": 9.139851576757762e-05,
  "std_intvty": 10941.096708210838,
  "p99_tpot": 0.006131206559186747,
  "p99_intvty": 163.10003428307942,
  "mean_itl": 0.006006578509343392,
  "median_itl": 0.005794043652713299,
  "std_itl": 0.0020404411716935197,
  "p99_itl": 0.019086092095822096,
  "mean_e2el": 5.5422759988519825,
  "median_e2el": 5.519931567832828,
  "std_e2el": 0.391336212493919,
  "p99_e2el": 6.223873097170144
}