{
  "hw": "mi300x",
  "tp": 8,
  "conc": 4,
  "model": "deepseek-ai/DeepSeek-R1-0528",
  "framework": "sglang",
  "precision": "fp8",
  "tput_per_gpu": 25.67996694737705,
  "output_tput_per_gpu": 22.773830434461853,
  "mean_ttft": 0.2287091674981639,
  "median_ttft": 0.17540195723995566,
  "std_ttft": 0.19295334733058186,
  "p99_ttft": 1.0561163603607566,
  "mean_tpot": 0.021566768348180495,
  "mean_intvty": 46.36763301092192,
  "median_tpot": 0.021588458098952046,
  "median_intvty": 46.32104782177762,
  "std_tpot": 9.271957997357022e-05,
  "std_intvty": 10785.208477918588,
  "p99_tpot": 0.021705866397664968,
  "p99_intvty": 46.07049456950385,
  "mean_itl": 0.02156791949478187,
  "median_itl": 0.021551771089434624,
  "std_itl": 0.0033858692523233576,
  "p99_itl": 0.021905899504199626,
  "mean_e2el": 156.83445060097148,
  "median_e2el": 155.02882614452392,
  "std_e2el": 9.933214530853535,
  "p99_e2el": 175.54428982733748
}