{
  "hw": "mi300x",
  "tp": 2,
  "conc": 8,
  "model": "amd/Llama-3.3-70B-Instruct-FP8-KV",
  "framework": "vllm",
  "precision": "fp8",
  "tput_per_gpu": 268.88686059057966,
  "output_tput_per_gpu": 238.93946202775413,
  "mean_ttft": 0.2371388807951007,
  "median_ttft": 0.15712828910909593,
  "std_ttft": 0.25096736350273885,
  "p99_ttft": 1.0434621948655696,
  "mean_tpot": 0.01627466025337799,
  "mean_intvty": 61.445215103180956,
  "median_tpot": 0.01629403688250653,
  "median_intvty": 61.37214535666184,
  "std_tpot": 8.514505362518087e-05,
  "std_intvty": 11744.663458691617,
  "p99_tpot": 0.016350528558460666,
  "p99_intvty": 61.16010234314687,
  "mean_itl": 0.016634280519889633,
  "median_itl": 0.016206402331590652,
  "std_itl": 0.006502964912873559,
  "p99_itl": 0.03269332244992256,
  "mean_e2el": 119.97838322104072,
  "median_e2el": 120.18565772078,
  "std_e2el": 7.549489768484395,
  "p99_e2el": 133.74770098023117
}