{
  "hw": "mi325x",
  "tp": 2,
  "conc": 16,
  "model": "amd/Llama-3.3-70B-Instruct-FP8-KV",
  "framework": "vllm",
  "precision": "fp8",
  "tput_per_gpu": 546.1319881276762,
  "output_tput_per_gpu": 485.2520661676925,
  "mean_ttft": 0.3823852377827279,
  "median_ttft": 0.21147789806127548,
  "std_ttft": 0.5477887505220334,
  "p99_ttft": 2.1497066491981967,
  "mean_tpot": 0.015989438731712925,
  "mean_intvty": 62.541282203773235,
  "median_tpot": 0.016029835251058597,
  "median_intvty": 62.38367296594398,
  "std_tpot": 0.0001545475995567585,
  "std_intvty": 6470.498428108837,
  "p99_tpot": 0.01618305318091212,
  "p99_intvty": 61.79303675399757,
  "mean_itl": 0.01599139840293725,
  "median_itl": 0.015765157993882895,
  "std_itl": 0.006667142271034293,
  "p99_itl": 0.01739176621194929,
  "mean_e2el": 118.35053112874157,
  "median_e2el": 118.73565765586682,
  "std_e2el": 8.114052803924702,
  "p99_e2el": 131.83662746835034
}