{
  "hw": "mi300x",
  "tp": 1,
  "conc": 64,
  "model": "openai/gpt-oss-120b",
  "framework": "vllm",
  "precision": "fp4",
  "tput_per_gpu": 11490.057763095769,
  "output_tput_per_gpu": 1274.7216310177898,
  "mean_ttft": 1.695248073305993,
  "median_ttft": 0.43419747799634933,
  "std_ttft": 3.7791282085412243,
  "p99_ttft": 19.04088945500553,
  "mean_tpot": 0.04770224123561133,
  "mean_intvty": 20.963375600336917,
  "median_tpot": 0.04897443470093639,
  "median_intvty": 20.418816594954592,
  "std_tpot": 0.00526759589262559,
  "std_intvty": 189.83992325606403,
  "p99_tpot": 0.0564361721717702,
  "p99_intvty": 17.719132278432724,
  "mean_itl": 0.04778625310360299,
  "median_itl": 0.02881301287561655,
  "std_itl": 0.07423130656151418,
  "p99_itl": 0.34499433172866706,
  "mean_e2el": 45.6949631382915,
  "median_e2el": 45.850226954557,
  "std_e2el": 7.006744819561934,
  "p99_e2el": 66.01280765403064
}