{
  "hw": "h100-cr_0",
  "tp": 8,
  "conc": 4,
  "model": "openai/gpt-oss-120b",
  "framework": "vllm",
  "precision": "fp4",
  "tput_per_gpu": 188.32021893921515,
  "output_tput_per_gpu": 93.70192495004743,
  "input_tput_per_gpu": 94.61829398916773,
  "mean_ttft": 0.035242379922419784,
  "median_ttft": 0.02929327730089426,
  "std_ttft": 0.016661323794991183,
  "p99_ttft": 0.08533953117206693,
  "mean_tpot": 0.005143246655462915,
  "mean_intvty": 194.42971861710095,
  "median_tpot": 0.0051355926485480655,
  "median_intvty": 194.71949362703444,
  "std_tpot": 0.00014485150893770913,
  "std_intvty": 6903.621559303415,
  "p99_tpot": 0.005456990998009318,
  "p99_intvty": 183.25117273691578,
  "mean_itl": 0.005154098805171331,
  "median_itl": 0.004970017820596695,
  "std_itl": 0.001103255633774442,
  "p99_itl": 0.008435589522123338,
  "mean_e2el": 4.7508559837471696,
  "median_e2el": 4.756292747333646,
  "std_e2el": 0.3608393386519024,
  "p99_e2el": 5.5145185902342195
}