{
  "hw": "h200-trt",
  "tp": 8,
  "ep": 8,
  "conc": 32,
  "dp_attention": "false",
  "model": "deepseek-ai/DeepSeek-R1-0528",
  "framework": "trt",
  "precision": "fp8",
  "tput_per_gpu": 291.4746195111142,
  "output_tput_per_gpu": 145.96817751426934,
  "mean_ttft": 0.4973196324892342,
  "median_ttft": 0.13344053784385324,
  "std_ttft": 1.104457309309183,
  "p99_ttft": 5.7892586327530475,
  "mean_tpot": 0.026265514086713636,
  "mean_intvty": 38.07273661952987,
  "median_tpot": 0.02639040765071702,
  "median_intvty": 37.89255600880536,
  "std_tpot": 0.001007858462566833,
  "std_intvty": 992.2028113483128,
  "p99_tpot": 0.028486316926735134,
  "p99_intvty": 35.10457327888094,
  "mean_itl": 0.2612026219969923,
  "median_itl": 0.24322158889845014,
  "std_itl": 0.08196009806697156,
  "p99_itl": 0.444814348872751,
  "mean_e2el": 24.740187745948788,
  "median_e2el": 24.571790946181864,
  "std_e2el": 2.3618596161930006,
  "p99_e2el": 31.964310423964637
}