{
  "hw": "mi325x",
  "tp": 8,
  "conc": 16,
  "model": "openai/gpt-oss-120b",
  "framework": "vllm",
  "precision": "fp4",
  "tput_per_gpu": 2520.6725794911895,
  "output_tput_per_gpu": 279.30664699489273,
  "mean_ttft": 0.30328274399216754,
  "median_ttft": 0.13684041099622846,
  "std_ttft": 0.45824349923442986,
  "p99_ttft": 2.110226170308886,
  "mean_tpot": 0.0066202983341299565,
  "mean_intvty": 151.0505946302525,
  "median_tpot": 0.006505108385110153,
  "median_intvty": 153.725340270878,
  "std_tpot": 0.0006603170830803819,
  "std_intvty": 1514.4239421082307,
  "p99_tpot": 0.008713382068760114,
  "p99_intvty": 114.76599925363959,
  "mean_itl": 0.006624812006799438,
  "median_itl": 0.00522205512970686,
  "std_itl": 0.014664469826065727,
  "p99_itl": 0.07862224034965039,
  "mean_e2el": 6.356994189537363,
  "median_e2el": 6.156326752156019,
  "std_e2el": 0.9996500126307738,
  "p99_e2el": 9.546319736614823
}