{
  "hw": "mi325x",
  "tp": 2,
  "conc": 4,
  "model": "openai/gpt-oss-120b",
  "framework": "vllm",
  "precision": "fp4",
  "tput_per_gpu": 2641.271611839373,
  "output_tput_per_gpu": 293.82056089147244,
  "mean_ttft": 0.39697431478416545,
  "median_ttft": 0.2648539203219116,
  "std_ttft": 0.2979695474475906,
  "p99_ttft": 1.3828696118900552,
  "mean_tpot": 0.006241219977545748,
  "mean_intvty": 160.22508477472905,
  "median_tpot": 0.00620912142873138,
  "median_intvty": 161.05338113903105,
  "std_tpot": 0.0003292434492394953,
  "std_intvty": 3037.2662001623876,
  "p99_tpot": 0.007052639375464838,
  "p99_intvty": 141.79088802964495,
  "mean_itl": 0.006239555946792041,
  "median_itl": 0.005561755038797855,
  "std_itl": 0.013763477572538131,
  "p99_itl": 0.006441126186400654,
  "mean_e2el": 6.131905746355187,
  "median_e2el": 6.129908609902486,
  "std_e2el": 0.5693136973701842,
  "p99_e2el": 7.467993990406394
}