{
  "hw": "mi325x",
  "tp": 4,
  "conc": 4,
  "model": "openai/gpt-oss-120b",
  "framework": "vllm",
  "precision": "fp4",
  "tput_per_gpu": 1390.101513952869,
  "output_tput_per_gpu": 154.63779063648835,
  "mean_ttft": 0.26377113385824486,
  "median_ttft": 0.16815539891831577,
  "std_ttft": 0.23232679249390223,
  "p99_ttft": 1.0327412948664276,
  "mean_tpot": 0.006033622073451271,
  "mean_intvty": 165.73792455449458,
  "median_tpot": 0.005973214342910916,
  "median_intvty": 167.41404921904606,
  "std_tpot": 0.00024420912049767516,
  "std_intvty": 4094.851158556627,
  "p99_tpot": 0.006666795442651809,
  "p99_intvty": 149.9971025963017,
  "mean_itl": 0.006033138302392324,
  "median_itl": 0.005600831005722284,
  "std_itl": 0.009579459382206394,
  "p99_itl": 0.00664252296090126,
  "mean_e2el": 5.808978969801683,
  "median_e2el": 5.751500829355791,
  "std_e2el": 0.47610935162287626,
  "p99_e2el": 6.95606599915307
}