{
  "hw": "mi325x",
  "tp": 2,
  "conc": 8,
  "model": "openai/gpt-oss-120b",
  "framework": "vllm",
  "precision": "fp4",
  "tput_per_gpu": 4181.4600398814155,
  "output_tput_per_gpu": 470.0666340262941,
  "mean_ttft": 0.47877524574287234,
  "median_ttft": 0.27365218405611813,
  "std_ttft": 0.47241998841412414,
  "p99_ttft": 2.34652499482501,
  "mean_tpot": 0.007863930981615728,
  "mean_intvty": 127.16286579037846,
  "median_tpot": 0.007846463807037537,
  "median_intvty": 127.44594566320364,
  "std_tpot": 0.0005420103745386464,
  "std_intvty": 1844.9831349652477,
  "p99_tpot": 0.009078282587401742,
  "p99_intvty": 110.15299318703032,
  "mean_itl": 0.007886521960524577,
  "median_itl": 0.006278193090111017,
  "std_itl": 0.020077947119452873,
  "p99_itl": 0.008087198771536335,
  "mean_e2el": 7.76720270785736,
  "median_e2el": 7.688597336877137,
  "std_e2el": 1.0007162552562947,
  "p99_e2el": 10.62634485787712
}