{
  "hw": "h200-trt",
  "tp": 8,
  "ep": 8,
  "conc": 64,
  "dp_attention": "false",
  "model": "deepseek-ai/DeepSeek-R1-0528",
  "framework": "trt",
  "precision": "fp8",
  "tput_per_gpu": 457.6201401140566,
  "output_tput_per_gpu": 228.758499054243,
  "mean_ttft": 0.7079689876582052,
  "median_ttft": 0.14417215203866363,
  "std_ttft": 1.7009160737980142,
  "p99_ttft": 8.229184525358725,
  "mean_tpot": 0.03336643601389351,
  "mean_intvty": 29.97023714440488,
  "median_tpot": 0.0334564765370743,
  "median_intvty": 29.88957904434033,
  "std_tpot": 0.0014360074863829576,
  "std_intvty": 696.3751996299258,
  "p99_tpot": 0.03732775202022166,
  "p99_intvty": 26.789719334244054,
  "mean_itl": 0.3319653556626905,
  "median_itl": 0.2998849169816822,
  "std_itl": 0.09379775247559062,
  "p99_itl": 0.6170550674945108,
  "mean_e2el": 31.45470377489619,
  "median_e2el": 31.235827494994737,
  "std_e2el": 3.3223573773840642,
  "p99_e2el": 41.949621775625275
}