{
  "hw": "h200-trt",
  "tp": 8,
  "ep": 8,
  "conc": 4,
  "dp_attention": "false",
  "model": "deepseek-ai/DeepSeek-R1-0528",
  "framework": "trt",
  "precision": "fp8",
  "tput_per_gpu": 69.03085889292508,
  "output_tput_per_gpu": 34.347476843737034,
  "mean_ttft": 0.3100009012967348,
  "median_ttft": 0.12219568947330117,
  "std_ttft": 0.5176301421405936,
  "p99_ttft": 1.9084442175272853,
  "mean_tpot": 0.013819483436283891,
  "mean_intvty": 72.36160487550782,
  "median_tpot": 0.013834417387674741,
  "median_intvty": 72.28349210360768,
  "std_tpot": 0.00028098475807475815,
  "std_intvty": 3558.911902737238,
  "p99_tpot": 0.014386580581443757,
  "p99_intvty": 69.50922036955953,
  "mean_itl": 0.1373093824321921,
  "median_itl": 0.13547096773982048,
  "std_itl": 0.027085141486701922,
  "p99_itl": 0.220020997710526,
  "mean_e2el": 12.980223930161447,
  "median_e2el": 13.02003222424537,
  "std_e2el": 1.0579891156232903,
  "p99_e2el": 15.721529638208448
}