{
  "hw": "mi325x",
  "tp": 1,
  "conc": 4,
  "model": "openai/gpt-oss-120b",
  "framework": "vllm",
  "precision": "fp4",
  "tput_per_gpu": 4112.930261676697,
  "output_tput_per_gpu": 457.5309373623214,
  "mean_ttft": 0.4218301933258772,
  "median_ttft": 0.3070802378933877,
  "std_ttft": 0.2947916211562772,
  "p99_ttft": 1.4869317697221411,
  "mean_tpot": 0.008113903661917641,
  "mean_intvty": 123.2452394885423,
  "median_tpot": 0.008094027568019777,
  "median_intvty": 123.5478865862885,
  "std_tpot": 0.00035530118084737086,
  "std_intvty": 2814.5135842640975,
  "p99_tpot": 0.009005752695407248,
  "p99_intvty": 111.04013554691323,
  "mean_itl": 0.00811351544436386,
  "median_itl": 0.007357799913734198,
  "std_itl": 0.015745834546900997,
  "p99_itl": 0.008358219284564258,
  "mean_e2el": 7.879164643865079,
  "median_e2el": 7.763445757096633,
  "std_e2el": 0.669458682755952,
  "p99_e2el": 9.537703847233207
}