{
  "hw": "mi325x",
  "tp": 8,
  "conc": 4,
  "model": "openai/gpt-oss-120b",
  "framework": "vllm",
  "precision": "fp4",
  "tput_per_gpu": 876.6937506627809,
  "output_tput_per_gpu": 97.52524064361624,
  "mean_ttft": 0.2216273105936125,
  "median_ttft": 0.13261030544526875,
  "std_ttft": 0.21286723858686568,
  "p99_ttft": 0.8956554874777793,
  "mean_tpot": 0.004769618188003168,
  "mean_intvty": 209.66038801916272,
  "median_tpot": 0.004704441276130554,
  "median_intvty": 212.56509355825335,
  "std_tpot": 0.00022517859366204078,
  "std_intvty": 4440.919466354114,
  "p99_tpot": 0.005321290321100858,
  "p99_intvty": 187.9243453480888,
  "mean_itl": 0.004768300387404447,
  "median_itl": 0.004430009983479977,
  "std_itl": 0.008277676090724169,
  "p99_itl": 0.005369476620107892,
  "mean_e2el": 4.604291038459633,
  "median_e2el": 4.585723005468026,
  "std_e2el": 0.3971802490723959,
  "p99_e2el": 5.530788308982737
}