{
  "hw": "mi325x",
  "tp": 1,
  "conc": 16,
  "model": "openai/gpt-oss-120b",
  "framework": "vllm",
  "precision": "fp4",
  "tput_per_gpu": 8417.027331857826,
  "output_tput_per_gpu": 932.6604735788909,
  "mean_ttft": 0.6337610852671787,
  "median_ttft": 0.32379160611890256,
  "std_ttft": 0.8934264616902726,
  "p99_ttft": 4.569162816456516,
  "mean_tpot": 0.01609401613165039,
  "mean_intvty": 62.134894846626025,
  "median_tpot": 0.016201887728574782,
  "median_intvty": 61.72120290874069,
  "std_tpot": 0.001263869002357043,
  "std_intvty": 791.221240599348,
  "p99_tpot": 0.01906586773262737,
  "p99_intvty": 52.449750204062454,
  "mean_itl": 0.01611171149546208,
  "median_itl": 0.012264656368643045,
  "std_itl": 0.03260298230932074,
  "p99_itl": 0.2480594520457089,
  "mean_e2el": 15.360972709109774,
  "median_e2el": 15.243305019568652,
  "std_e2el": 1.8548885885771886,
  "p99_e2el": 20.37195109644439
}