{
  "hw": "h200-trt",
  "tp": 8,
  "ep": 8,
  "conc": 16,
  "dp_attention": "false",
  "model": "deepseek-ai/DeepSeek-R1-0528",
  "framework": "trt",
  "precision": "fp8",
  "tput_per_gpu": 193.9742388310121,
  "output_tput_per_gpu": 96.47362218055905,
  "mean_ttft": 0.3231106909981463,
  "median_ttft": 0.11285103717818856,
  "std_ttft": 0.6094024506602495,
  "p99_ttft": 2.548121572071686,
  "mean_tpot": 0.019957773286127495,
  "mean_intvty": 50.10579014318661,
  "median_tpot": 0.01997591552091807,
  "median_intvty": 50.06028379289227,
  "std_tpot": 0.0004991328132297964,
  "std_intvty": 2003.4747736362679,
  "p99_tpot": 0.020936882889652984,
  "p99_intvty": 47.76260178129001,
  "mean_itl": 0.1984791083814788,
  "median_itl": 0.1913520721718669,
  "std_itl": 0.03572275459229921,
  "p99_itl": 0.30406672172248367,
  "mean_e2el": 18.58939098153496,
  "median_e2el": 18.682554127648473,
  "std_e2el": 1.513720232598679,
  "p99_e2el": 22.5082777446229
}