{
  "hw": "h200-trt",
  "tp": 8,
  "ep": 8,
  "conc": 8,
  "dp_attention": "false",
  "model": "deepseek-ai/DeepSeek-R1-0528",
  "framework": "trt",
  "precision": "fp8",
  "tput_per_gpu": 116.18696789746409,
  "output_tput_per_gpu": 58.308829503432854,
  "mean_ttft": 0.3379528045305051,
  "median_ttft": 0.12208929564803839,
  "std_ttft": 0.6069343369207755,
  "p99_ttft": 2.372391671082005,
  "mean_tpot": 0.01646290186857161,
  "mean_intvty": 60.74263261624873,
  "median_tpot": 0.016383451927851504,
  "median_intvty": 61.03719804615914,
  "std_tpot": 0.000496211300532176,
  "std_intvty": 2015.2705086069614,
  "p99_tpot": 0.01767403561396251,
  "p99_intvty": 56.58017341608154,
  "mean_itl": 0.1636980752263521,
  "median_itl": 0.15838849265128374,
  "std_itl": 0.04780581431455103,
  "p99_itl": 0.24156890682876103,
  "mean_e2el": 15.621214068017434,
  "median_e2el": 15.632457707542926,
  "std_e2el": 1.2989589080425263,
  "p99_e2el": 18.22467661462724
}