{
  "hw": "h200-trt",
  "tp": 4,
  "ep": 1,
  "conc": 4,
  "dp_attention": "false",
  "model": "openai/gpt-oss-120b",
  "framework": "trt",
  "precision": "fp4",
  "tput_per_gpu": 1625.6630612365038,
  "output_tput_per_gpu": 180.84214827888206,
  "mean_ttft": 0.21221798176411538,
  "median_ttft": 0.1820912412367761,
  "std_ttft": 0.11177772208636413,
  "p99_ttft": 0.5894331239815801,
  "mean_tpot": 0.005188619577229006,
  "mean_intvty": 192.72948905112298,
  "median_tpot": 0.0052182047783156,
  "median_intvty": 191.63678745524297,
  "std_tpot": 0.0001601887532243445,
  "std_intvty": 6242.635515113219,
  "p99_tpot": 0.005382702883037824,
  "p99_intvty": 185.78027093994683,
  "mean_itl": 0.10242190742845197,
  "median_itl": 0.09605756169185042,
  "std_itl": 0.033240301415633486,
  "p99_itl": 0.25052837645635,
  "mean_e2el": 4.9799575367709625,
  "median_e2el": 4.921972564887255,
  "std_e2el": 0.36613350556890145,
  "p99_e2el": 5.756481625838205
}