{
  "hw": "mi325x",
  "tp": 2,
  "conc": 32,
  "model": "amd/Llama-3.3-70B-Instruct-FP8-KV",
  "framework": "vllm",
  "precision": "fp8",
  "tput_per_gpu": 1439.4515868012982,
  "output_tput_per_gpu": 720.865937136584,
  "input_tput_per_gpu": 718.5856496647142,
  "mean_ttft": 0.6020663152361522,
  "median_ttft": 0.21846919553354383,
  "std_ttft": 1.092365767623681,
  "p99_ttft": 3.9355449225427583,
  "mean_tpot": 0.021025221018403373,
  "mean_intvty": 47.56192570459546,
  "median_tpot": 0.021426181837523792,
  "median_intvty": 46.671871245332866,
  "std_tpot": 0.0013271081407170418,
  "std_intvty": 753.51809646778,
  "p99_tpot": 0.0226681904922829,
  "p99_intvty": 44.11468133464104,
  "mean_itl": 0.0210438704499549,
  "median_itl": 0.016762920189648867,
  "std_itl": 0.026312292045797464,
  "p99_itl": 0.16899808589369075,
  "mean_e2el": 20.01904796380986,
  "median_e2el": 20.013726614415646,
  "std_e2el": 1.8790648686199238,
  "p99_e2el": 24.713778465292418
}