{
  "hw": "mi300x",
  "tp": 2,
  "conc": 4,
  "model": "amd/Llama-3.3-70B-Instruct-FP8-KV",
  "framework": "vllm",
  "precision": "fp8",
  "tput_per_gpu": 878.8177310217296,
  "output_tput_per_gpu": 97.76151664703498,
  "input_tput_per_gpu": 781.0562143746946,
  "mean_ttft": 1.2264810773311183,
  "median_ttft": 1.053467160789296,
  "std_ttft": 0.606258701793213,
  "p99_ttft": 3.3381566797103734,
  "mean_tpot": 0.01871811477427749,
  "mean_intvty": 53.424183581468576,
  "median_tpot": 0.01889124829216377,
  "median_intvty": 52.93456443610491,
  "std_tpot": 0.0010591585724612936,
  "std_intvty": 944.1456888520294,
  "p99_tpot": 0.020875194983749283,
  "p99_intvty": 47.90374416998118,
  "mean_itl": 0.01906270286242603,
  "median_itl": 0.015736835077404976,
  "std_itl": 0.05637731376659329,
  "p99_itl": 0.03171088982373476,
  "mean_e2el": 18.436765574628954,
  "median_e2el": 18.075480259023607,
  "std_e2el": 1.5354998498804606,
  "p99_e2el": 22.07913439372089
}