{
  "hw": "b200",
  "tp": 8,
  "ep": 1,
  "conc": 32,
  "dp_attention": "false",
  "model": "nvidia/Llama-3.3-70B-Instruct-FP8",
  "framework": "vllm",
  "precision": "fp8",
  "tput_per_gpu": 2450.273342146451,
  "output_tput_per_gpu": 274.0087336000334,
  "mean_ttft": 0.5761480997760373,
  "median_ttft": 0.22012875857762992,
  "std_ttft": 1.0324391787619884,
  "p99_ttft": 5.354655856578611,
  "mean_tpot": 0.013634926145831644,
  "mean_intvty": 73.34106465297663,
  "median_tpot": 0.013576764437931762,
  "median_intvty": 73.65525155655838,
  "std_tpot": 0.0018650232356357082,
  "std_intvty": 536.1863492596874,
  "p99_tpot": 0.016971375354794208,
  "p99_intvty": 58.92274368426553,
  "mean_itl": 0.013665987311306398,
  "median_itl": 0.007955995853990316,
  "std_itl": 0.03939877449774485,
  "p99_itl": 0.18617589324712752,
  "mean_e2el": 13.206979455810506,
  "median_e2el": 13.153280394501053,
  "std_e2el": 2.1379818865685616,
  "p99_e2el": 18.181600199453534
}