{
  "hw": "h200",
  "tp": 8,
  "conc": 8,
  "model": "nvidia/Llama-3.3-70B-Instruct-FP8",
  "framework": "vllm",
  "precision": "fp8",
  "tput_per_gpu": 227.53487098590395,
  "output_tput_per_gpu": 114.18915768686857,
  "input_tput_per_gpu": 113.34571329903538,
  "mean_ttft": 0.08489458764670417,
  "median_ttft": 0.06839449563995004,
  "std_ttft": 0.050791007314478706,
  "p99_ttft": 0.27645319956354797,
  "mean_tpot": 0.008471166651008295,
  "mean_intvty": 118.04749466013318,
  "median_tpot": 0.008450618710401809,
  "median_intvty": 118.33453079229652,
  "std_tpot": 0.00012019469977448968,
  "std_intvty": 8319.834417625807,
  "p99_tpot": 0.008667686681912737,
  "p99_intvty": 115.37103689808565,
  "mean_itl": 0.008472077055196184,
  "median_itl": 0.008137629367411137,
  "std_itl": 0.003259628088469086,
  "p99_itl": 0.01525788069702686,
  "mean_e2el": 7.947617319319397,
  "median_e2el": 8.01980535686016,
  "std_e2el": 0.5195959715002758,
  "p99_e2el": 8.84693301753141
}