{
  "hw": "mi300x",
  "tp": 2,
  "conc": 64,
  "model": "amd/Llama-3.3-70B-Instruct-FP8-KV",
  "framework": "vllm",
  "precision": "fp8",
  "tput_per_gpu": 2901.8641518509608,
  "output_tput_per_gpu": 321.93650205313423,
  "input_tput_per_gpu": 2579.9276497978267,
  "mean_ttft": 4.3669369516253935,
  "median_ttft": 1.0628402563743293,
  "std_ttft": 9.697970694670406,
  "p99_ttft": 48.26755205214024,
  "mean_tpot": 0.09353724564447667,
  "mean_intvty": 10.690928443637034,
  "median_tpot": 0.09742704034014527,
  "median_intvty": 10.264090918791313,
  "std_tpot": 0.014472936324835341,
  "std_intvty": 69.09447934791332,
  "p99_tpot": 0.11856404981160712,
  "p99_intvty": 8.434259808002126,
  "mean_itl": 0.09377543992021835,
  "median_itl": 0.040315003134310246,
  "std_itl": 0.26742535937259326,
  "p99_itl": 0.9831178393028677,
  "mean_e2el": 90.71169878015789,
  "median_e2el": 91.68732333369553,
  "std_e2el": 16.41611650078929,
  "p99_e2el": 135.13479423927143
}