{
  "hw": "h200",
  "tp": 4,
  "conc": 8,
  "model": "nvidia/Llama-3.3-70B-Instruct-FP8",
  "framework": "vllm",
  "precision": "fp8",
  "tput_per_gpu": 1272.0412207057827,
  "output_tput_per_gpu": 142.9988877705078,
  "input_tput_per_gpu": 1129.042332935275,
  "mean_ttft": 0.5956565425265581,
  "median_ttft": 0.41373891895636916,
  "std_ttft": 0.4968900249469016,
  "p99_ttft": 2.81459577619098,
  "mean_tpot": 0.013111074355408758,
  "mean_intvty": 76.27140025999978,
  "median_tpot": 0.013235913105289532,
  "median_intvty": 75.55202214196807,
  "std_tpot": 0.0007777483347404451,
  "std_intvty": 1285.7629587001636,
  "p99_tpot": 0.01440030660393179,
  "p99_intvty": 69.44296586900204,
  "mean_itl": 0.013137191969638853,
  "median_itl": 0.010643712244927883,
  "std_itl": 0.02965788716274383,
  "p99_itl": 0.014507848732173409,
  "mean_e2el": 12.745752534957138,
  "median_e2el": 12.715373351238668,
  "std_e2el": 1.343618459160242,
  "p99_e2el": 15.945033332407474
}