{
  "hw": "mi300x",
  "tp": 2,
  "conc": 4,
  "model": "amd/Llama-3.3-70B-Instruct-FP8-KV",
  "framework": "vllm",
  "precision": "fp8",
  "tput_per_gpu": 226.51538213655198,
  "output_tput_per_gpu": 112.70657742725628,
  "input_tput_per_gpu": 113.8088047092957,
  "mean_ttft": 0.19825225353706627,
  "median_ttft": 0.1581183816306293,
  "std_ttft": 0.12633485031837832,
  "p99_ttft": 0.6246619292534887,
  "mean_tpot": 0.01701100030058479,
  "mean_intvty": 58.78549070189734,
  "median_tpot": 0.017045574065949084,
  "median_intvty": 58.666255306568985,
  "std_tpot": 0.00019125594812475632,
  "std_intvty": 5228.595553784814,
  "p99_tpot": 0.01721174617234473,
  "p99_intvty": 58.0998575035209,
  "mean_itl": 0.017011638742803085,
  "median_itl": 0.016721930354833603,
  "std_itl": 0.005926030494182005,
  "p99_itl": 0.01698359154164791,
  "mean_e2el": 15.79324659400154,
  "median_e2el": 15.960263269487768,
  "std_e2el": 1.0937649778965026,
  "p99_e2el": 17.642475272631273
}