{
  "hw": "h200-trt",
  "tp": 8,
  "ep": 8,
  "conc": 16,
  "dp_attention": "false",
  "model": "deepseek-ai/DeepSeek-R1-0528",
  "framework": "trt",
  "precision": "fp8",
  "tput_per_gpu": 677.6981027556757,
  "output_tput_per_gpu": 75.09328513967343,
  "mean_ttft": 0.7283744215732441,
  "median_ttft": 0.40426864940673113,
  "std_ttft": 0.9516827991289203,
  "p99_ttft": 5.172990762554108,
  "mean_tpot": 0.025143183684726407,
  "mean_intvty": 39.77221073270306,
  "median_tpot": 0.025346387534570653,
  "median_intvty": 39.45335399910823,
  "std_tpot": 0.001457111958701769,
  "std_intvty": 686.2890624348191,
  "p99_tpot": 0.028278824977230468,
  "p99_intvty": 35.3621482082505,
  "mean_itl": 0.25019427969837293,
  "median_itl": 0.20446561183780432,
  "std_itl": 0.14899523308762336,
  "p99_itl": 0.8290413299575442,
  "mean_e2el": 23.733738172252195,
  "median_e2el": 23.654376418329775,
  "std_e2el": 2.3230924981387884,
  "p99_e2el": 28.995933770984408
}