{
  "hw": "mi300x",
  "tp": 8,
  "conc": 8,
  "model": "amd/Llama-3.3-70B-Instruct-FP8-KV",
  "framework": "vllm",
  "precision": "fp8",
  "tput_per_gpu": 679.5461494288181,
  "output_tput_per_gpu": 76.39244858994098,
  "input_tput_per_gpu": 603.1537008388772,
  "mean_ttft": 0.6731468986254185,
  "median_ttft": 0.4993105190806091,
  "std_ttft": 0.4853943078677708,
  "p99_ttft": 2.4378044592961667,
  "mean_tpot": 0.012157905600725818,
  "mean_intvty": 82.2510087543615,
  "median_tpot": 0.012383922178567777,
  "median_intvty": 80.7498614397504,
  "std_tpot": 0.0009468860267960712,
  "std_intvty": 1056.093311867372,
  "p99_tpot": 0.013466062211846219,
  "p99_intvty": 74.2607589559694,
  "mean_itl": 0.012185688086501948,
  "median_itl": 0.00930270180106163,
  "std_itl": 0.036858854644375605,
  "p99_itl": 0.010039176829159259,
  "mean_e2el": 11.943232636724133,
  "median_e2el": 11.875864460598677,
  "std_e2el": 1.333319295532958,
  "p99_e2el": 14.650673879180102
}