{
  "hw": "b200-nb_1",
  "tp": 2,
  "conc": 64,
  "model": "openai/gpt-oss-120b",
  "framework": "trt",
  "precision": "fp4",
  "tput_per_gpu": 29439.538379541227,
  "output_tput_per_gpu": 3266.0598539470393,
  "mean_ttft": 0.25714167113637815,
  "median_ttft": 0.10685900450334884,
  "std_ttft": 0.5114706962683183,
  "p99_ttft": 2.6627681638125806,
  "mean_tpot": 0.009343609289401655,
  "mean_intvty": 107.02502309619133,
  "median_tpot": 0.009556875388274207,
  "median_intvty": 104.63671015601484,
  "std_tpot": 0.000790737461089678,
  "std_intvty": 1264.64224753175,
  "p99_tpot": 0.010504286661517426,
  "p99_intvty": 95.19922982143198,
  "mean_itl": 0.18503408897564583,
  "median_itl": 0.1339856639970094,
  "std_itl": 0.10121642157317444,
  "p99_itl": 0.5092611739633145,
  "mean_e2el": 8.871345693260718,
  "median_e2el": 8.947892262483947,
  "std_e2el": 1.0788555624655887,
  "p99_e2el": 11.653035723383075
}