{
  "hw": "b200-nb_1",
  "tp": 1,
  "conc": 16,
  "model": "openai/gpt-oss-120b",
  "framework": "trt",
  "precision": "fp4",
  "tput_per_gpu": 19733.74460557102,
  "output_tput_per_gpu": 2186.6251425435707,
  "mean_ttft": 0.1707055592993129,
  "median_ttft": 0.10387495899340138,
  "std_ttft": 0.19929577401629367,
  "p99_ttft": 1.0978640658035874,
  "mean_tpot": 0.006941454050326576,
  "mean_intvty": 144.0620355259649,
  "median_tpot": 0.007020996147960288,
  "median_intvty": 142.42993144078508,
  "std_tpot": 0.0003797534026792215,
  "std_intvty": 2633.28779398641,
  "p99_tpot": 0.007540633175767971,
  "p99_intvty": 132.6148582871697,
  "mean_itl": 0.13735602308826017,
  "median_itl": 0.12083638896001503,
  "std_itl": 0.0492232856986997,
  "p99_itl": 0.30807277528336263,
  "mean_e2el": 6.520845914912206,
  "median_e2el": 6.462772139522713,
  "std_e2el": 0.5871573459982922,
  "p99_e2el": 7.586457581592258
}