{
  "hw": "mi300x",
  "tp": 4,
  "conc": 8,
  "model": "amd/Llama-3.3-70B-Instruct-FP8-KV",
  "framework": "vllm",
  "precision": "fp8",
  "tput_per_gpu": 1032.4980271889667,
  "output_tput_per_gpu": 116.07019262421811,
  "input_tput_per_gpu": 916.4278345647487,
  "mean_ttft": 1.0564984072116204,
  "median_ttft": 0.7770783680025488,
  "std_ttft": 0.8144142652067496,
  "p99_ttft": 3.624086747751571,
  "mean_tpot": 0.015842749715808718,
  "mean_intvty": 63.120355868662635,
  "median_tpot": 0.016110064923818765,
  "median_intvty": 62.0729962746145,
  "std_tpot": 0.001535755460132905,
  "std_intvty": 651.1453326778076,
  "p99_tpot": 0.01821291895194233,
  "p99_intvty": 54.90608082310466,
  "mean_itl": 0.016240172117572515,
  "median_itl": 0.011151214363053441,
  "std_itl": 0.059772976677033254,
  "p99_itl": 0.02283807534258863,
  "mean_e2el": 15.750199938734294,
  "median_e2el": 15.710702509386465,
  "std_e2el": 1.9592665006215129,
  "p99_e2el": 19.82057136450894
}