{
  "hw": "mi300x",
  "tp": 8,
  "conc": 4,
  "model": "amd/Llama-3.3-70B-Instruct-FP8-KV",
  "framework": "vllm",
  "precision": "fp8",
  "tput_per_gpu": 425.6081492292013,
  "output_tput_per_gpu": 47.34553787121474,
  "input_tput_per_gpu": 378.26261135798654,
  "mean_ttft": 0.47839710491534787,
  "median_ttft": 0.41430552199017256,
  "std_ttft": 0.22609922090657414,
  "p99_ttft": 1.2601399471168406,
  "mean_tpot": 0.009810808528748539,
  "mean_intvty": 101.92839836489598,
  "median_tpot": 0.009874588518127697,
  "median_intvty": 101.27004261131565,
  "std_tpot": 0.0003848664167571423,
  "std_intvty": 2598.30412958847,
  "p99_tpot": 0.010606182274485426,
  "p99_intvty": 94.28463269065554,
  "mean_itl": 0.00981295125211737,
  "median_itl": 0.008711160975508392,
  "std_itl": 0.02051888766501009,
  "p99_itl": 0.009182476126588884,
  "mean_e2el": 9.497725699149305,
  "median_e2el": 9.395080451562535,
  "std_e2el": 0.7222396561665674,
  "p99_e2el": 11.084300381452776
}