{
  "hw": "h200-trt",
  "tp": 8,
  "ep": 8,
  "conc": 8,
  "dp_attention": "false",
  "model": "deepseek-ai/DeepSeek-R1-0528",
  "framework": "trt",
  "precision": "fp8",
  "tput_per_gpu": 455.5261295666991,
  "output_tput_per_gpu": 51.208819980141755,
  "mean_ttft": 0.5600600939709693,
  "median_ttft": 0.3896962678991258,
  "std_ttft": 0.4873979668620202,
  "p99_ttft": 2.7201857823785387,
  "mean_tpot": 0.018612770121620964,
  "mean_intvty": 53.726554052176255,
  "median_tpot": 0.018646946390492573,
  "median_intvty": 53.628083604609124,
  "std_tpot": 0.000812305720530555,
  "std_intvty": 1231.0635943162547,
  "p99_tpot": 0.020061794042250964,
  "p99_intvty": 49.845990737117475,
  "mean_itl": 0.1852955794940128,
  "median_itl": 0.1639719419181347,
  "std_itl": 0.09340588927073078,
  "p99_itl": 0.5113414676487446,
  "mean_e2el": 17.799497279291973,
  "median_e2el": 17.75437466846779,
  "std_e2el": 1.657026522502459,
  "p99_e2el": 21.475367608256636
}