{
  "hw": "mi300x",
  "tp": 8,
  "ep": 1,
  "conc": 4,
  "dp_attention": "false",
  "model": "amd/Llama-3.3-70B-Instruct-FP8-KV",
  "framework": "vllm",
  "precision": "fp8",
  "tput_per_gpu": 425.7590526517572,
  "output_tput_per_gpu": 47.362324682558594,
  "mean_ttft": 0.47538063355896154,
  "median_ttft": 0.4155770255601965,
  "std_ttft": 0.21186003394135045,
  "p99_ttft": 1.2743018885876514,
  "mean_tpot": 0.009810018636633921,
  "mean_intvty": 101.93660552954124,
  "median_tpot": 0.00988041220002232,
  "median_intvty": 101.21035233709591,
  "std_tpot": 0.00033317306698468595,
  "std_intvty": 3001.44309097459,
  "p99_tpot": 0.01033458063761547,
  "p99_intvty": 96.762513648617,
  "mean_itl": 0.009810793768964363,
  "median_itl": 0.0087012400617823,
  "std_itl": 0.02037844222107542,
  "p99_itl": 0.009197120955213904,
  "mean_e2el": 9.492726217006567,
  "median_e2el": 9.382025712984614,
  "std_e2el": 0.7279918380802763,
  "p99_e2el": 11.220157429309328
}