{
  "hw": "mi325x",
  "tp": 4,
  "ep": 1,
  "conc": 8,
  "dp_attention": "false",
  "model": "openai/gpt-oss-120b",
  "framework": "vllm",
  "precision": "fp4",
  "tput_per_gpu": 2432.94124399029,
  "output_tput_per_gpu": 273.50363041582324,
  "mean_ttft": 0.3159842681256123,
  "median_ttft": 0.17141860560514033,
  "std_ttft": 0.3538003922214086,
  "p99_ttft": 1.6274157389299913,
  "mean_tpot": 0.006846364751522534,
  "mean_intvty": 146.06291605740319,
  "median_tpot": 0.0067707550333301805,
  "median_intvty": 147.694015671418,
  "std_tpot": 0.00038963380509442154,
  "std_intvty": 2566.512419931494,
  "p99_tpot": 0.007975158106967554,
  "p99_intvty": 125.38936364488409,
  "mean_itl": 0.006862245594510034,
  "median_itl": 0.005906213074922562,
  "std_itl": 0.013297630465639204,
  "p99_itl": 0.007591657806187868,
  "mean_e2el": 6.657213488651905,
  "median_e2el": 6.515288381837308,
  "std_e2el": 0.8294874404830053,
  "p99_e2el": 9.161456853169948
}