{
  "hw": "h200-trt",
  "tp": 8,
  "conc": 4,
  "model": "deepseek-ai/DeepSeek-R1-0528",
  "framework": "trt",
  "precision": "fp8",
  "tput_per_gpu": 285.289626891131,
  "output_tput_per_gpu": 31.736212896066483,
  "input_tput_per_gpu": 253.5534139950645,
  "mean_ttft": 0.4518542846897617,
  "median_ttft": 0.37405679235234857,
  "std_ttft": 0.23684538960377424,
  "p99_ttft": 1.391283246334642,
  "mean_tpot": 0.01492862308653189,
  "mean_intvty": 66.98541414058253,
  "median_tpot": 0.015048353804885659,
  "median_intvty": 66.45245140869402,
  "std_tpot": 0.00043391853065501043,
  "std_intvty": 2304.5800751824913,
  "p99_tpot": 0.01567176876471937,
  "p99_intvty": 63.80900682067374,
  "mean_itl": 0.14831105857256902,
  "median_itl": 0.14007363375276327,
  "std_itl": 0.05690822055555256,
  "p99_itl": 0.4607747825235115,
  "mean_e2el": 14.170627018762753,
  "median_e2el": 14.013050619047135,
  "std_e2el": 1.001356129481939,
  "p99_e2el": 16.34242626244202
}