{
  "hw": "mi325x",
  "tp": 1,
  "ep": 1,
  "conc": 32,
  "dp_attention": "false",
  "model": "openai/gpt-oss-120b",
  "framework": "vllm",
  "precision": "fp4",
  "tput_per_gpu": 11134.868951554596,
  "output_tput_per_gpu": 1245.1881542102037,
  "mean_ttft": 0.8983549630560447,
  "median_ttft": 0.3436006021220237,
  "std_ttft": 1.6637504212616332,
  "p99_ttft": 8.633432987830602,
  "mean_tpot": 0.024267004989653035,
  "mean_intvty": 41.20821668872529,
  "median_tpot": 0.024802108627113958,
  "median_intvty": 40.3191524976545,
  "std_tpot": 0.002560176695051531,
  "std_intvty": 390.5980403355996,
  "p99_tpot": 0.028967370722736176,
  "p99_intvty": 34.52160051292162,
  "mean_itl": 0.024311296851850617,
  "median_itl": 0.016518731135874987,
  "std_itl": 0.04417597934370648,
  "p99_itl": 0.27102742584422224,
  "mean_e2el": 23.37285701421206,
  "median_e2el": 23.325923038413748,
  "std_e2el": 3.365419182151908,
  "p99_e2el": 32.77294102593791
}