{
  "hw": "h200",
  "tp": 1,
  "conc": 4,
  "model": "nvidia/Llama-3.3-70B-Instruct-FP8",
  "framework": "vllm",
  "precision": "fp8",
  "tput_per_gpu": 1276.7111437560757,
  "output_tput_per_gpu": 142.02400944807354,
  "input_tput_per_gpu": 1134.6871343080022,
  "mean_ttft": 1.343248607730493,
  "median_ttft": 1.1617666208185256,
  "std_ttft": 0.668854594327136,
  "p99_ttft": 4.160243922574445,
  "mean_tpot": 0.026108866308830768,
  "mean_intvty": 38.3011651356831,
  "median_tpot": 0.02629826629119674,
  "median_intvty": 38.0253203358408,
  "std_tpot": 0.0011125757819635694,
  "std_intvty": 898.8151784457451,
  "p99_tpot": 0.028458989249871985,
  "p99_intvty": 35.13828236203077,
  "mean_itl": 0.026109864106398005,
  "median_itl": 0.022677619941532612,
  "std_itl": 0.059620939653547964,
  "p99_itl": 0.025290677286684514,
  "mean_e2el": 25.3414772313321,
  "median_e2el": 24.96933011431247,
  "std_e2el": 2.001305170746269,
  "p99_e2el": 30.18603488168679
}