{
  "hw": "b200-trt",
  "tp": 4,
  "ep": 1,
  "conc": 32,
  "dp_attention": "false",
  "model": "openai/gpt-oss-120b",
  "framework": "trt",
  "precision": "fp4",
  "tput_per_gpu": 10405.88895548553,
  "output_tput_per_gpu": 1163.6679082413755,
  "mean_ttft": 0.15665051612013486,
  "median_ttft": 0.08108543301932514,
  "std_ttft": 0.23502560441961776,
  "p99_ttft": 1.2046103626582771,
  "mean_tpot": 0.0065353825827881365,
  "mean_intvty": 153.01323026346503,
  "median_tpot": 0.006630111443708219,
  "median_intvty": 150.82702734189644,
  "std_tpot": 0.00039195685488007477,
  "std_intvty": 2551.3012147879526,
  "p99_tpot": 0.007142924784679786,
  "p99_intvty": 139.998674232831,
  "mean_itl": 0.1293747445030432,
  "median_itl": 0.10781937022693455,
  "std_itl": 0.048626843696453995,
  "p99_itl": 0.27338042216375474,
  "mean_e2el": 6.204111053263477,
  "median_e2el": 6.192535481182858,
  "std_e2el": 0.6016273732465944,
  "p99_e2el": 7.662513110456057
}