{
  "hw": "h200-trt",
  "tp": 8,
  "conc": 4,
  "model": "openai/gpt-oss-120b",
  "framework": "trt",
  "precision": "fp4",
  "tput_per_gpu": 944.5591818199861,
  "output_tput_per_gpu": 105.07473269826536,
  "input_tput_per_gpu": 839.4844491217207,
  "mean_ttft": 0.17516116246115415,
  "median_ttft": 0.14604282844811678,
  "std_ttft": 0.1009580506924145,
  "p99_ttft": 0.5109402847196907,
  "mean_tpot": 0.004463331058724893,
  "mean_intvty": 224.0479110428535,
  "median_tpot": 0.004474416758871462,
  "median_intvty": 223.49281568760708,
  "std_tpot": 0.00010681308688631208,
  "std_intvty": 9362.148676260646,
  "p99_tpot": 0.004628189628838654,
  "p99_intvty": 216.06720558053902,
  "mean_itl": 0.08812947661758957,
  "median_itl": 0.08321850933134556,
  "std_itl": 0.025952937876737917,
  "p99_itl": 0.19899712758138768,
  "mean_e2el": 4.277588079380803,
  "median_e2el": 4.223992629442364,
  "std_e2el": 0.3271954084873834,
  "p99_e2el": 5.018441639347002
}