{
  "hw": "b200-trt",
  "tp": 8,
  "ep": 1,
  "conc": 4,
  "dp_attention": "false",
  "model": "openai/gpt-oss-120b",
  "framework": "trt",
  "precision": "fp4",
  "tput_per_gpu": 1576.7182820480443,
  "output_tput_per_gpu": 175.39742899692698,
  "mean_ttft": 0.07918525622226298,
  "median_ttft": 0.06635768199339509,
  "std_ttft": 0.028864063046798283,
  "p99_ttft": 0.17224092849995937,
  "mean_tpot": 0.002697123455819098,
  "mean_intvty": 370.7653788863391,
  "median_tpot": 0.0027041155625239857,
  "median_intvty": 369.8066805497814,
  "std_tpot": 4.739414614494397e-05,
  "std_intvty": 21099.652200542503,
  "p99_tpot": 0.0027773424152684116,
  "p99_intvty": 360.0564318258023,
  "mean_itl": 0.053256649917859895,
  "median_itl": 0.05155668407678604,
  "std_itl": 0.01114433646072614,
  "p99_itl": 0.09422981533221898,
  "mean_e2el": 2.558282126043923,
  "median_e2el": 2.5362748550251126,
  "std_e2el": 0.17580656781130288,
  "p99_e2el": 2.8927767370734365
}