{
  "hw": "b200",
  "tp": 1,
  "conc": 64,
  "model": "nvidia/Llama-3.3-70B-Instruct-FP8",
  "framework": "vllm",
  "precision": "fp8",
  "tput_per_gpu": 5221.017468892451,
  "output_tput_per_gpu": 2609.920357574606,
  "input_tput_per_gpu": 2611.097111317845,
  "mean_ttft": 0.38900596838029744,
  "median_ttft": 0.1610820940695703,
  "std_ttft": 0.7385795339516152,
  "p99_ttft": 3.8466209490853362,
  "mean_tpot": 0.02325835608142436,
  "mean_intvty": 42.99530011919739,
  "median_tpot": 0.023200174196246683,
  "median_intvty": 43.10312463782189,
  "std_tpot": 0.001405598780862664,
  "std_intvty": 711.4405715308502,
  "p99_tpot": 0.02549814043097132,
  "p99_intvty": 39.21854625858715,
  "mean_itl": 0.023280725990758415,
  "median_itl": 0.019056393997743726,
  "std_itl": 0.03363284731192031,
  "p99_itl": 0.0891571882646531,
  "mean_e2el": 21.826225457075633,
  "median_e2el": 21.941182037000544,
  "std_e2el": 2.1149145741515487,
  "p99_e2el": 26.484788949328944
}