{
  "hw": "h200",
  "tp": 8,
  "conc": 16,
  "model": "nvidia/Llama-3.3-70B-Instruct-FP8",
  "framework": "vllm",
  "precision": "fp8",
  "tput_per_gpu": 1259.965426854614,
  "output_tput_per_gpu": 139.61222951665033,
  "input_tput_per_gpu": 1120.3531973379636,
  "mean_ttft": 0.49398039050283843,
  "median_ttft": 0.28423870587721467,
  "std_ttft": 0.6425909107111738,
  "p99_ttft": 3.4048364328127345,
  "mean_tpot": 0.013374371924907041,
  "mean_intvty": 74.76986624977161,
  "median_tpot": 0.013519925059087497,
  "median_intvty": 73.9649070264516,
  "std_tpot": 0.0009073730390941247,
  "std_intvty": 1102.0825580164353,
  "p99_tpot": 0.01497574520457379,
  "p99_intvty": 66.77464034942226,
  "mean_itl": 0.013394135014502147,
  "median_itl": 0.009997364599257708,
  "std_itl": 0.027422798395278877,
  "p99_itl": 0.22770901901647453,
  "mean_e2el": 12.7347127495741,
  "median_e2el": 12.750926893670112,
  "std_e2el": 1.3603378571790512,
  "p99_e2el": 15.886808557687328
}