{
  "hw": "mi300x",
  "tp": 8,
  "conc": 4,
  "model": "amd/Llama-3.3-70B-Instruct-FP8-KV",
  "framework": "vllm",
  "precision": "fp8",
  "tput_per_gpu": 108.13101854639427,
  "output_tput_per_gpu": 53.80242568577724,
  "input_tput_per_gpu": 54.328592860617036,
  "mean_ttft": 0.14010816629743203,
  "median_ttft": 0.1113412119448185,
  "std_ttft": 0.08790683071064619,
  "p99_ttft": 0.4506232083775103,
  "mean_tpot": 0.00887065905803752,
  "mean_intvty": 112.73119544527198,
  "median_tpot": 0.00889543217502341,
  "median_intvty": 112.41724745064096,
  "std_tpot": 0.00011361877967186579,
  "std_intvty": 8801.361912951608,
  "p99_tpot": 0.008986367038749419,
  "p99_intvty": 111.27967461021537,
  "mean_itl": 0.00887166339856423,
  "median_itl": 0.008650362025946379,
  "std_itl": 0.0042406672905843995,
  "p99_itl": 0.008889289908111095,
  "mean_e2el": 8.272983626136556,
  "median_e2el": 8.3524358314462,
  "std_e2el": 0.5822768720998758,
  "p99_e2el": 9.351604391033762
}