{
  "hw": "h200-trt",
  "tp": 8,
  "ep": 1,
  "conc": 32,
  "dp_attention": "false",
  "model": "openai/gpt-oss-120b",
  "framework": "trt",
  "precision": "fp4",
  "tput_per_gpu": 3494.140413170255,
  "output_tput_per_gpu": 390.74211565097073,
  "mean_ttft": 0.40023677641002,
  "median_ttft": 0.1747479597106576,
  "std_ttft": 0.7833104043632103,
  "p99_ttft": 3.851413379870355,
  "mean_tpot": 0.009556990867939827,
  "mean_intvty": 104.63544580278197,
  "median_tpot": 0.009644083105114033,
  "median_intvty": 103.69052081993397,
  "std_tpot": 0.0008585312616331952,
  "std_intvty": 1164.779950001689,
  "p99_tpot": 0.012258962310564475,
  "p99_intvty": 81.57297287211857,
  "mean_itl": 0.18931206700438516,
  "median_itl": 0.13748475909233093,
  "std_itl": 0.12630601038918232,
  "p99_itl": 0.5329923371411868,
  "mean_e2el": 9.249392497245571,
  "median_e2el": 9.101793027948588,
  "std_e2el": 1.308721207016423,
  "p99_e2el": 13.48036023028195
}