{
  "hw": "h200-trt",
  "tp": 2,
  "ep": 1,
  "conc": 8,
  "dp_attention": "false",
  "model": "openai/gpt-oss-120b",
  "framework": "trt",
  "precision": "fp4",
  "tput_per_gpu": 4374.464368464183,
  "output_tput_per_gpu": 491.7635758179414,
  "mean_ttft": 0.29660755933728067,
  "median_ttft": 0.2196105606853962,
  "std_ttft": 0.24089739842624092,
  "p99_ttft": 1.2811561447940762,
  "mean_tpot": 0.007689972911450349,
  "mean_intvty": 130.0394697764153,
  "median_tpot": 0.007784277900638871,
  "median_intvty": 128.46406728592362,
  "std_tpot": 0.0004111172918195116,
  "std_intvty": 2432.395863414617,
  "p99_tpot": 0.008253606048312524,
  "p99_intvty": 121.15916293393396,
  "mean_itl": 0.15222230467360276,
  "median_itl": 0.13229834847152233,
  "std_itl": 0.07155807856986009,
  "p99_itl": 0.45341622062958825,
  "mean_e2el": 7.420611192169599,
  "median_e2el": 7.412997535429895,
  "std_e2el": 0.7280221536662431,
  "p99_e2el": 8.882892960840834
}