{
  "hw": "h200",
  "tp": 2,
  "conc": 8,
  "model": "nvidia/Llama-3.3-70B-Instruct-FP8",
  "framework": "vllm",
  "precision": "fp8",
  "tput_per_gpu": 533.3115615247,
  "output_tput_per_gpu": 267.6442416553672,
  "input_tput_per_gpu": 265.6673198693328,
  "mean_ttft": 0.15518706203438343,
  "median_ttft": 0.11085071181878448,
  "std_ttft": 0.13838092984789604,
  "p99_ttft": 0.6006282667070627,
  "mean_tpot": 0.014437127293030918,
  "mean_intvty": 69.26585737612214,
  "median_tpot": 0.014480193886695612,
  "median_intvty": 69.05984877169352,
  "std_tpot": 0.0001566141728267893,
  "std_intvty": 6385.118166195411,
  "p99_tpot": 0.014664172814645077,
  "p99_intvty": 68.19341347377618,
  "mean_itl": 0.014440196884706562,
  "median_itl": 0.013959722593426704,
  "std_itl": 0.0059998057142604385,
  "p99_itl": 0.016900706430897118,
  "mean_e2el": 13.556772625702433,
  "median_e2el": 13.635270735248923,
  "std_e2el": 0.9069633881830814,
  "p99_e2el": 14.97270792520605
}