{
  "hw": "b200-nb_1",
  "tp": 2,
  "conc": 32,
  "model": "openai/gpt-oss-120b",
  "framework": "trt",
  "precision": "fp4",
  "tput_per_gpu": 20783.25225642413,
  "output_tput_per_gpu": 2324.1458546352005,
  "mean_ttft": 0.16796649531097502,
  "median_ttft": 0.08466283101006411,
  "std_ttft": 0.26226212150639716,
  "p99_ttft": 1.3541177819127916,
  "mean_tpot": 0.0065344047478052255,
  "mean_intvty": 153.0361277874438,
  "median_tpot": 0.0066554535771324325,
  "median_intvty": 150.25271957961127,
  "std_tpot": 0.00045251438211651204,
  "std_intvty": 2209.874513430433,
  "p99_tpot": 0.007264736968574391,
  "p99_intvty": 137.6512328423966,
  "mean_itl": 0.12936634887609835,
  "median_itl": 0.10411005798960105,
  "std_itl": 0.056356722090534314,
  "p99_itl": 0.300735133276321,
  "mean_e2el": 6.2150345801424915,
  "median_e2el": 6.227265455527231,
  "std_e2el": 0.659126510047166,
  "p99_e2el": 7.875306530942908
}