{
  "hw": "b200-nb_1",
  "tp": 2,
  "conc": 16,
  "model": "openai/gpt-oss-120b",
  "framework": "trt",
  "precision": "fp4",
  "tput_per_gpu": 14041.675022162925,
  "output_tput_per_gpu": 1555.9074195284516,
  "mean_ttft": 0.1233453732354974,
  "median_ttft": 0.07923187903361395,
  "std_ttft": 0.12983823150634555,
  "p99_ttft": 0.7274951158335898,
  "mean_tpot": 0.004862808853480329,
  "mean_intvty": 205.6424651123798,
  "median_tpot": 0.004909576530166951,
  "median_intvty": 203.68355475375284,
  "std_tpot": 0.0002384038362553235,
  "std_intvty": 4194.563374932563,
  "p99_tpot": 0.005253952815345076,
  "p99_intvty": 190.33288557128404,
  "mean_itl": 0.09622308685146781,
  "median_itl": 0.08455942600267008,
  "std_itl": 0.032536173826243915,
  "p99_itl": 0.2126046320865862,
  "mean_e2el": 4.571858777325178,
  "median_e2el": 4.587843026500195,
  "std_e2el": 0.3937327062566299,
  "p99_e2el": 5.298608288982068
}