{
  "hw": "h100",
  "tp": 2,
  "ep": 1,
  "conc": 16,
  "dp_attention": "false",
  "model": "openai/gpt-oss-120b",
  "framework": "vllm",
  "precision": "fp4",
  "tput_per_gpu": 5556.808478318871,
  "output_tput_per_gpu": 615.729927282077,
  "mean_ttft": 0.3945939494180493,
  "median_ttft": 0.23181993793696165,
  "std_ttft": 0.5072465417501865,
  "p99_ttft": 2.7040189876407377,
  "mean_tpot": 0.012257566278598994,
  "mean_intvty": 81.58226333607044,
  "median_tpot": 0.012450398052656325,
  "median_intvty": 80.31871718243156,
  "std_tpot": 0.00089413510244366,
  "std_intvty": 1118.3992187165145,
  "p99_tpot": 0.013914286584326196,
  "p99_intvty": 71.86857866837772,
  "mean_itl": 0.01227129609674177,
  "median_itl": 0.009431603364646435,
  "std_itl": 0.02308179028368917,
  "p99_itl": 0.19106276286765997,
  "mean_e2el": 11.6125525364012,
  "median_e2el": 11.600649961736053,
  "std_e2el": 1.2275004934729419,
  "p99_e2el": 14.054978987751527
}