{
  "hw": "mi325x",
  "tp": 1,
  "conc": 4,
  "model": "amd/Llama-3.3-70B-Instruct-FP8-KV",
  "framework": "vllm",
  "precision": "fp8",
  "tput_per_gpu": 363.7611585702183,
  "output_tput_per_gpu": 180.99554563013058,
  "input_tput_per_gpu": 182.76561294008772,
  "mean_ttft": 0.2094720055931248,
  "median_ttft": 0.17453011800535023,
  "std_ttft": 0.09523427290730639,
  "p99_ttft": 0.48443425725447015,
  "mean_tpot": 0.021215215201929226,
  "mean_intvty": 47.13598191118344,
  "median_tpot": 0.021252015647617382,
  "median_intvty": 47.054360234866124,
  "std_tpot": 0.00020855880929445468,
  "std_intvty": 4794.810650209196,
  "p99_tpot": 0.021430820705517658,
  "p99_intvty": 46.66176875543251,
  "mean_itl": 0.021216892452541304,
  "median_itl": 0.020893934881314635,
  "std_itl": 0.00654587606525406,
  "p99_itl": 0.02150743284262717,
  "mean_e2el": 19.65952744158567,
  "median_e2el": 19.827867228537798,
  "std_e2el": 1.3703217848193545,
  "p99_e2el": 22.051376391474623
}