{
  "hw": "h200-trt",
  "tp": 8,
  "ep": 8,
  "conc": 16,
  "dp_attention": "false",
  "model": "deepseek-ai/DeepSeek-R1-0528",
  "framework": "trt",
  "precision": "fp8",
  "tput_per_gpu": 679.454607186091,
  "output_tput_per_gpu": 75.28791706723223,
  "mean_ttft": 0.7094624708814081,
  "median_ttft": 0.4030306078493595,
  "std_ttft": 0.9497069481916566,
  "p99_ttft": 5.165232749581336,
  "mean_tpot": 0.025096122672919486,
  "mean_intvty": 39.84679279078723,
  "median_tpot": 0.02527825186253841,
  "median_intvty": 39.55969761825062,
  "std_tpot": 0.0014575974262176987,
  "std_intvty": 686.0604869445245,
  "p99_tpot": 0.02830119509704621,
  "p99_intvty": 35.33419689772641,
  "mean_itl": 0.2497107128849073,
  "median_itl": 0.20439685508608818,
  "std_itl": 0.14862662958385212,
  "p99_itl": 0.8302398956753314,
  "mean_e2el": 23.670362226641736,
  "median_e2el": 23.470712160225958,
  "std_e2el": 2.3033794198393736,
  "p99_e2el": 28.942788205016402
}