{
  "hw": "b200",
  "tp": 8,
  "ep": 1,
  "conc": 8,
  "dp_attention": "false",
  "model": "nvidia/Llama-3.3-70B-Instruct-FP8",
  "framework": "vllm",
  "precision": "fp8",
  "tput_per_gpu": 1095.217769862904,
  "output_tput_per_gpu": 123.12094954752693,
  "mean_ttft": 0.32516849259554875,
  "median_ttft": 0.2105336160166189,
  "std_ttft": 0.30764388813013255,
  "p99_ttft": 1.6277486044284883,
  "mean_tpot": 0.007624017839627448,
  "mean_intvty": 131.16443600148574,
  "median_tpot": 0.0076880450392999315,
  "median_intvty": 130.0720787779177,
  "std_tpot": 0.0003477517024934189,
  "std_intvty": 2875.6149655915046,
  "p99_tpot": 0.008266050763394716,
  "p99_intvty": 120.97675523944136,
  "mean_itl": 0.007635604652959898,
  "median_itl": 0.006475402973592281,
  "std_itl": 0.013886063473711607,
  "p99_itl": 0.007135308878496287,
  "mean_e2el": 7.387052758317441,
  "median_e2el": 7.39576693053823,
  "std_e2el": 0.7362303958148809,
  "p99_e2el": 9.29070678553311
}