{
  "hw": "h200-trt",
  "tp": 8,
  "ep": 1,
  "conc": 4,
  "dp_attention": "false",
  "model": "openai/gpt-oss-120b",
  "framework": "trt",
  "precision": "fp4",
  "tput_per_gpu": 940.3342588588088,
  "output_tput_per_gpu": 104.60474345951687,
  "mean_ttft": 0.19035530076653231,
  "median_ttft": 0.16081215301528573,
  "std_ttft": 0.10332314300177683,
  "p99_ttft": 0.5256211533152964,
  "mean_tpot": 0.00447050485605483,
  "mean_intvty": 223.688382453182,
  "median_tpot": 0.0044927801786277585,
  "median_intvty": 222.5793295556767,
  "std_tpot": 0.00010367611672773227,
  "std_intvty": 9645.422991933016,
  "p99_tpot": 0.0046086358885338435,
  "p99_intvty": 216.98394583264255,
  "mean_itl": 0.0882593331004845,
  "median_itl": 0.08314505248563364,
  "std_itl": 0.027206399794343514,
  "p99_itl": 0.21037138371262698,
  "mean_e2el": 4.298826992415707,
  "median_e2el": 4.233426876482554,
  "std_e2el": 0.32048220928297755,
  "p99_e2el": 4.986155866851331
}