{
  "hw": "b200-nb_1",
  "tp": 4,
  "conc": 64,
  "model": "openai/gpt-oss-120b",
  "framework": "trt",
  "precision": "fp4",
  "tput_per_gpu": 5559.626018383697,
  "mean_ttft": 0.07488886594292125,
  "median_ttft": 0.0541822190862149,
  "std_ttft": 0.07753375317953047,
  "p99_ttft": 0.35888953039888294,
  "mean_tpot": 0.0055329904664042275,
  "mean_intvty": 180.73409055589406,
  "median_tpot": 0.0056650662808571724,
  "median_intvty": 176.5204413193011,
  "std_tpot": 0.00036992272133836313,
  "std_intvty": 2703.2673104859487,
  "p99_tpot": 0.005965557591909428,
  "p99_intvty": 167.62892396784733,
  "mean_itl": 0.10953741890157462,
  "median_itl": 0.08954415796324611,
  "std_itl": 0.03499905130182093,
  "p99_itl": 0.22906764539890023,
  "mean_e2el": 5.174369006819324,
  "median_e2el": 5.23179822601378,
  "std_e2el": 0.49628394497016975,
  "p99_e2el": 6.081581046753563
}