{
  "hw": "mi325x",
  "tp": 8,
  "ep": 1,
  "conc": 4,
  "dp_attention": "false",
  "model": "openai/gpt-oss-120b",
  "framework": "vllm",
  "precision": "fp4",
  "tput_per_gpu": 878.5836798919399,
  "output_tput_per_gpu": 97.7354803113837,
  "mean_ttft": 0.22296749985544012,
  "median_ttft": 0.13262489810585976,
  "std_ttft": 0.21680005019822213,
  "p99_ttft": 0.9118042640434578,
  "mean_tpot": 0.0047575885555233965,
  "mean_intvty": 210.19051738701415,
  "median_tpot": 0.004688026999528739,
  "median_intvty": 213.30935169539862,
  "std_tpot": 0.00022788031213314192,
  "std_intvty": 4388.268519729504,
  "p99_tpot": 0.0053475845474250374,
  "p99_intvty": 187.00031596162773,
  "mean_itl": 0.00475668809316494,
  "median_itl": 0.0044243233278393745,
  "std_itl": 0.00825872383317343,
  "p99_itl": 0.005368373654782776,
  "mean_e2el": 4.594958064216189,
  "median_e2el": 4.588389744516462,
  "std_e2el": 0.4072699608820715,
  "p99_e2el": 5.579278207467869
}