{
  "hw": "h200-trt",
  "tp": 2,
  "ep": 1,
  "conc": 32,
  "dp_attention": "false",
  "model": "openai/gpt-oss-120b",
  "framework": "trt",
  "precision": "fp4",
  "tput_per_gpu": 9298.60946790102,
  "output_tput_per_gpu": 1039.84325369547,
  "mean_ttft": 0.49915389833040535,
  "median_ttft": 0.21224536886438727,
  "std_ttft": 0.8868236766107374,
  "p99_ttft": 4.566382404454052,
  "mean_tpot": 0.014526087919015085,
  "mean_intvty": 68.84165961097963,
  "median_tpot": 0.014781991865611572,
  "median_intvty": 67.64988163241878,
  "std_tpot": 0.0014049586442973574,
  "std_intvty": 711.7647227973149,
  "p99_tpot": 0.017019054161084065,
  "p99_intvty": 58.75767187383479,
  "mean_itl": 0.28774745832412174,
  "median_itl": 0.2015879387035966,
  "std_itl": 0.18936389154669858,
  "p99_itl": 0.8532812308333819,
  "mean_e2el": 13.949548963501002,
  "median_e2el": 13.872071546968073,
  "std_e2el": 1.8892429051241024,
  "p99_e2el": 19.180944556277247
}