{
  "hw": "mi325x",
  "tp": 1,
  "ep": 1,
  "conc": 8,
  "dp_attention": "false",
  "model": "openai/gpt-oss-120b",
  "framework": "vllm",
  "precision": "fp4",
  "tput_per_gpu": 6370.006447188436,
  "output_tput_per_gpu": 716.0961627748995,
  "mean_ttft": 0.5029582499002572,
  "median_ttft": 0.3115593399852514,
  "std_ttft": 0.47537837323033694,
  "p99_ttft": 2.4566654931474465,
  "mean_tpot": 0.01046279515057452,
  "mean_intvty": 95.5767541664131,
  "median_tpot": 0.010587120174529677,
  "median_intvty": 94.45439208348498,
  "std_tpot": 0.0006630777822992494,
  "std_intvty": 1508.1186954152784,
  "p99_tpot": 0.011500881016936977,
  "p99_intvty": 86.94986049567265,
  "mean_itl": 0.010488727971990207,
  "median_itl": 0.0086955432780087,
  "std_itl": 0.022292417695886517,
  "p99_itl": 0.010421607270836821,
  "mean_e2el": 10.199917981616455,
  "median_e2el": 10.291390443919227,
  "std_e2el": 1.1438316507349793,
  "p99_e2el": 12.949878004495984
}