{
  "hw": "mi300x",
  "tp": 4,
  "conc": 4,
  "model": "amd/Llama-3.3-70B-Instruct-FP8-KV",
  "framework": "vllm",
  "precision": "fp8",
  "tput_per_gpu": 641.7698604912371,
  "output_tput_per_gpu": 71.39181730782362,
  "input_tput_per_gpu": 570.3780431834134,
  "mean_ttft": 0.7461436539888382,
  "median_ttft": 0.6672272747382522,
  "std_ttft": 0.29491614375344793,
  "p99_ttft": 1.9869735480006785,
  "mean_tpot": 0.012905308643702044,
  "mean_intvty": 77.48749197780812,
  "median_tpot": 0.013021156018874908,
  "median_intvty": 76.79809677039758,
  "std_tpot": 0.0005646083376252508,
  "std_intvty": 1771.1392718818352,
  "p99_tpot": 0.013842622660513296,
  "p99_intvty": 72.24064575945893,
  "mean_itl": 0.012904702769520209,
  "median_itl": 0.011045125313103199,
  "std_itl": 0.03436217188686958,
  "p99_itl": 0.01145022686570883,
  "mean_e2el": 12.607178357918746,
  "median_e2el": 12.385508683975786,
  "std_e2el": 0.9949984070170925,
  "p99_e2el": 14.784260881589725
}