{
  "hw": "b200-trt",
  "tp": 2,
  "conc": 8,
  "model": "nvidia/Llama-3.3-70B-Instruct-FP8",
  "framework": "trt",
  "precision": "fp8",
  "tput_per_gpu": 773.3044420614891,
  "output_tput_per_gpu": 388.08549428885465,
  "input_tput_per_gpu": 385.21894777263446,
  "mean_ttft": 0.270295279011043,
  "median_ttft": 0.2532695514964871,
  "std_ttft": 0.07898144806818733,
  "p99_ttft": 0.49508177261741365,
  "mean_tpot": 0.00978422422461522,
  "mean_intvty": 102.2053437291628,
  "median_tpot": 0.009803172070051675,
  "median_intvty": 102.00779837935954,
  "std_tpot": 6.921125283962163e-05,
  "std_intvty": 14448.517531061452,
  "p99_tpot": 0.009905397793196975,
  "p99_intvty": 100.9550571191396,
  "mean_itl": 0.0972761106284964,
  "median_itl": 0.0957166719599627,
  "std_itl": 0.011023453055594117,
  "p99_itl": 0.15580034682992847,
  "mean_e2el": 9.3522359644252,
  "median_e2el": 9.416355029999977,
  "std_e2el": 0.5998459134085863,
  "p99_e2el": 10.313747179930214
}