{
  "hw": "h200",
  "tp": 2,
  "conc": 32,
  "model": "nvidia/Llama-3.3-70B-Instruct-FP8",
  "framework": "vllm",
  "precision": "fp8",
  "tput_per_gpu": 1511.7782787403135,
  "output_tput_per_gpu": 757.0865707741947,
  "input_tput_per_gpu": 754.6917079661188,
  "mean_ttft": 0.27868445414933374,
  "median_ttft": 0.12238188646733761,
  "std_ttft": 0.46812646501654753,
  "p99_ttft": 2.3870819271635266,
  "mean_tpot": 0.02030609779377312,
  "mean_intvty": 49.24629094944331,
  "median_tpot": 0.020513623593180555,
  "median_intvty": 48.748091504049775,
  "std_tpot": 0.000713625671502687,
  "std_intvty": 1401.2948804017833,
  "p99_tpot": 0.02110240780406484,
  "p99_intvty": 47.387957302548934,
  "mean_itl": 0.020315019411844836,
  "median_itl": 0.01816158089786768,
  "std_itl": 0.014052245168129042,
  "p99_itl": 0.08595661707222463,
  "mean_e2el": 19.023162272144692,
  "median_e2el": 19.021376791410148,
  "std_e2el": 1.4923272279881377,
  "p99_e2el": 22.314077386427673
}