{
  "hw": "h200",
  "tp": 2,
  "conc": 4,
  "model": "nvidia/Llama-3.3-70B-Instruct-FP8",
  "framework": "vllm",
  "precision": "fp8",
  "tput_per_gpu": 277.090539735576,
  "output_tput_per_gpu": 137.8711064851276,
  "input_tput_per_gpu": 139.2194332504484,
  "mean_ttft": 0.1248680115910247,
  "median_ttft": 0.10996804246678948,
  "std_ttft": 0.0607935344860072,
  "p99_ttft": 0.3380258716177195,
  "mean_tpot": 0.0139032231940024,
  "mean_intvty": 71.9257675753477,
  "median_tpot": 0.013914384873078448,
  "median_intvty": 71.86807100145691,
  "std_tpot": 7.391748145039668e-05,
  "std_intvty": 13528.599464946103,
  "p99_tpot": 0.01401722361141447,
  "p99_intvty": 71.34080383690836,
  "mean_itl": 0.013903568141896298,
  "median_itl": 0.013687711209058762,
  "std_itl": 0.0039035391050333953,
  "p99_itl": 0.01509619526565075,
  "mean_e2el": 12.870616322546265,
  "median_e2el": 12.974484970327467,
  "std_e2el": 0.8848705004890927,
  "p99_e2el": 14.353096267310903
}