{
  "hw": "h200-trt",
  "tp": 8,
  "ep": 8,
  "conc": 8,
  "dp_attention": "false",
  "model": "deepseek-ai/DeepSeek-R1-0528",
  "framework": "trt",
  "precision": "fp8",
  "tput_per_gpu": 455.68512121447293,
  "output_tput_per_gpu": 51.22669332294415,
  "mean_ttft": 0.5468011938035489,
  "median_ttft": 0.3842735621146858,
  "std_ttft": 0.4802950615519475,
  "p99_ttft": 2.6836938283313057,
  "mean_tpot": 0.01862670460679298,
  "mean_intvty": 53.68636165708612,
  "median_tpot": 0.018744275792603037,
  "median_intvty": 53.34962049558752,
  "std_tpot": 0.0007616102678172235,
  "std_intvty": 1313.0075082443439,
  "p99_tpot": 0.019818098908774142,
  "p99_intvty": 50.458926691362215,
  "mean_itl": 0.1853921520902237,
  "median_itl": 0.16521737724542618,
  "std_itl": 0.0935205154563609,
  "p99_itl": 0.5127775948494673,
  "mean_e2el": 17.795223386981526,
  "median_e2el": 17.748166712000966,
  "std_e2el": 1.6440286096844523,
  "p99_e2el": 21.600892393765967
}