{
  "hw": "mi325x",
  "tp": 8,
  "conc": 8,
  "model": "amd/Llama-3.3-70B-Instruct-FP8-KV",
  "framework": "vllm",
  "precision": "fp8",
  "tput_per_gpu": 223.58349241348563,
  "output_tput_per_gpu": 112.20614475820702,
  "input_tput_per_gpu": 111.37734765527861,
  "mean_ttft": 0.12060165464645252,
  "median_ttft": 0.08068984234705567,
  "std_ttft": 0.12207343329549213,
  "p99_ttft": 0.5097851313487627,
  "mean_tpot": 0.00858437849794627,
  "mean_intvty": 116.49066967856093,
  "median_tpot": 0.008619354697723316,
  "median_intvty": 116.01796596955644,
  "std_tpot": 0.00010741302358440075,
  "std_intvty": 9309.858028661125,
  "p99_tpot": 0.008708333386458758,
  "p99_intvty": 114.83253518462845,
  "mean_itl": 0.008586002910505992,
  "median_itl": 0.00826328038237989,
  "std_itl": 0.004044661323208649,
  "p99_itl": 0.008758989570196723,
  "mean_e2el": 8.089056086313212,
  "median_e2el": 8.136559854610823,
  "std_e2el": 0.5460071007633011,
  "p99_e2el": 8.951475056561176
}