{
  "hw": "h200-trt",
  "tp": 8,
  "ep": 8,
  "conc": 4,
  "dp_attention": "false",
  "model": "deepseek-ai/DeepSeek-R1-0528",
  "framework": "trt",
  "precision": "fp8",
  "tput_per_gpu": 284.730361339112,
  "output_tput_per_gpu": 31.673999030046446,
  "mean_ttft": 0.46456190252210944,
  "median_ttft": 0.38724310556426644,
  "std_ttft": 0.24523505020045294,
  "p99_ttft": 1.4317160729784517,
  "mean_tpot": 0.014941558302670821,
  "mean_intvty": 66.92742348174279,
  "median_tpot": 0.015016546404690858,
  "median_intvty": 66.59320812191682,
  "std_tpot": 0.0004101642680309438,
  "std_intvty": 2438.0475773783337,
  "p99_tpot": 0.01569535250156345,
  "p99_intvty": 63.713127812859746,
  "mean_itl": 0.1484596365279946,
  "median_itl": 0.13971697445958853,
  "std_itl": 0.057997429609790235,
  "p99_itl": 0.46688423899933684,
  "mean_e2el": 14.197077982709743,
  "median_e2el": 14.027360087260604,
  "std_e2el": 1.0208253133109746,
  "p99_e2el": 16.41978437671438
}