{
  "hw": "mi325x",
  "tp": 8,
  "conc": 8,
  "model": "amd/Llama-3.3-70B-Instruct-FP8-KV",
  "framework": "vllm",
  "precision": "fp8",
  "tput_per_gpu": 726.737938730136,
  "output_tput_per_gpu": 81.69760165584894,
  "input_tput_per_gpu": 645.040337074287,
  "mean_ttft": 0.6775868375319988,
  "median_ttft": 0.5109738095197827,
  "std_ttft": 0.49307450116022167,
  "p99_ttft": 2.4940303440345453,
  "mean_tpot": 0.011319861888783565,
  "mean_intvty": 88.34030042282258,
  "median_tpot": 0.0115126953582342,
  "median_intvty": 86.86063244822788,
  "std_tpot": 0.0009210215859270135,
  "std_intvty": 1085.7508828020511,
  "p99_tpot": 0.012622021635476712,
  "p99_intvty": 79.22661114676752,
  "mean_itl": 0.0113506267217201,
  "median_itl": 0.008462640922516584,
  "std_itl": 0.03672925911027703,
  "p99_itl": 0.009886159803718327,
  "mean_e2el": 11.173369103635196,
  "median_e2el": 11.057207862148061,
  "std_e2el": 1.2861502429882423,
  "p99_e2el": 13.854613093514924
}