{
  "hw": "b200-nb_1",
  "tp": 4,
  "conc": 32,
  "model": "openai/gpt-oss-120b",
  "framework": "trt",
  "precision": "fp4",
  "tput_per_gpu": 3520.6556670467844,
  "output_tput_per_gpu": 1763.1164326968362,
  "mean_ttft": 0.06446426845341194,
  "median_ttft": 0.039062024996383116,
  "std_ttft": 0.060459542063553785,
  "p99_ttft": 0.24939087737409862,
  "mean_tpot": 0.004363148744814968,
  "mean_intvty": 229.19227798235602,
  "median_tpot": 0.004411509788448875,
  "median_intvty": 226.6797645147261,
  "std_tpot": 0.00020970288915012945,
  "std_intvty": 4768.65151478235,
  "p99_tpot": 0.004600505708560267,
  "p99_intvty": 217.36740770460884,
  "mean_itl": 0.0863301219024138,
  "median_itl": 0.07683354296023026,
  "std_itl": 0.02113207809565648,
  "p99_itl": 0.15751852330868132,
  "mean_e2el": 4.092573614637695,
  "median_e2el": 4.08948309297557,
  "std_e2el": 0.33898143855890067,
  "p99_e2el": 4.674893732815981
}