{
  "hw": "mi325x",
  "tp": 8,
  "conc": 32,
  "model": "amd/Llama-3.3-70B-Instruct-FP8-KV",
  "framework": "vllm",
  "precision": "fp8",
  "tput_per_gpu": 670.4224813474545,
  "output_tput_per_gpu": 335.7422609591936,
  "input_tput_per_gpu": 334.680220388261,
  "mean_ttft": 0.22222510775754928,
  "median_ttft": 0.0912328741978854,
  "std_ttft": 0.373259377221125,
  "p99_ttft": 1.3835333936009555,
  "mean_tpot": 0.011361855873018797,
  "mean_intvty": 88.01379028004729,
  "median_tpot": 0.011516804946802819,
  "median_intvty": 86.82963761382537,
  "std_tpot": 0.00046929123866229993,
  "std_intvty": 2130.8729369217904,
  "p99_tpot": 0.011883734803493803,
  "p99_intvty": 84.1486297477794,
  "mean_itl": 0.011368294661223048,
  "median_itl": 0.009887074120342731,
  "std_itl": 0.009083257579793273,
  "p99_itl": 0.06200252631679178,
  "mean_e2el": 10.711643698893022,
  "median_e2el": 10.724002449773252,
  "std_e2el": 0.8481116384956103,
  "p99_e2el": 12.62812709106598
}