{
  "hw": "b200",
  "tp": 4,
  "ep": 1,
  "conc": 4,
  "dp_attention": "false",
  "model": "nvidia/Llama-3.3-70B-Instruct-FP8",
  "framework": "vllm",
  "precision": "fp8",
  "tput_per_gpu": 914.3023001247527,
  "output_tput_per_gpu": 101.70889409587741,
  "mean_ttft": 0.3433311930275522,
  "median_ttft": 0.30639186257030815,
  "std_ttft": 0.16789925078448267,
  "p99_ttft": 1.0251170615828595,
  "mean_tpot": 0.009230344434537041,
  "mean_intvty": 108.33831901855308,
  "median_tpot": 0.009273610356390401,
  "median_intvty": 107.83286784428081,
  "std_tpot": 0.0002194406997641693,
  "std_intvty": 4557.039788310418,
  "p99_tpot": 0.00968506659390438,
  "p99_intvty": 103.25174228841993,
  "mean_itl": 0.00923118657410152,
  "median_itl": 0.008472325629554689,
  "std_itl": 0.01355339815340147,
  "p99_itl": 0.00999775662086904,
  "mean_e2el": 8.827252859435976,
  "median_e2el": 8.732255683513358,
  "std_e2el": 0.6371870973712983,
  "p99_e2el": 10.18033341352595
}