{
  "hw": "h200",
  "tp": 8,
  "conc": 16,
  "model": "nvidia/Llama-3.3-70B-Instruct-FP8",
  "framework": "vllm",
  "precision": "fp8",
  "tput_per_gpu": 402.2844999154286,
  "output_tput_per_gpu": 200.07730453190155,
  "input_tput_per_gpu": 202.20719538352708,
  "mean_ttft": 0.09666459310683422,
  "median_ttft": 0.06185843516141176,
  "std_ttft": 0.09621265726460658,
  "p99_ttft": 0.4834666637610644,
  "mean_tpot": 0.009669973606165156,
  "mean_intvty": 103.41289860009994,
  "median_tpot": 0.009719031003729084,
  "median_intvty": 102.89091573185755,
  "std_tpot": 0.0001773491480334604,
  "std_intvty": 5638.5948908608825,
  "p99_tpot": 0.009876928079011481,
  "p99_intvty": 101.2460546437515,
  "mean_itl": 0.009672374249407159,
  "median_itl": 0.009159526787698269,
  "std_itl": 0.0045305231889719005,
  "p99_itl": 0.043532242402434335,
  "mean_e2el": 8.945859222998843,
  "median_e2el": 8.968092071358114,
  "std_e2el": 0.6449369194686304,
  "p99_e2el": 10.131101434752345
}