{
  "hw": "mi325x",
  "tp": 1,
  "ep": 1,
  "conc": 16,
  "dp_attention": "false",
  "model": "openai/gpt-oss-120b",
  "framework": "vllm",
  "precision": "fp4",
  "tput_per_gpu": 8601.656785333797,
  "output_tput_per_gpu": 953.1185981312206,
  "mean_ttft": 0.6006948005204322,
  "median_ttft": 0.30161029344890267,
  "std_ttft": 0.9115836520378676,
  "p99_ttft": 4.569460224334613,
  "mean_tpot": 0.015780452198216104,
  "mean_intvty": 63.36954020322971,
  "median_tpot": 0.015844737135089503,
  "median_intvty": 63.11243862704519,
  "std_tpot": 0.001379320172556219,
  "std_intvty": 724.9948343369433,
  "p99_tpot": 0.01929441817692399,
  "p99_intvty": 51.82846099997947,
  "mean_itl": 0.01579505748225138,
  "median_itl": 0.011761760571971536,
  "std_itl": 0.03311830539847068,
  "p99_itl": 0.25367472108919176,
  "mean_e2el": 15.039943775390565,
  "median_e2el": 14.96894789498765,
  "std_e2el": 1.9470273351017773,
  "p99_e2el": 20.376878931703978
}