{
  "hw": "mi325x",
  "tp": 2,
  "ep": 1,
  "conc": 8,
  "dp_attention": "false",
  "model": "openai/gpt-oss-120b",
  "framework": "vllm",
  "precision": "fp4",
  "tput_per_gpu": 4172.524157631917,
  "output_tput_per_gpu": 469.06209014664086,
  "mean_ttft": 0.4663069172471296,
  "median_ttft": 0.27297975635156035,
  "std_ttft": 0.4739200104111396,
  "p99_ttft": 2.36476337086409,
  "mean_tpot": 0.00789583931246005,
  "mean_intvty": 126.64898061209875,
  "median_tpot": 0.007871473680608546,
  "median_intvty": 127.04101424660925,
  "std_tpot": 0.0005458306708127753,
  "std_intvty": 1832.0700053570438,
  "p99_tpot": 0.009140642938634152,
  "p99_intvty": 109.40149469938991,
  "mean_itl": 0.007919995322113483,
  "median_itl": 0.006280063651502132,
  "std_itl": 0.020176646808051497,
  "p99_itl": 0.008067858358845086,
  "mean_e2el": 7.784283188334666,
  "median_e2el": 7.702523512765765,
  "std_e2el": 1.0078426571350605,
  "p99_e2el": 10.701711247926578
}