{
  "hw": "h100",
  "tp": 8,
  "conc": 8,
  "model": "nvidia/Llama-3.3-70B-Instruct-FP8",
  "framework": "vllm",
  "precision": "fp8",
  "tput_per_gpu": 734.5823862559112,
  "output_tput_per_gpu": 82.57944986414645,
  "input_tput_per_gpu": 652.0029363917647,
  "mean_ttft": 0.3731340012745932,
  "median_ttft": 0.28151318710297346,
  "std_ttft": 0.28266009978246703,
  "p99_ttft": 1.6718204750679426,
  "mean_tpot": 0.01150124797705117,
  "mean_intvty": 86.94708626362407,
  "median_tpot": 0.011588615957888806,
  "median_intvty": 86.29158163786266,
  "std_tpot": 0.0005424456286458116,
  "std_intvty": 1843.502735004889,
  "p99_tpot": 0.012365801113031337,
  "p99_intvty": 80.86819372714795,
  "mean_itl": 0.011519597743874791,
  "median_itl": 0.009848148562014103,
  "std_itl": 0.01973006477227883,
  "p99_itl": 0.010721121691167353,
  "mean_e2el": 11.02717781321844,
  "median_e2el": 11.087400149554014,
  "std_e2el": 1.0427695382503033,
  "p99_e2el": 13.268351749237626
}