{
  "hw": "mi300x",
  "tp": 1,
  "conc": 16,
  "model": "amd/Llama-3.3-70B-Instruct-FP8-KV",
  "framework": "vllm",
  "precision": "fp8",
  "tput_per_gpu": 2540.755238732844,
  "output_tput_per_gpu": 281.5319341111828,
  "input_tput_per_gpu": 2259.2233046216616,
  "mean_ttft": 3.1720266460797575,
  "median_ttft": 1.395624787954148,
  "std_ttft": 5.248415470076367,
  "p99_ttft": 20.065305485547288,
  "mean_tpot": 0.05200112218267679,
  "mean_intvty": 19.230354231338712,
  "median_tpot": 0.0534844799594419,
  "median_intvty": 18.69701268028249,
  "std_tpot": 0.005466647828487224,
  "std_intvty": 182.92745963786152,
  "p99_tpot": 0.05984459814562435,
  "p99_intvty": 16.709945943101246,
  "mean_itl": 0.05211683854379625,
  "median_itl": 0.03342633246211335,
  "std_itl": 0.1674410094070974,
  "p99_itl": 1.2620041575806682,
  "mean_e2el": 50.815285914982816,
  "median_e2el": 50.83973539998988,
  "std_e2el": 6.5888642652323135,
  "p99_e2el": 67.44406029946752
}