{
  "hw": "mi325x",
  "tp": 2,
  "conc": 16,
  "model": "amd/Llama-3.3-70B-Instruct-FP8-KV",
  "framework": "vllm",
  "precision": "fp8",
  "tput_per_gpu": 914.6495819183283,
  "output_tput_per_gpu": 454.90348989315174,
  "input_tput_per_gpu": 459.74609202517655,
  "mean_ttft": 0.381160742152133,
  "median_ttft": 0.20430901017971337,
  "std_ttft": 0.5422180215167987,
  "p99_ttft": 2.1282158416323362,
  "mean_tpot": 0.01679030608387867,
  "mean_intvty": 59.55817571188634,
  "median_tpot": 0.016959442069265845,
  "median_intvty": 58.96420388806393,
  "std_tpot": 0.0005951275435557227,
  "std_intvty": 1680.3120790297762,
  "p99_tpot": 0.01766533464156509,
  "p99_intvty": 56.60804169806563,
  "mean_itl": 0.01679813742503544,
  "median_itl": 0.014719726983457804,
  "std_itl": 0.01817573488485229,
  "p99_itl": 0.1470619607437402,
  "mean_e2el": 15.749671338018379,
  "median_e2el": 15.688870099838823,
  "std_e2el": 1.2538321743028837,
  "p99_e2el": 18.65265755971428
}