{
  "hw": "mi325x",
  "tp": 8,
  "ep": 1,
  "conc": 16,
  "dp_attention": "false",
  "model": "openai/gpt-oss-120b",
  "framework": "vllm",
  "precision": "fp4",
  "tput_per_gpu": 2519.1639339349877,
  "output_tput_per_gpu": 279.1394794161937,
  "mean_ttft": 0.30277231890941037,
  "median_ttft": 0.14053035085089505,
  "std_ttft": 0.45460725357931653,
  "p99_ttft": 2.1072151512792314,
  "mean_tpot": 0.006624187092838259,
  "mean_intvty": 150.96191970198882,
  "median_tpot": 0.006492815205074913,
  "median_intvty": 154.016396341972,
  "std_tpot": 0.0006644883555067511,
  "std_intvty": 1504.9172671165645,
  "p99_tpot": 0.008822235007385404,
  "p99_intvty": 113.34996167783615,
  "mean_itl": 0.006629115154936956,
  "median_itl": 0.005216833669692278,
  "std_itl": 0.014739450038301967,
  "p99_itl": 0.07874531934037794,
  "mean_e2el": 6.35867579759215,
  "median_e2el": 6.172639271942899,
  "std_e2el": 0.9945059133000088,
  "p99_e2el": 9.553681069114246
}