{
  "hw": "mi300x",
  "tp": 1,
  "conc": 8,
  "model": "amd/Llama-3.3-70B-Instruct-FP8-KV",
  "framework": "vllm",
  "precision": "fp8",
  "tput_per_gpu": 562.461150162799,
  "output_tput_per_gpu": 282.2730629831954,
  "input_tput_per_gpu": 280.18808717960354,
  "mean_ttft": 0.3564026494044811,
  "median_ttft": 0.25928142108023167,
  "std_ttft": 0.31998747295740687,
  "p99_ttft": 1.3869181953836232,
  "mean_tpot": 0.027331887949268184,
  "mean_intvty": 36.58730058663127,
  "median_tpot": 0.027470075156723,
  "median_intvty": 36.40324951041355,
  "std_tpot": 0.0004524779425525877,
  "std_intvty": 2210.052482025195,
  "p99_tpot": 0.02787058793307084,
  "p99_intvty": 35.8801185824076,
  "mean_itl": 0.027338156515627893,
  "median_itl": 0.02617243444547057,
  "std_itl": 0.015047593995681336,
  "p99_itl": 0.02668936513364315,
  "mean_e2el": 25.728262082405855,
  "median_e2el": 25.980291539337486,
  "std_e2el": 1.7343449604527776,
  "p99_e2el": 28.50291250124574
}