{
  "hw": "h200",
  "tp": 8,
  "conc": 4,
  "model": "openai/gpt-oss-120b",
  "framework": "vllm",
  "precision": "fp4",
  "tput_per_gpu": 886.131533225744,
  "output_tput_per_gpu": 98.57511925276482,
  "input_tput_per_gpu": 787.5564139729792,
  "mean_ttft": 0.1368749386863783,
  "median_ttft": 0.12240535346791148,
  "std_ttft": 0.049981261883936666,
  "p99_ttft": 0.3413347552716731,
  "mean_tpot": 0.004801247461928928,
  "mean_intvty": 208.27920408798184,
  "median_tpot": 0.004789080057043005,
  "median_intvty": 208.80836989337055,
  "std_tpot": 0.00010077140545033483,
  "std_intvty": 9923.449966100252,
  "p99_tpot": 0.0049973568236465855,
  "p99_intvty": 200.10578297474808,
  "mean_itl": 0.0048002741386920685,
  "median_itl": 0.004500534385442734,
  "std_itl": 0.004472130053056898,
  "p99_itl": 0.008963015126064417,
  "mean_e2el": 4.5485666615422815,
  "median_e2el": 4.486767236143351,
  "std_e2el": 0.31075592378793426,
  "p99_e2el": 5.132705945363268
}