{
  "hw": "h200",
  "tp": 1,
  "conc": 16,
  "model": "nvidia/Llama-3.3-70B-Instruct-FP8",
  "framework": "vllm",
  "precision": "fp8",
  "tput_per_gpu": 1264.730013377606,
  "output_tput_per_gpu": 629.0169571295537,
  "input_tput_per_gpu": 635.7130562480522,
  "mean_ttft": 0.3180473367334343,
  "median_ttft": 0.179212998598814,
  "std_ttft": 0.4197977085784838,
  "p99_ttft": 1.952508215168491,
  "mean_tpot": 0.02450772822350098,
  "mean_intvty": 40.803455582679376,
  "median_tpot": 0.02468749084746493,
  "median_intvty": 40.50634413106775,
  "std_tpot": 0.0005772128751891109,
  "std_intvty": 1732.463087682118,
  "p99_tpot": 0.025124455915504322,
  "p99_intvty": 39.801856938239176,
  "mean_itl": 0.024515646399301493,
  "median_itl": 0.02296793181449175,
  "std_itl": 0.01484864888435358,
  "p99_itl": 0.1256440165080129,
  "mean_e2el": 22.74725888213725,
  "median_e2el": 22.70238379901275,
  "std_e2el": 1.6764213807888733,
  "p99_e2el": 25.72853369532153
}