{
  "hw": "h200-trt",
  "tp": 8,
  "ep": 8,
  "conc": 4,
  "dp_attention": "false",
  "model": "deepseek-ai/DeepSeek-R1-0528",
  "framework": "trt",
  "precision": "fp8",
  "tput_per_gpu": 284.04785196894807,
  "output_tput_per_gpu": 31.59807526474478,
  "mean_ttft": 0.4662516671000049,
  "median_ttft": 0.3880100706592202,
  "std_ttft": 0.24262733817571577,
  "p99_ttft": 1.4249365150090307,
  "mean_tpot": 0.014980786293316473,
  "mean_intvty": 66.75217044155686,
  "median_tpot": 0.015076187581421058,
  "median_intvty": 66.32976636827847,
  "std_tpot": 0.0004143053829811861,
  "std_intvty": 2413.6785112575053,
  "p99_tpot": 0.015705677655383245,
  "p99_intvty": 63.671241823637075,
  "mean_itl": 0.14884268688365213,
  "median_itl": 0.14009167440235615,
  "std_itl": 0.057694244292257925,
  "p99_itl": 0.46114203504286566,
  "mean_e2el": 14.234199889982118,
  "median_e2el": 14.082990873139352,
  "std_e2el": 1.0127785037988815,
  "p99_e2el": 16.411503019360826
}