{
  "hw": "h200-trt",
  "tp": 8,
  "ep": 8,
  "conc": 64,
  "dp_attention": "true",
  "model": "deepseek-ai/DeepSeek-R1-0528",
  "framework": "trt",
  "precision": "fp8",
  "tput_per_gpu": 1317.4628926368832,
  "output_tput_per_gpu": 146.16100997346268,
  "mean_ttft": 4.8326654066037005,
  "median_ttft": 3.4564509534975514,
  "std_ttft": 3.316370233502046,
  "p99_ttft": 16.956339910215483,
  "mean_tpot": 0.048274806993502326,
  "mean_intvty": 20.714738437682364,
  "median_tpot": 0.049518613513417964,
  "median_intvty": 20.194426480237215,
  "std_tpot": 0.0045767752912633484,
  "std_intvty": 218.49444999165897,
  "p99_tpot": 0.053477683288015804,
  "p99_intvty": 18.699388950981298,
  "mean_itl": 0.48010703563622537,
  "median_itl": 0.3229677559575066,
  "std_itl": 0.42871407800677414,
  "p99_itl": 2.2074124000919984,
  "mean_e2el": 49.2973282441475,
  "median_e2el": 49.96318190754391,
  "std_e2el": 5.414305901564782,
  "p99_e2el": 61.04628239157377
}