{
  "hw": "h100",
  "tp": 4,
  "conc": 4,
  "model": "nvidia/Llama-3.3-70B-Instruct-FP8",
  "framework": "vllm",
  "precision": "fp8",
  "tput_per_gpu": 637.3903134282418,
  "output_tput_per_gpu": 70.90462736161291,
  "input_tput_per_gpu": 566.4856860666289,
  "mean_ttft": 0.4328164325328544,
  "median_ttft": 0.40501068346202374,
  "std_ttft": 0.15814220232989243,
  "p99_ttft": 1.080559100396931,
  "mean_tpot": 0.013312924921780975,
  "mean_intvty": 75.1149732966587,
  "median_tpot": 0.013383665592879908,
  "median_intvty": 74.7179457720461,
  "std_tpot": 0.0003918472542131345,
  "std_intvty": 2552.0148201831666,
  "p99_tpot": 0.014186531778644356,
  "p99_intvty": 70.48939202359144,
  "mean_itl": 0.013314374570499088,
  "median_itl": 0.012163739651441574,
  "std_itl": 0.020655025030988348,
  "p99_itl": 0.01267132293432951,
  "mean_e2el": 12.670390799781307,
  "median_e2el": 12.545584173407406,
  "std_e2el": 0.917812048579097,
  "p99_e2el": 14.52744991282001
}