{
  "hw": "h100",
  "tp": 2,
  "ep": 1,
  "conc": 32,
  "dp_attention": "false",
  "model": "openai/gpt-oss-120b",
  "framework": "vllm",
  "precision": "fp4",
  "tput_per_gpu": 7405.899663326446,
  "output_tput_per_gpu": 828.1856366846539,
  "mean_ttft": 0.5600507721828762,
  "median_ttft": 0.23478978034108877,
  "std_ttft": 1.0462421615888449,
  "p99_ttft": 5.622749672345818,
  "mean_tpot": 0.01834022553520598,
  "mean_intvty": 54.52495652686471,
  "median_tpot": 0.018699018445519234,
  "median_intvty": 53.4787429037285,
  "std_tpot": 0.001807039311442932,
  "std_intvty": 553.3913920231729,
  "p99_tpot": 0.021614653500716022,
  "p99_intvty": 46.264910051270235,
  "mean_itl": 0.018372476476947733,
  "median_itl": 0.012536387890577316,
  "std_itl": 0.032763887958349745,
  "p99_itl": 0.20765918081626294,
  "mean_e2el": 17.544429111559293,
  "median_e2el": 17.49683725880459,
  "std_e2el": 2.3454561928440634,
  "p99_e2el": 23.57430446748622
}