{
  "hw": "mi300x",
  "tp": 4,
  "conc": 64,
  "model": "amd/Llama-3.3-70B-Instruct-FP8-KV",
  "framework": "vllm",
  "precision": "fp8",
  "tput_per_gpu": 2447.5456442851405,
  "output_tput_per_gpu": 271.5338286369968,
  "input_tput_per_gpu": 2176.0118156481435,
  "mean_ttft": 2.5734036591413316,
  "median_ttft": 0.9499503565020859,
  "std_ttft": 5.504160232664942,
  "p99_ttft": 27.373605356607587,
  "mean_tpot": 0.05539970941367913,
  "mean_intvty": 18.05063619617259,
  "median_tpot": 0.057778318818894274,
  "median_intvty": 17.30753023698202,
  "std_tpot": 0.008334151460132541,
  "std_intvty": 119.98822013058265,
  "p99_tpot": 0.0693998046840425,
  "p99_intvty": 14.409262454739096,
  "mean_itl": 0.05553919450596288,
  "median_itl": 0.025062240660190582,
  "std_itl": 0.1526479207015219,
  "p99_itl": 0.5717090727575124,
  "mean_e2el": 53.71172431743471,
  "median_e2el": 54.212702554650605,
  "std_e2el": 9.444273129851506,
  "p99_e2el": 79.18869799596258
}