{
  "hw": "h100",
  "tp": 8,
  "ep": 1,
  "conc": 16,
  "dp_attention": "false",
  "model": "openai/gpt-oss-120b",
  "framework": "vllm",
  "precision": "fp4",
  "tput_per_gpu": 2377.3569185298425,
  "output_tput_per_gpu": 263.42635494480396,
  "mean_ttft": 0.18759058192372322,
  "median_ttft": 0.11802519066259265,
  "std_ttft": 0.22087571319967939,
  "p99_ttft": 1.2048807323258366,
  "mean_tpot": 0.007161361148635664,
  "mean_intvty": 139.63825859983524,
  "median_tpot": 0.007235177988652478,
  "median_intvty": 138.21360049032407,
  "std_tpot": 0.000375315728239785,
  "std_intvty": 2664.4233767925416,
  "p99_tpot": 0.007905553085654623,
  "p99_intvty": 126.49336348327039,
  "mean_itl": 0.007169863094156496,
  "median_itl": 0.005903460085391998,
  "std_itl": 0.010096298834642725,
  "p99_itl": 0.08589805681258439,
  "mean_e2el": 6.739993886044249,
  "median_e2el": 6.733209199272096,
  "std_e2el": 0.6127055331564993,
  "p99_e2el": 7.980479037445038
}