{
  "hw": "mi300x",
  "tp": 4,
  "conc": 16,
  "model": "amd/Llama-3.3-70B-Instruct-FP8-KV",
  "framework": "vllm",
  "precision": "fp8",
  "tput_per_gpu": 1552.5160468440367,
  "output_tput_per_gpu": 172.0287097094156,
  "input_tput_per_gpu": 1380.4873371346212,
  "mean_ttft": 1.1775537794761477,
  "median_ttft": 0.5660791274858639,
  "std_ttft": 1.7528572894148384,
  "p99_ttft": 6.801600669736509,
  "mean_tpot": 0.021362010499970628,
  "mean_intvty": 46.812073236335834,
  "median_tpot": 0.02184773038053074,
  "median_intvty": 45.771344784222265,
  "std_tpot": 0.0021959027242181607,
  "std_intvty": 455.3935786732286,
  "p99_tpot": 0.02458689800706774,
  "p99_intvty": 40.672068502197405,
  "mean_itl": 0.021411826668260053,
  "median_itl": 0.014407419483177364,
  "std_itl": 0.06261001392833697,
  "p99_itl": 0.474672326783184,
  "mean_e2el": 20.75144261938185,
  "median_e2el": 20.690124893502798,
  "std_e2el": 2.496989555667281,
  "p99_e2el": 26.429818714673164
}