{
  "hw": "h200-trt",
  "tp": 8,
  "ep": 8,
  "conc": 32,
  "dp_attention": "false",
  "model": "deepseek-ai/DeepSeek-R1-0528",
  "framework": "trt",
  "precision": "fp8",
  "tput_per_gpu": 947.3114015763407,
  "output_tput_per_gpu": 105.93577173860115,
  "mean_ttft": 0.990635338082211,
  "median_ttft": 0.4040220584720373,
  "std_ttft": 1.8824026936074174,
  "p99_ttft": 9.94779860640876,
  "mean_tpot": 0.035879439491825836,
  "mean_intvty": 27.871115440023054,
  "median_tpot": 0.036535910655952034,
  "median_intvty": 27.37033187476034,
  "std_tpot": 0.003018980476411884,
  "std_intvty": 331.2376505291346,
  "p99_tpot": 0.04170869370924779,
  "p99_intvty": 23.975816815818344,
  "mean_itl": 0.35719415102949975,
  "median_itl": 0.26519905868917704,
  "std_itl": 0.22427248108581724,
  "p99_itl": 1.1634867790713885,
  "mean_e2el": 34.20634253564058,
  "median_e2el": 34.19075237121433,
  "std_e2el": 4.179475808070469,
  "p99_e2el": 45.54353207296692
}