{
  "hw": "b200-nb_1",
  "tp": 4,
  "conc": 16,
  "model": "openai/gpt-oss-120b",
  "framework": "trt",
  "precision": "fp4",
  "tput_per_gpu": 2225.600603728814,
  "output_tput_per_gpu": 1106.9085929292494,
  "mean_ttft": 0.05546750808825891,
  "median_ttft": 0.03753436548868194,
  "std_ttft": 0.042451677791533686,
  "p99_ttft": 0.18432530973514075,
  "mean_tpot": 0.0034811025774101516,
  "mean_intvty": 287.2653068281526,
  "median_tpot": 0.003521744994097311,
  "median_intvty": 283.9501445096307,
  "std_tpot": 0.00012973956285416426,
  "std_intvty": 7707.749109067565,
  "p99_tpot": 0.003612409218869344,
  "p99_intvty": 276.8235654965448,
  "mean_itl": 0.06887047191873667,
  "median_itl": 0.06388697400689125,
  "std_itl": 0.01483627458308014,
  "p99_itl": 0.1278866615309379,
  "mean_e2el": 3.2420179483204263,
  "median_e2el": 3.2339132059714757,
  "std_e2el": 0.25795719610094076,
  "p99_e2el": 3.6943860754178606
}