{
  "hw": "h200",
  "tp": 8,
  "conc": 32,
  "model": "nvidia/Llama-3.3-70B-Instruct-FP8",
  "framework": "vllm",
  "precision": "fp8",
  "tput_per_gpu": 397.7447230499983,
  "output_tput_per_gpu": 353.814975450127,
  "input_tput_per_gpu": 43.92974759987129,
  "mean_ttft": 0.13337442550982814,
  "median_ttft": 0.07737218076363206,
  "std_ttft": 0.18337123367854694,
  "p99_ttft": 0.878585951961577,
  "mean_tpot": 0.010993302838749209,
  "mean_intvty": 90.96447306765704,
  "median_tpot": 0.011026984423060646,
  "median_intvty": 90.68662488619354,
  "std_tpot": 0.00011733972425488523,
  "std_intvty": 8522.263081407973,
  "p99_tpot": 0.01110541977591268,
  "p99_intvty": 90.04612344046372,
  "mean_itl": 0.010994341323987094,
  "median_itl": 0.010834017768502235,
  "std_itl": 0.0026158310471008986,
  "p99_itl": 0.01530132871121169,
  "mean_e2el": 81.65610597062623,
  "median_e2el": 81.76958985347301,
  "std_e2el": 5.222291016882594,
  "p99_e2el": 90.3156998495292
}