{
  "hw": "mi300x",
  "tp": 4,
  "ep": 1,
  "conc": 32,
  "dp_attention": "false",
  "model": "amd/Llama-3.3-70B-Instruct-FP8-KV",
  "framework": "vllm",
  "precision": "fp8",
  "tput_per_gpu": 2008.3027496405598,
  "output_tput_per_gpu": 224.58412441136704,
  "mean_ttft": 1.6750930024019908,
  "median_ttft": 0.5917402771301568,
  "std_ttft": 3.100431770335165,
  "p99_ttft": 13.873865751884878,
  "mean_tpot": 0.03312335853428179,
  "mean_intvty": 30.190175279630136,
  "median_tpot": 0.03424911241778645,
  "median_intvty": 29.197836948343053,
  "std_tpot": 0.004256273311339286,
  "std_intvty": 234.94731819403265,
  "p99_tpot": 0.039264830943703796,
  "p99_intvty": 25.468083676044763,
  "mean_itl": 0.03320117904810424,
  "median_itl": 0.01833983976393938,
  "std_itl": 0.09758914726016964,
  "p99_itl": 0.5295586889237165,
  "mean_e2el": 32.3678190689825,
  "median_e2el": 32.47011893149465,
  "std_e2el": 5.127906265683963,
  "p99_e2el": 46.54234705483541
}