{
  "hw": "mi325x",
  "tp": 8,
  "conc": 64,
  "model": "amd/Llama-3.3-70B-Instruct-FP8-KV",
  "framework": "vllm",
  "precision": "fp8",
  "tput_per_gpu": 1990.7236725064981,
  "output_tput_per_gpu": 220.85341771506435,
  "input_tput_per_gpu": 1769.8702547914338,
  "mean_ttft": 1.7458676171605476,
  "median_ttft": 0.6717559164389968,
  "std_ttft": 3.52533218048402,
  "p99_ttft": 17.541181924804114,
  "mean_tpot": 0.033843224031554674,
  "mean_intvty": 29.54801230129913,
  "median_tpot": 0.03520386917503572,
  "median_intvty": 28.405968532263906,
  "std_tpot": 0.005062019477334617,
  "std_intvty": 197.54961522323998,
  "p99_tpot": 0.04252032170252719,
  "p99_intvty": 23.518166372211738,
  "mean_itl": 0.03394173856938769,
  "median_itl": 0.014668967109173536,
  "std_itl": 0.1000195213399101,
  "p99_itl": 0.36029431780800225,
  "mean_e2el": 32.984888842147484,
  "median_e2el": 33.25885131279938,
  "std_e2el": 5.873477852322305,
  "p99_e2el": 49.05629908161704
}