{
  "hw": "h100",
  "tp": 8,
  "conc": 16,
  "model": "nvidia/Llama-3.3-70B-Instruct-FP8",
  "framework": "vllm",
  "precision": "fp8",
  "tput_per_gpu": 1087.916752870329,
  "output_tput_per_gpu": 120.54813581346573,
  "input_tput_per_gpu": 967.3686170568633,
  "mean_ttft": 0.4777675198507495,
  "median_ttft": 0.2814637189731002,
  "std_ttft": 0.6262528253656565,
  "p99_ttft": 3.4023090417217454,
  "mean_tpot": 0.015617544012116558,
  "mean_intvty": 64.03055430637302,
  "median_tpot": 0.015781496002983966,
  "median_intvty": 63.365348875095236,
  "std_tpot": 0.0010385227597462362,
  "std_intvty": 962.9061959550609,
  "p99_tpot": 0.01784488726397743,
  "p99_intvty": 56.03845993572901,
  "mean_itl": 0.015635669401785204,
  "median_itl": 0.011997983790934086,
  "std_itl": 0.029264113052772725,
  "p99_itl": 0.24031974137760698,
  "mean_e2el": 14.771310006757266,
  "median_e2el": 14.79139003297314,
  "std_e2el": 1.5356256112152533,
  "p99_e2el": 18.03801233430393
}