{
  "hw": "mi300x",
  "tp": 2,
  "conc": 16,
  "model": "amd/Llama-3.3-70B-Instruct-FP8-KV",
  "framework": "vllm",
  "precision": "fp8",
  "tput_per_gpu": 1930.0677677926421,
  "output_tput_per_gpu": 213.86385565549978,
  "input_tput_per_gpu": 1716.2039121371424,
  "mean_ttft": 2.140233527723467,
  "median_ttft": 0.9514552450273186,
  "std_ttft": 3.3450715050573785,
  "p99_ttft": 12.494441145285965,
  "mean_tpot": 0.03415714716928815,
  "mean_intvty": 29.276449670806638,
  "median_tpot": 0.035160776532486164,
  "median_intvty": 28.44078255996616,
  "std_tpot": 0.0037270041088763107,
  "std_intvty": 268.31201973144573,
  "p99_tpot": 0.03926279856824121,
  "p99_intvty": 25.469401990332834,
  "mean_itl": 0.03424037557337171,
  "median_itl": 0.022055571665987372,
  "std_itl": 0.10834194843199357,
  "p99_itl": 0.8204010326415301,
  "mean_e2el": 33.44150069967727,
  "median_e2el": 33.39131165272556,
  "std_e2el": 4.303693011105899,
  "p99_e2el": 43.966662430670105
}