{
  "hw": "b200-nb_1",
  "tp": 1,
  "conc": 32,
  "model": "openai/gpt-oss-120b",
  "framework": "trt",
  "precision": "fp4",
  "tput_per_gpu": 27296.635077099836,
  "output_tput_per_gpu": 3052.5232758179886,
  "mean_ttft": 0.23558738885385538,
  "median_ttft": 0.10881685349158943,
  "std_ttft": 0.38767334656366226,
  "p99_ttft": 2.0214914258994394,
  "mean_tpot": 0.009996934168592328,
  "mean_intvty": 100.03066771628149,
  "median_tpot": 0.010133232141991192,
  "median_intvty": 98.6851959954703,
  "std_tpot": 0.0006862849743000762,
  "std_intvty": 1457.1206385800206,
  "p99_tpot": 0.011288276271150212,
  "p99_intvty": 88.5874845706718,
  "mean_itl": 0.1979221526377063,
  "median_itl": 0.16256173548754305,
  "std_itl": 0.08619238512858113,
  "p99_itl": 0.45847681061772166,
  "mean_e2el": 9.48721084627923,
  "median_e2el": 9.534143739467254,
  "std_e2el": 1.0090973664583185,
  "p99_e2el": 12.065579261381645
}