{
  "hw": "mi300x",
  "tp": 4,
  "conc": 32,
  "model": "amd/Llama-3.3-70B-Instruct-FP8-KV",
  "framework": "vllm",
  "precision": "fp8",
  "tput_per_gpu": 2141.950403552252,
  "output_tput_per_gpu": 239.52965059697965,
  "input_tput_per_gpu": 1902.4207529552723,
  "mean_ttft": 1.6251900445015053,
  "median_ttft": 0.5616917205043137,
  "std_ttft": 3.0511052592045433,
  "p99_ttft": 13.474359670332634,
  "mean_tpot": 0.03101216755401589,
  "mean_intvty": 32.245408137249214,
  "median_tpot": 0.03198182093089027,
  "median_intvty": 31.267763088315288,
  "std_tpot": 0.003998916154937822,
  "std_intvty": 250.0677586763628,
  "p99_tpot": 0.03781304214210861,
  "p99_intvty": 26.44590181984855,
  "mean_itl": 0.031493902656231476,
  "median_itl": 0.016716621816158295,
  "std_itl": 0.09276506450878765,
  "p99_itl": 0.5069904913706705,
  "mean_e2el": 30.359242454542255,
  "median_e2el": 30.34001963213086,
  "std_e2el": 4.863564882293494,
  "p99_e2el": 43.87906215369236
}