{
  "hw": "mi325x",
  "tp": 4,
  "conc": 4,
  "model": "amd/Llama-3.3-70B-Instruct-FP8-KV",
  "framework": "vllm",
  "precision": "fp8",
  "tput_per_gpu": 608.2182563305569,
  "output_tput_per_gpu": 67.65946690920839,
  "input_tput_per_gpu": 540.5587894213485,
  "mean_ttft": 0.8245029299287125,
  "median_ttft": 0.7033915237989277,
  "std_ttft": 0.42287772966522474,
  "p99_ttft": 2.302129028397612,
  "mean_tpot": 0.013576836708103496,
  "mean_intvty": 73.6548594860199,
  "median_tpot": 0.01372411519441875,
  "median_intvty": 72.86444232169332,
  "std_tpot": 0.000687844858795832,
  "std_intvty": 1453.816201738629,
  "p99_tpot": 0.014934140204054829,
  "p99_intvty": 66.96066772752582,
  "mean_itl": 0.013581601608070643,
  "median_itl": 0.011642297729849815,
  "std_itl": 0.0357418371259744,
  "p99_itl": 0.012720168232917786,
  "mean_e2el": 13.306673440337182,
  "median_e2el": 13.096319995354861,
  "std_e2el": 1.0557349710123685,
  "p99_e2el": 15.753261363543569
}