{
  "hw": "b200-trt",
  "tp": 1,
  "ep": 1,
  "conc": 64,
  "dp_attention": "false",
  "model": "openai/gpt-oss-120b",
  "framework": "trt",
  "precision": "fp4",
  "tput_per_gpu": 31133.172132051157,
  "output_tput_per_gpu": 3453.9537378472855,
  "mean_ttft": 0.47206608600536126,
  "median_ttft": 0.15745961098582484,
  "std_ttft": 0.9969346721461875,
  "p99_ttft": 5.245639606954649,
  "mean_tpot": 0.017701482548557964,
  "mean_intvty": 56.49244334517416,
  "median_tpot": 0.018081474362824326,
  "median_intvty": 55.30522455934285,
  "std_tpot": 0.001579445297026613,
  "std_intvty": 633.1336716013852,
  "p99_tpot": 0.020218900941984218,
  "p99_intvty": 49.45867250002281,
  "mean_itl": 0.3505752618581196,
  "median_itl": 0.2483672109665349,
  "std_itl": 0.20380536504371072,
  "p99_itl": 1.0195850859559141,
  "mean_e2el": 16.792987650930446,
  "median_e2el": 16.955096834979486,
  "std_e2el": 2.124034225205027,
  "p99_e2el": 22.275144898598665
}