{
  "hw": "h100",
  "tp": 8,
  "conc": 4,
  "model": "nvidia/Llama-3.3-70B-Instruct-FP8",
  "framework": "vllm",
  "precision": "fp8",
  "tput_per_gpu": 109.34608038427407,
  "output_tput_per_gpu": 54.40700035005919,
  "input_tput_per_gpu": 54.93908003421488,
  "mean_ttft": 0.06588438819162548,
  "median_ttft": 0.06233076937496662,
  "std_ttft": 0.02597620489747531,
  "p99_ttft": 0.15537805871106683,
  "mean_tpot": 0.008828298835098634,
  "mean_intvty": 113.27210583587222,
  "median_tpot": 0.008839310434536018,
  "median_intvty": 113.13099674527845,
  "std_tpot": 5.605191913686606e-05,
  "std_intvty": 17840.602345090578,
  "p99_tpot": 0.008894909713418468,
  "p99_intvty": 112.42385051884722,
  "mean_itl": 0.008828528646420652,
  "median_itl": 0.008708213455975056,
  "std_itl": 0.00211375904387311,
  "p99_itl": 0.00907240953296423,
  "mean_e2el": 8.159217167808674,
  "median_e2el": 8.228575565852225,
  "std_e2el": 0.5622403190665244,
  "p99_e2el": 9.076867107693106
}