{
  "hw": "b200",
  "tp": 4,
  "conc": 8,
  "model": "nvidia/Llama-3.3-70B-Instruct-FP8",
  "framework": "vllm",
  "precision": "fp8",
  "tput_per_gpu": 469.018949862729,
  "output_tput_per_gpu": 235.37877333678045,
  "input_tput_per_gpu": 233.64017652594856,
  "mean_ttft": 0.11064927207771688,
  "median_ttft": 0.09791977156419307,
  "std_ttft": 0.04598410992679885,
  "p99_ttft": 0.28264914778526873,
  "mean_tpot": 0.00818725012329515,
  "mean_intvty": 122.14113224105661,
  "median_tpot": 0.008228823683121195,
  "median_intvty": 121.52405234434427,
  "std_tpot": 0.00013167668322813057,
  "std_intvty": 7594.358966860478,
  "p99_tpot": 0.008323117715837974,
  "p99_intvty": 120.14728544534586,
  "mean_itl": 0.008189944580010784,
  "median_itl": 0.007744300994090736,
  "std_itl": 0.005447511098071681,
  "p99_itl": 0.00831998217618093,
  "mean_e2el": 7.711531950320932,
  "median_e2el": 7.760180993471295,
  "std_e2el": 0.5326870738082441,
  "p99_e2el": 8.55593359212624
}