{
  "hw": "mi300x",
  "tp": 8,
  "ep": 1,
  "conc": 32,
  "dp_attention": "false",
  "model": "amd/Llama-3.3-70B-Instruct-FP8-KV",
  "framework": "vllm",
  "precision": "fp8",
  "tput_per_gpu": 1501.1098714552477,
  "output_tput_per_gpu": 167.86584900427704,
  "mean_ttft": 1.0879959680431057,
  "median_ttft": 0.3974016353022307,
  "std_ttft": 1.9199817216139183,
  "p99_ttft": 8.601593916788698,
  "mean_tpot": 0.0221479897331403,
  "mean_intvty": 45.150824614284886,
  "median_tpot": 0.022926544432582303,
  "median_intvty": 43.617563167471474,
  "std_tpot": 0.0026632729778442864,
  "std_intvty": 375.47784561289046,
  "p99_tpot": 0.025867528838933836,
  "p99_intvty": 38.6585052722499,
  "mean_itl": 0.022197185963374475,
  "median_itl": 0.012966848211362958,
  "std_itl": 0.06113143718468167,
  "p99_itl": 0.33625428662169765,
  "mean_e2el": 21.605964651107207,
  "median_e2el": 21.776160622015595,
  "std_e2el": 3.1424915576073493,
  "p99_e2el": 29.955532106510365
}