{
  "hw": "h200-trt",
  "tp": 1,
  "conc": 8,
  "model": "nvidia/Llama-3.3-70B-Instruct-FP8",
  "framework": "trt",
  "precision": "fp8",
  "tput_per_gpu": 2292.3628856482783,
  "output_tput_per_gpu": 257.7002519086725,
  "input_tput_per_gpu": 2034.6626337396058,
  "mean_ttft": 1.4424869167138241,
  "median_ttft": 0.9886062995065004,
  "std_ttft": 1.334456659186547,
  "p99_ttft": 6.948605449970342,
  "mean_tpot": 0.028990598029261138,
  "mean_intvty": 34.493941759692845,
  "median_tpot": 0.029361157708146984,
  "median_intvty": 34.058602523105726,
  "std_tpot": 0.0019490123331940882,
  "std_intvty": 513.0803858799477,
  "p99_tpot": 0.032190338620026446,
  "p99_intvty": 31.06522151891481,
  "mean_itl": 0.2888378291577745,
  "median_itl": 0.22756364499218762,
  "std_itl": 0.2696807910772892,
  "p99_itl": 1.2371436374704354,
  "mean_e2el": 28.315236156641912,
  "median_e2el": 28.3553303644876,
  "std_e2el": 3.22061823296103,
  "p99_e2el": 36.275205516464766
}