{
  "hw": "mi300x",
  "tp": 8,
  "conc": 32,
  "model": "amd/Llama-3.3-70B-Instruct-FP8-KV",
  "framework": "vllm",
  "precision": "fp8",
  "tput_per_gpu": 1532.0199994666575,
  "output_tput_per_gpu": 171.32246132835425,
  "input_tput_per_gpu": 1360.6975381383033,
  "mean_ttft": 1.0924420679803006,
  "median_ttft": 0.41667129658162594,
  "std_ttft": 1.8824392025747778,
  "p99_ttft": 8.295445823790505,
  "mean_tpot": 0.021674005394819423,
  "mean_intvty": 46.138218653346954,
  "median_tpot": 0.02250227309459671,
  "median_intvty": 44.43995483461278,
  "std_tpot": 0.002655746465930608,
  "std_intvty": 376.54196770232244,
  "p99_tpot": 0.02533480483662051,
  "p99_intvty": 39.47139148885558,
  "mean_itl": 0.0217359801893624,
  "median_itl": 0.012646821793168783,
  "std_itl": 0.06353707674027781,
  "p99_itl": 0.3293583504855633,
  "mean_e2el": 21.169423214611015,
  "median_e2el": 21.294510246254504,
  "std_e2el": 3.051116772288234,
  "p99_e2el": 29.057776846950876
}