{
  "hw": "h100",
  "tp": 2,
  "conc": 16,
  "model": "nvidia/Llama-3.3-70B-Instruct-FP8",
  "framework": "vllm",
  "precision": "fp8",
  "tput_per_gpu": 788.2725037463999,
  "output_tput_per_gpu": 392.04950183104023,
  "input_tput_per_gpu": 396.2230019153597,
  "mean_ttft": 0.19095966096501799,
  "median_ttft": 0.1109840190038085,
  "std_ttft": 0.250340106010677,
  "p99_ttft": 1.1962372004520148,
  "mean_tpot": 0.019726130654596923,
  "mean_intvty": 50.694179082047334,
  "median_tpot": 0.019834429261174666,
  "median_intvty": 50.41738216069931,
  "std_tpot": 0.000361481455412958,
  "std_intvty": 2766.3936421236203,
  "p99_tpot": 0.020110174984559328,
  "p99_intvty": 49.72607154178439,
  "mean_itl": 0.01973193858196275,
  "median_itl": 0.01862760167568922,
  "std_itl": 0.00985836550107882,
  "p99_itl": 0.08966404166072603,
  "mean_e2el": 18.243586822442012,
  "median_e2el": 18.217425535432994,
  "std_e2el": 1.3168512628686044,
  "p99_e2el": 20.653660033484922
}