{
  "hw": "b200-nb_1",
  "tp": 2,
  "conc": 64,
  "model": "openai/gpt-oss-120b",
  "framework": "trt",
  "precision": "fp4",
  "tput_per_gpu": 8904.908514082408,
  "output_tput_per_gpu": 4451.450728084485,
  "mean_ttft": 0.07177301365682069,
  "median_ttft": 0.040207821992225945,
  "std_ttft": 0.08198882670070848,
  "p99_ttft": 0.39301620235550216,
  "mean_tpot": 0.006932945686903882,
  "mean_intvty": 144.23883370224127,
  "median_tpot": 0.007011214954253454,
  "median_intvty": 142.62863234471732,
  "std_tpot": 0.00028175056559697566,
  "std_intvty": 3549.238660377455,
  "p99_tpot": 0.007232263413790515,
  "p99_intvty": 138.2693000497182,
  "mean_itl": 0.137199026861175,
  "median_itl": 0.12485551298595965,
  "std_itl": 0.027441380057717776,
  "p99_itl": 0.22726964666973815,
  "mean_e2el": 6.459030678597719,
  "median_e2el": 6.498354349547299,
  "std_e2el": 0.514256645952459,
  "p99_e2el": 7.39071796084696
}