{
  "hw": "b200-trt",
  "tp": 2,
  "ep": 1,
  "conc": 8,
  "dp_attention": "false",
  "model": "openai/gpt-oss-120b",
  "framework": "trt",
  "precision": "fp4",
  "tput_per_gpu": 7880.3597875863925,
  "output_tput_per_gpu": 885.8853522302104,
  "mean_ttft": 0.11710336815085612,
  "median_ttft": 0.08871009398717433,
  "std_ttft": 0.08256358449987419,
  "p99_ttft": 0.4583871159056432,
  "mean_tpot": 0.004317688133552718,
  "mean_intvty": 231.605426114269,
  "median_tpot": 0.00433908575552634,
  "median_intvty": 230.4632948833476,
  "std_tpot": 0.00013474072188489214,
  "std_intvty": 7421.661291486114,
  "p99_tpot": 0.00447655694519342,
  "p99_intvty": 223.3859665459461,
  "mean_itl": 0.08539018570052141,
  "median_itl": 0.07861302449600771,
  "std_itl": 0.025449602008479885,
  "p99_itl": 0.18932381042744964,
  "mean_e2el": 4.113363880835095,
  "median_e2el": 4.119137294503162,
  "std_e2el": 0.33095896750466186,
  "p99_e2el": 4.725016084626549
}