{
  "hw": "h200",
  "tp": 8,
  "conc": 32,
  "model": "nvidia/Llama-3.3-70B-Instruct-FP8",
  "framework": "vllm",
  "precision": "fp8",
  "tput_per_gpu": 696.097989355856,
  "output_tput_per_gpu": 348.6003517151762,
  "input_tput_per_gpu": 347.49763764067984,
  "mean_ttft": 0.12748062776227015,
  "median_ttft": 0.07003139285370708,
  "std_ttft": 0.1780568200273072,
  "p99_ttft": 0.9395143492519855,
  "mean_tpot": 0.011027008870631046,
  "mean_intvty": 90.6864238282573,
  "median_tpot": 0.011103361480924806,
  "median_intvty": 90.06281581645034,
  "std_tpot": 0.00030637867754214506,
  "std_intvty": 3263.9347098899902,
  "p99_tpot": 0.011395969526544628,
  "p99_intvty": 87.75032239869547,
  "mean_itl": 0.011031111474855304,
  "median_itl": 0.009987217374145985,
  "std_itl": 0.00663554648411858,
  "p99_itl": 0.04408380892127753,
  "mean_e2el": 10.305783656402491,
  "median_e2el": 10.310262951999903,
  "std_e2el": 0.7673015615146399,
  "p99_e2el": 11.955412425510586
}