{
  "hw": "mi325x",
  "tp": 2,
  "ep": 1,
  "conc": 4,
  "dp_attention": "false",
  "model": "openai/gpt-oss-120b",
  "framework": "vllm",
  "precision": "fp4",
  "tput_per_gpu": 2661.981392966165,
  "output_tput_per_gpu": 296.1243601218652,
  "mean_ttft": 0.3735873220080975,
  "median_ttft": 0.24893903092015535,
  "std_ttft": 0.28552688188727127,
  "p99_ttft": 1.338548830617219,
  "mean_tpot": 0.00621620234373753,
  "mean_intvty": 160.8699242243044,
  "median_tpot": 0.006215096656416243,
  "median_intvty": 160.89854354358846,
  "std_tpot": 0.0003097301466980258,
  "std_intvty": 3228.61694497875,
  "p99_tpot": 0.006875114053675925,
  "p99_intvty": 145.45213245812684,
  "mean_itl": 0.00621427073990517,
  "median_itl": 0.0055327999871224165,
  "std_itl": 0.013560944514028615,
  "p99_itl": 0.006163329258561135,
  "mean_e2el": 6.085278612084221,
  "median_e2el": 6.100018105586059,
  "std_e2el": 0.5396840470711377,
  "p99_e2el": 7.313510632067919
}