{
  "hw": "b200-nb_1",
  "tp": 2,
  "conc": 16,
  "model": "openai/gpt-oss-120b",
  "framework": "trt",
  "precision": "fp4",
  "tput_per_gpu": 3566.8658648065357,
  "output_tput_per_gpu": 1773.9905663960963,
  "mean_ttft": 0.04709143353393301,
  "median_ttft": 0.035933977691456676,
  "std_ttft": 0.030984391585895374,
  "p99_ttft": 0.14250071965157984,
  "mean_tpot": 0.004369142066128094,
  "mean_intvty": 228.8778860620098,
  "median_tpot": 0.004367445388477451,
  "median_intvty": 228.96680119648002,
  "std_tpot": 0.00014782256085094705,
  "std_intvty": 6764.867245185418,
  "p99_tpot": 0.0046462609724352046,
  "p99_intvty": 215.22682559862295,
  "mean_itl": 0.0864253107464769,
  "median_itl": 0.08351170364767313,
  "std_itl": 0.013160775971431221,
  "p99_itl": 0.12273709353990853,
  "mean_e2el": 4.045882355855428,
  "median_e2el": 4.046564696589485,
  "std_e2el": 0.31939805281637274,
  "p99_e2el": 4.63706111100968
}