{
  "hw": "b200",
  "tp": 2,
  "conc": 64,
  "model": "nvidia/Llama-3.3-70B-Instruct-FP8",
  "framework": "vllm",
  "precision": "fp8",
  "tput_per_gpu": 3910.896593340578,
  "output_tput_per_gpu": 1955.007562442425,
  "input_tput_per_gpu": 1955.889030898153,
  "mean_ttft": 0.2608563473091635,
  "median_ttft": 0.09626348200254142,
  "std_ttft": 0.49202533390703634,
  "p99_ttft": 2.590290148644708,
  "mean_tpot": 0.015553852052415945,
  "mean_intvty": 64.29275504421892,
  "median_tpot": 0.015183663894807794,
  "median_intvty": 65.86025658418059,
  "std_tpot": 0.0014568071232777988,
  "std_intvty": 686.4326677302427,
  "p99_tpot": 0.018103042229541084,
  "p99_intvty": 55.23933421357047,
  "mean_itl": 0.015569529965246059,
  "median_itl": 0.012023946037515998,
  "std_itl": 0.03257039440024003,
  "p99_itl": 0.06559819052927197,
  "mean_e2el": 14.597498368659581,
  "median_e2el": 14.575523660052568,
  "std_e2el": 1.7054979493686055,
  "p99_e2el": 18.072268291369546
}