{
  "hw": "b200-nb_1",
  "tp": 1,
  "conc": 32,
  "model": "openai/gpt-oss-120b",
  "framework": "trt",
  "precision": "fp4",
  "tput_per_gpu": 7495.800145285034,
  "output_tput_per_gpu": 3753.837257095144,
  "mean_ttft": 0.07023810554110241,
  "median_ttft": 0.04647199498140253,
  "std_ttft": 0.06921001577272323,
  "p99_ttft": 0.31222206572943834,
  "mean_tpot": 0.008274863011990163,
  "mean_intvty": 120.84792202010036,
  "median_tpot": 0.00835253457502302,
  "median_intvty": 119.72413774740274,
  "std_tpot": 0.0003185674710828924,
  "std_intvty": 3139.0524481383613,
  "p99_tpot": 0.008677052276310606,
  "p99_intvty": 115.24651092976816,
  "mean_itl": 0.16367003768964025,
  "median_itl": 0.16018603596603498,
  "std_itl": 0.02096585489341069,
  "p99_itl": 0.21399092191713867,
  "mean_e2el": 7.70697958976034,
  "median_e2el": 7.742316830990603,
  "std_e2el": 0.5874324020057959,
  "p99_e2el": 8.722518287771964
}