{
  "hw": "b200-trt",
  "tp": 2,
  "ep": 1,
  "conc": 16,
  "dp_attention": "false",
  "model": "nvidia/Llama-3.3-70B-Instruct-FP4",
  "framework": "trt",
  "precision": "fp4",
  "tput_per_gpu": 4963.1340152312905,
  "output_tput_per_gpu": 549.9469989316777,
  "mean_ttft": 0.4539449636533391,
  "median_ttft": 0.24616211745887995,
  "std_ttft": 0.6360817344951141,
  "p99_ttft": 3.4103411582438277,
  "mean_tpot": 0.013603010287594221,
  "mean_intvty": 73.51314002254249,
  "median_tpot": 0.013734541776449484,
  "median_intvty": 72.80912725568264,
  "std_tpot": 0.0008406880570603427,
  "std_intvty": 1189.5018510156167,
  "p99_tpot": 0.01511589680531619,
  "p99_intvty": 66.15551911205856,
  "mean_itl": 0.13539029727911484,
  "median_itl": 0.10611494909971952,
  "std_itl": 0.09823888505736907,
  "p99_itl": 0.5077314900746569,
  "mean_e2el": 12.903082610416458,
  "median_e2el": 12.891492683207616,
  "std_e2el": 1.3174879883019752,
  "p99_e2el": 16.054622719609178
}