{
  "hw": "mi300x",
  "tp": 4,
  "conc": 64,
  "model": "amd/Llama-3.3-70B-Instruct-FP8-KV",
  "framework": "vllm",
  "precision": "fp8",
  "tput_per_gpu": 1390.8664292747153,
  "output_tput_per_gpu": 695.2764724614556,
  "input_tput_per_gpu": 695.5899568132597,
  "mean_ttft": 0.5191338666292722,
  "median_ttft": 0.14097770600346848,
  "std_ttft": 1.0586274319591924,
  "p99_ttft": 3.750530746359145,
  "mean_tpot": 0.021858852545039033,
  "mean_intvty": 45.748055527596975,
  "median_tpot": 0.02237986142716862,
  "median_intvty": 44.683029126624696,
  "std_tpot": 0.0015207696065924455,
  "std_intvty": 657.5618000682416,
  "p99_tpot": 0.02360387555210588,
  "p99_intvty": 42.36592409549382,
  "mean_itl": 0.021881317723751594,
  "median_itl": 0.017284314963035285,
  "std_itl": 0.021160425585099077,
  "p99_itl": 0.10641479284968228,
  "mean_e2el": 20.66775879804918,
  "median_e2el": 20.841065554472152,
  "std_e2el": 2.0272603858486105,
  "p99_e2el": 24.95676993728732
}