{
  "hw": "mi325x",
  "tp": 2,
  "ep": 1,
  "conc": 4,
  "dp_attention": "false",
  "model": "openai/gpt-oss-120b",
  "framework": "vllm",
  "precision": "fp4",
  "tput_per_gpu": 2629.615618457838,
  "output_tput_per_gpu": 292.5239238861155,
  "mean_ttft": 0.37950056811096144,
  "median_ttft": 0.26586148352362216,
  "std_ttft": 0.27699325199182423,
  "p99_ttft": 1.3603459676308556,
  "mean_tpot": 0.006285859322510442,
  "mean_intvty": 159.0872383062847,
  "median_tpot": 0.006260156628705601,
  "median_intvty": 159.74041215112024,
  "std_tpot": 0.00033385282141111246,
  "std_intvty": 2995.3318823943137,
  "p99_tpot": 0.007017956331865696,
  "p99_intvty": 142.491624728328,
  "mean_itl": 0.006285502331152277,
  "median_itl": 0.005589915905147791,
  "std_itl": 0.0141135676958755,
  "p99_itl": 0.006570278815925122,
  "mean_e2el": 6.1566624789615165,
  "median_e2el": 6.148735926486552,
  "std_e2el": 0.54389757876281,
  "p99_e2el": 7.402630004147068
}