{
  "hw": "h100",
  "tp": 2,
  "conc": 4,
  "model": "nvidia/Llama-3.3-70B-Instruct-FP8",
  "framework": "vllm",
  "precision": "fp8",
  "tput_per_gpu": 220.97812352304197,
  "output_tput_per_gpu": 109.95142031266312,
  "input_tput_per_gpu": 111.02670321037886,
  "mean_ttft": 0.12160672915633768,
  "median_ttft": 0.1082569039426744,
  "std_ttft": 0.04694408076996807,
  "p99_ttft": 0.2621142870187759,
  "mean_tpot": 0.01747459383341223,
  "mean_intvty": 57.22593666743508,
  "median_tpot": 0.01750012571192428,
  "median_intvty": 57.14244665788987,
  "std_tpot": 9.192215047228356e-05,
  "std_intvty": 10878.770730037704,
  "p99_tpot": 0.017587975301900937,
  "p99_intvty": 56.85702776100205,
  "mean_itl": 0.017475527012054005,
  "median_itl": 0.017262832261621952,
  "std_itl": 0.00389475860938938,
  "p99_itl": 0.017621035426855086,
  "mean_e2el": 16.14185907780193,
  "median_e2el": 16.273347538430244,
  "std_e2el": 1.1085297228926652,
  "p99_e2el": 17.954389645243065
}