{
  "hw": "mi300x",
  "tp": 8,
  "conc": 16,
  "model": "amd/Llama-3.3-70B-Instruct-FP8-KV",
  "framework": "vllm",
  "precision": "fp8",
  "tput_per_gpu": 1088.5261296218005,
  "output_tput_per_gpu": 120.61565865581936,
  "input_tput_per_gpu": 967.9104709659811,
  "mean_ttft": 0.7487660828657681,
  "median_ttft": 0.3678135313093662,
  "std_ttft": 1.1035423193822793,
  "p99_ttft": 4.428485314063728,
  "mean_tpot": 0.015313940732911225,
  "mean_intvty": 65.29997846020768,
  "median_tpot": 0.015628780806574503,
  "median_intvty": 63.98451756258131,
  "std_tpot": 0.001377082723568873,
  "std_intvty": 726.1727875057364,
  "p99_tpot": 0.017138082964004105,
  "p99_intvty": 58.34958332856396,
  "mean_itl": 0.01534517644019178,
  "median_itl": 0.010895015439018607,
  "std_itl": 0.03991871196489319,
  "p99_itl": 0.29743060283362865,
  "mean_e2el": 14.776750796037959,
  "median_e2el": 14.728138437727466,
  "std_e2el": 1.6626929566323587,
  "p99_e2el": 18.452464093808082
}