{
  "hw": "h200",
  "tp": 4,
  "conc": 8,
  "model": "nvidia/Llama-3.3-70B-Instruct-FP8",
  "framework": "vllm",
  "precision": "fp8",
  "tput_per_gpu": 376.96185666047734,
  "output_tput_per_gpu": 189.17960445194655,
  "input_tput_per_gpu": 187.7822522085308,
  "mean_ttft": 0.10342953943181783,
  "median_ttft": 0.07547648623585701,
  "std_ttft": 0.08551694336926417,
  "p99_ttft": 0.3793323894031346,
  "mean_tpot": 0.01021869643026074,
  "mean_intvty": 97.85984022763303,
  "median_tpot": 0.010246712110601706,
  "median_intvty": 97.59228025596184,
  "std_tpot": 0.00010139143337049905,
  "std_intvty": 9862.766180115577,
  "p99_tpot": 0.010375506901329483,
  "p99_intvty": 96.3808331978328,
  "mean_itl": 0.010220798710746217,
  "median_itl": 0.009910041000694036,
  "std_itl": 0.003889087025685162,
  "p99_itl": 0.011289617139846088,
  "mean_e2el": 9.589097172801848,
  "median_e2el": 9.645408108830452,
  "std_e2el": 0.6389540739910003,
  "p99_e2el": 10.605087192915379
}