{
  "hw": "mi325x",
  "tp": 1,
  "conc": 64,
  "model": "amd/Llama-3.3-70B-Instruct-FP8-KV",
  "framework": "vllm",
  "precision": "fp8",
  "tput_per_gpu": 4574.969088714924,
  "output_tput_per_gpu": 507.5528930196946,
  "input_tput_per_gpu": 4067.416195695229,
  "mean_ttft": 5.712184674331366,
  "median_ttft": 1.343080216087401,
  "std_ttft": 12.926646163572421,
  "p99_ttft": 64.09720377300866,
  "mean_tpot": 0.11847808756895742,
  "mean_intvty": 8.440379318394832,
  "median_tpot": 0.12329117059761621,
  "median_intvty": 8.1108808940073,
  "std_tpot": 0.018619058560261147,
  "std_intvty": 53.70840833673032,
  "p99_tpot": 0.1519642320493888,
  "p99_intvty": 6.580495860861503,
  "mean_itl": 0.11878537137947368,
  "median_itl": 0.04993247799575329,
  "std_itl": 0.3423245816691327,
  "p99_itl": 1.2567583924811334,
  "mean_e2el": 115.08511440039183,
  "median_e2el": 116.1129994338844,
  "std_e2el": 21.44135663990019,
  "p99_e2el": 174.9203002064326
}