{
  "hw": "mi300x",
  "tp": 1,
  "conc": 16,
  "model": "amd/Llama-3.3-70B-Instruct-FP8-KV",
  "framework": "vllm",
  "precision": "fp8",
  "tput_per_gpu": 1109.0611964907116,
  "output_tput_per_gpu": 551.594642103875,
  "input_tput_per_gpu": 557.4665543868366,
  "mean_ttft": 0.4677444564906182,
  "median_ttft": 0.27621182543225586,
  "std_ttft": 0.5934233545971115,
  "p99_ttft": 2.377404131400399,
  "mean_tpot": 0.027851034171783272,
  "mean_intvty": 35.9053094341872,
  "median_tpot": 0.028107117085927738,
  "median_intvty": 35.57817747522265,
  "std_tpot": 0.0008273113585451241,
  "std_intvty": 1208.7347643317253,
  "p99_tpot": 0.028876329182175964,
  "p99_intvty": 34.63044051379128,
  "mean_itl": 0.02786220156060047,
  "median_itl": 0.02505804505199194,
  "std_itl": 0.02416444031488914,
  "p99_itl": 0.20409175625070927,
  "mean_e2el": 25.95869837968494,
  "median_e2el": 25.97241408401169,
  "std_e2el": 1.97707762954859,
  "p99_e2el": 29.846462396080607
}