{
  "hw": "mi325x",
  "tp": 8,
  "ep": 1,
  "conc": 8,
  "dp_attention": "false",
  "model": "openai/gpt-oss-120b",
  "framework": "vllm",
  "precision": "fp4",
  "tput_per_gpu": 1528.3454299512637,
  "output_tput_per_gpu": 171.81180378015375,
  "mean_ttft": 0.26426222120644527,
  "median_ttft": 0.13547639385797083,
  "std_ttft": 0.3218516985977468,
  "p99_ttft": 1.3982524147629696,
  "mean_tpot": 0.0054376237989142585,
  "mean_intvty": 183.9038589244942,
  "median_tpot": 0.0053385283509556365,
  "median_intvty": 187.31754038938325,
  "std_tpot": 0.0003949197546046339,
  "std_intvty": 2532.159985263665,
  "p99_tpot": 0.006661956351815347,
  "p99_intvty": 150.10605701844707,
  "mean_itl": 0.005453377649949021,
  "median_itl": 0.004719861317425966,
  "std_itl": 0.012194999330127972,
  "p99_itl": 0.006457033054903166,
  "mean_e2el": 5.301205926481634,
  "median_e2el": 5.219248299952596,
  "std_e2el": 0.7652834657800116,
  "p99_e2el": 7.679767926293425
}