{
  "hw": "mi300x",
  "tp": 2,
  "conc": 32,
  "model": "amd/Llama-3.3-70B-Instruct-FP8-KV",
  "framework": "vllm",
  "precision": "fp8",
  "tput_per_gpu": 2460.471189019444,
  "output_tput_per_gpu": 275.14913661509786,
  "input_tput_per_gpu": 2185.3220524043463,
  "mean_ttft": 2.856071771500865,
  "median_ttft": 1.0013864482752979,
  "std_ttft": 5.5045272315629665,
  "p99_ttft": 24.47552601598203,
  "mean_tpot": 0.05401844220789358,
  "mean_intvty": 18.512196189431627,
  "median_tpot": 0.05595382483589734,
  "median_intvty": 17.871879231363057,
  "std_tpot": 0.00748068521714612,
  "std_intvty": 133.6775938262912,
  "p99_tpot": 0.06540209442439436,
  "p99_intvty": 15.290030216937662,
  "mean_itl": 0.0541491325790266,
  "median_itl": 0.028194647282361984,
  "std_itl": 0.1712052044138935,
  "p99_itl": 0.927528943233192,
  "mean_e2el": 52.91406802064157,
  "median_e2el": 53.016635737381876,
  "std_e2el": 8.697342410060266,
  "p99_e2el": 76.6376627638936
}