{
  "hw": "mi300x",
  "tp": 8,
  "conc": 64,
  "model": "amd/Llama-3.3-70B-Instruct-FP8-KV",
  "framework": "vllm",
  "precision": "fp8",
  "tput_per_gpu": 1888.1237530228566,
  "output_tput_per_gpu": 209.47085207413727,
  "input_tput_per_gpu": 1678.6529009487194,
  "mean_ttft": 1.5531051200363435,
  "median_ttft": 0.6303454174194485,
  "std_ttft": 3.2411618790534185,
  "p99_ttft": 16.379518264001234,
  "mean_tpot": 0.03598357273825628,
  "mean_intvty": 27.79045892062965,
  "median_tpot": 0.03742737145547628,
  "median_intvty": 26.718413853604524,
  "std_tpot": 0.0051951906337926144,
  "std_intvty": 192.48571813619395,
  "p99_tpot": 0.04435495320678707,
  "p99_intvty": 22.545396347007824,
  "mean_itl": 0.03607086185119606,
  "median_itl": 0.017001576256006956,
  "std_itl": 0.09418016955446384,
  "p99_itl": 0.35708216635510326,
  "mean_e2el": 34.76574551728481,
  "median_e2el": 35.12105301604606,
  "std_e2el": 5.84935916813256,
  "p99_e2el": 49.94786094016396
}