{
  "hw": "b200-nb_1",
  "tp": 4,
  "conc": 64,
  "model": "openai/gpt-oss-120b",
  "framework": "trt",
  "precision": "fp4",
  "tput_per_gpu": 5487.256156007845,
  "output_tput_per_gpu": 2743.0096976537166,
  "mean_ttft": 0.08241858793981009,
  "median_ttft": 0.05028277452220209,
  "std_ttft": 0.09677955497690154,
  "p99_ttft": 0.4256663842475973,
  "mean_tpot": 0.005601263455847725,
  "mean_intvty": 178.53114888855995,
  "median_tpot": 0.0057186437508289015,
  "median_intvty": 174.86663684113088,
  "std_tpot": 0.0004107509077081763,
  "std_intvty": 2434.5655267801963,
  "p99_tpot": 0.006159008116983467,
  "p99_intvty": 162.36380615289332,
  "mean_itl": 0.1108882398698472,
  "median_itl": 0.08983665599953383,
  "std_itl": 0.03692376413401268,
  "p99_itl": 0.23388082677614877,
  "mean_e2el": 5.244785784661872,
  "median_e2el": 5.2962737964699045,
  "std_e2el": 0.5164400857136541,
  "p99_e2el": 6.206079571439768
}