{
  "hw": "b200-nb_1",
  "tp": 2,
  "conc": 32,
  "model": "openai/gpt-oss-120b",
  "framework": "trt",
  "precision": "fp4",
  "tput_per_gpu": 5664.148693336882,
  "output_tput_per_gpu": 2836.560738368812,
  "mean_ttft": 0.05859538944205269,
  "median_ttft": 0.03549551893956959,
  "std_ttft": 0.05420712152725438,
  "p99_ttft": 0.23407121356111021,
  "mean_tpot": 0.005446829529777206,
  "mean_intvty": 183.59304151765943,
  "median_tpot": 0.005481617315144015,
  "median_intvty": 182.4279117838651,
  "std_tpot": 0.00021467721935698478,
  "std_intvty": 4658.1561052228335,
  "p99_tpot": 0.0057331692495770645,
  "p99_intvty": 174.4235965253895,
  "mean_itl": 0.10775711493948119,
  "median_itl": 0.10135230096057057,
  "std_itl": 0.01865056490949747,
  "p99_itl": 0.16605139733292176,
  "mean_e2el": 5.086474859544251,
  "median_e2el": 5.1100331246852875,
  "std_e2el": 0.3933914219264219,
  "p99_e2el": 5.761773412898183
}