{
  "hw": "mi325x",
  "tp": 4,
  "conc": 32,
  "model": "amd/Llama-3.3-70B-Instruct-FP8-KV",
  "framework": "vllm",
  "precision": "fp8",
  "tput_per_gpu": 923.6593920899087,
  "output_tput_per_gpu": 462.56129721840466,
  "input_tput_per_gpu": 461.09809487150403,
  "mean_ttft": 0.3485689447596087,
  "median_ttft": 0.1349896895699203,
  "std_ttft": 0.6196434030369894,
  "p99_ttft": 2.275978820994496,
  "mean_tpot": 0.01644971587950549,
  "mean_intvty": 60.79132352953818,
  "median_tpot": 0.016642283393321546,
  "median_intvty": 60.08790839370602,
  "std_tpot": 0.0006695932786767419,
  "std_intvty": 1493.4439037025757,
  "p99_tpot": 0.017304133928875465,
  "p99_intvty": 57.78965905547556,
  "mean_itl": 0.016459510978824685,
  "median_itl": 0.014240911230444908,
  "std_itl": 0.01386197985373181,
  "p99_itl": 0.09267320614308122,
  "mean_e2el": 15.535605083094561,
  "median_e2el": 15.510663881432265,
  "std_e2el": 1.2577513758598036,
  "p99_e2el": 18.679750043917448
}