{
  "hw": "mi300x",
  "tp": 8,
  "ep": 1,
  "conc": 16,
  "dp_attention": "false",
  "model": "amd/Llama-3.3-70B-Instruct-FP8-KV",
  "framework": "vllm",
  "precision": "fp8",
  "tput_per_gpu": 1112.2891582469524,
  "output_tput_per_gpu": 123.24875424377335,
  "mean_ttft": 0.8057029178657104,
  "median_ttft": 0.38672819873318076,
  "std_ttft": 1.125933090672215,
  "p99_ttft": 4.2842148556187745,
  "mean_tpot": 0.014910045497963023,
  "mean_intvty": 67.06887649247064,
  "median_tpot": 0.015278648303834918,
  "median_intvty": 65.45081607441684,
  "std_tpot": 0.0013376387117856135,
  "std_intvty": 747.5860194454901,
  "p99_tpot": 0.016626480772913524,
  "p99_intvty": 60.145018880310296,
  "mean_itl": 0.014947458141410014,
  "median_itl": 0.010584492236375809,
  "std_itl": 0.037986150273235736,
  "p99_itl": 0.29635714624077075,
  "mean_e2el": 14.461793725873576,
  "median_e2el": 14.502521662972867,
  "std_e2el": 1.6243246889963656,
  "p99_e2el": 17.770167163461444
}