{
  "hw": "mi300x",
  "tp": 8,
  "ep": 1,
  "conc": 4,
  "dp_attention": "false",
  "model": "amd/Llama-3.3-70B-Instruct-FP8-KV",
  "framework": "vllm",
  "precision": "fp8",
  "tput_per_gpu": 442.9049878887213,
  "output_tput_per_gpu": 49.26967426590013,
  "mean_ttft": 0.4570620376500301,
  "median_ttft": 0.39493182278238237,
  "std_ttft": 0.21312098857361592,
  "p99_ttft": 1.1913685113936663,
  "mean_tpot": 0.009438469591161397,
  "mean_intvty": 105.94937985883269,
  "median_tpot": 0.009492984397006634,
  "median_intvty": 105.34095055663676,
  "std_tpot": 0.0003243543745405461,
  "std_intvty": 3083.047674064881,
  "p99_tpot": 0.009972234586393918,
  "p99_intvty": 100.27842720069947,
  "mean_itl": 0.009435437240760824,
  "median_itl": 0.008388030342757702,
  "std_itl": 0.019570187078567905,
  "p99_itl": 0.008900087382644415,
  "mean_e2el": 9.129408074996899,
  "median_e2el": 9.064574315678328,
  "std_e2el": 0.6895236017372735,
  "p99_e2el": 10.578660500459373
}