{
  "hw": "mi325x",
  "tp": 8,
  "ep": 1,
  "conc": 8,
  "dp_attention": "false",
  "model": "openai/gpt-oss-120b",
  "framework": "vllm",
  "precision": "fp4",
  "tput_per_gpu": 1544.2345234925658,
  "output_tput_per_gpu": 173.59800588359434,
  "mean_ttft": 0.24154590858670416,
  "median_ttft": 0.11191008007153869,
  "std_ttft": 0.3218796027842314,
  "p99_ttft": 1.3765251361718358,
  "mean_tpot": 0.005397679730284023,
  "mean_intvty": 185.26478968165463,
  "median_tpot": 0.005297766609427056,
  "median_intvty": 188.75878718789917,
  "std_tpot": 0.000410492775711874,
  "std_intvty": 2436.096465439145,
  "p99_tpot": 0.006667147824871508,
  "p99_intvty": 149.9891747216918,
  "mean_itl": 0.005410594026628755,
  "median_itl": 0.0047175411600619555,
  "std_itl": 0.011924608735229913,
  "p99_itl": 0.005583410058170532,
  "mean_e2el": 5.2437075522495435,
  "median_e2el": 5.113241785438731,
  "std_e2el": 0.7603861733571585,
  "p99_e2el": 7.626665068855509
}