{
  "hw": "h200-trt",
  "tp": 2,
  "conc": 128,
  "model": "nvidia/Llama-3.3-70B-Instruct-FP8",
  "framework": "trt",
  "precision": "fp8",
  "tput_per_gpu": 5090.583126888424,
  "output_tput_per_gpu": 563.8609855551291,
  "input_tput_per_gpu": 4526.7221413332945,
  "mean_ttft": 4.657745341588452,
  "median_ttft": 1.1691067200154066,
  "std_ttft": 12.332837434522752,
  "p99_ttft": 64.00034003379758,
  "mean_tpot": 0.10740443858721846,
  "mean_intvty": 9.31060217951741,
  "median_tpot": 0.11112000294086341,
  "median_intvty": 8.99927981942357,
  "std_tpot": 0.017303377028872833,
  "std_intvty": 57.792186943125365,
  "p99_tpot": 0.1346648818733403,
  "p99_intvty": 7.425840992015682,
  "mean_itl": 1.070624906374356,
  "median_itl": 0.3703035591170192,
  "std_itl": 1.156985794573352,
  "p99_itl": 5.096313365828246,
  "mean_e2el": 103.64370918520508,
  "median_e2el": 103.57815275155008,
  "std_e2el": 21.52292183697964,
  "p99_e2el": 168.00846048993995
}