{
  "hw": "h200-trt",
  "tp": 8,
  "ep": 8,
  "conc": 32,
  "dp_attention": "false",
  "model": "deepseek-ai/DeepSeek-R1-0528",
  "framework": "trt",
  "precision": "fp8",
  "tput_per_gpu": 945.9833862830029,
  "output_tput_per_gpu": 105.78726267944036,
  "mean_ttft": 1.0049957838113186,
  "median_ttft": 0.4071879982948303,
  "std_ttft": 1.8997536461481688,
  "p99_ttft": 10.031283946502954,
  "mean_tpot": 0.035912084242162134,
  "mean_intvty": 27.845780079396295,
  "median_tpot": 0.036596307768681016,
  "median_intvty": 27.325160951231158,
  "std_tpot": 0.0029636359012701493,
  "std_intvty": 337.4233655259143,
  "p99_tpot": 0.04111937139824791,
  "p99_intvty": 24.319437919291975,
  "mean_itl": 0.3574861647055674,
  "median_itl": 0.26452450547367334,
  "std_itl": 0.22303206375222298,
  "p99_itl": 1.1631664988771078,
  "mean_e2el": 34.24785751666059,
  "median_e2el": 34.141157432459295,
  "std_e2el": 4.146810964689448,
  "p99_e2el": 45.28474731103517
}