{
  "hw": "h200",
  "tp": 1,
  "conc": 8,
  "model": "nvidia/Llama-3.3-70B-Instruct-FP8",
  "framework": "vllm",
  "precision": "fp8",
  "tput_per_gpu": 682.3938122640619,
  "output_tput_per_gpu": 342.46168200737776,
  "input_tput_per_gpu": 339.93213025668416,
  "mean_ttft": 0.2557825332012726,
  "median_ttft": 0.17763245099922642,
  "std_ttft": 0.2518065686218802,
  "p99_ttft": 1.0674604106997139,
  "mean_tpot": 0.022557403648425144,
  "mean_intvty": 44.331343074131475,
  "median_tpot": 0.022625304072896965,
  "median_intvty": 44.19830101633454,
  "std_tpot": 0.0003127600264728358,
  "std_intvty": 3197.339542644057,
  "p99_tpot": 0.0229337343225846,
  "p99_intvty": 43.60388874895196,
  "mean_itl": 0.022562492238091484,
  "median_itl": 0.02175978501327336,
  "std_itl": 0.009659297386758527,
  "p99_itl": 0.023284531111130494,
  "mean_e2el": 21.195467346654915,
  "median_e2el": 21.28574474900961,
  "std_e2el": 1.4251484591494628,
  "p99_e2el": 23.397242417623055
}