{
  "hw": "b200-nb_1",
  "tp": 1,
  "conc": 64,
  "model": "openai/gpt-oss-120b",
  "framework": "trt",
  "precision": "fp4",
  "tput_per_gpu": 11627.270921447533,
  "output_tput_per_gpu": 5812.3251381035125,
  "mean_ttft": 0.08525143265796942,
  "median_ttft": 0.04512075800448656,
  "std_ttft": 0.11583310126071132,
  "p99_ttft": 0.5469064263394102,
  "mean_tpot": 0.010679737407197777,
  "mean_intvty": 93.63526104359404,
  "median_tpot": 0.010811027331416602,
  "median_intvty": 92.49814743267021,
  "std_tpot": 0.00043661679541731423,
  "std_intvty": 2290.3379130072385,
  "p99_tpot": 0.011094984597297387,
  "p99_intvty": 90.13081462443749,
  "mean_itl": 0.21129969768940385,
  "median_itl": 0.2015771958976984,
  "std_itl": 0.031506356041263166,
  "p99_itl": 0.3024682148266584,
  "mean_e2el": 9.92224267610436,
  "median_e2el": 9.984091596445069,
  "std_e2el": 0.7643999280323518,
  "p99_e2el": 11.235815295907669
}