{
  "hw": "h100",
  "tp": 4,
  "ep": 1,
  "conc": 16,
  "dp_attention": "false",
  "model": "openai/gpt-oss-120b",
  "framework": "vllm",
  "precision": "fp4",
  "tput_per_gpu": 3915.207877151855,
  "output_tput_per_gpu": 433.8300790640622,
  "mean_ttft": 0.25697851192671806,
  "median_ttft": 0.15369836799800396,
  "std_ttft": 0.3176844539615635,
  "p99_ttft": 1.7131264587398614,
  "mean_tpot": 0.008690674049558103,
  "mean_intvty": 115.06587340608492,
  "median_tpot": 0.008799093890498107,
  "median_intvty": 113.64806563547093,
  "std_tpot": 0.000541536859112964,
  "std_intvty": 1846.5963732145535,
  "p99_tpot": 0.009778573812315146,
  "p99_intvty": 102.26440165953433,
  "mean_itl": 0.00869907067361299,
  "median_itl": 0.006936369463801384,
  "std_itl": 0.014260604210698264,
  "p99_itl": 0.11977145909331767,
  "mean_e2el": 8.209342575195478,
  "median_e2el": 8.196218562312424,
  "std_e2el": 0.8073508712127299,
  "p99_e2el": 9.852957300888374
}