{
  "hw": "mi300x",
  "tp": 2,
  "conc": 16,
  "model": "amd/Llama-3.3-70B-Instruct-FP8-KV",
  "framework": "vllm",
  "precision": "fp8",
  "tput_per_gpu": 845.1159568113019,
  "output_tput_per_gpu": 420.3207498455727,
  "input_tput_per_gpu": 424.79520696572916,
  "mean_ttft": 0.3224009557830868,
  "median_ttft": 0.17534042056649923,
  "std_ttft": 0.44543055101251494,
  "p99_ttft": 1.7058267391147093,
  "mean_tpot": 0.018264460569679997,
  "mean_intvty": 54.751137937249275,
  "median_tpot": 0.018423204944778514,
  "median_intvty": 54.27937229148715,
  "std_tpot": 0.0005390014915192561,
  "std_intvty": 1855.2824356410424,
  "p99_tpot": 0.01897607125426036,
  "p99_intvty": 52.697947146224365,
  "mean_itl": 0.018375193654052126,
  "median_itl": 0.016508919652551413,
  "std_itl": 0.015490729692757867,
  "p99_itl": 0.1319178857002407,
  "mean_e2el": 17.038658979753382,
  "median_e2el": 17.017136909533292,
  "std_e2el": 1.3008341721952272,
  "p99_e2el": 19.78763186321594
}