{
  "hw": "b200",
  "tp": 8,
  "conc": 64,
  "model": "nvidia/Llama-3.3-70B-Instruct-FP8",
  "framework": "vllm",
  "precision": "fp8",
  "tput_per_gpu": 1245.231768547774,
  "output_tput_per_gpu": 622.4755542373023,
  "input_tput_per_gpu": 622.7562143104717,
  "mean_ttft": 0.2352936159073579,
  "median_ttft": 0.09220382291823626,
  "std_ttft": 0.39970681511451006,
  "p99_ttft": 1.8156573202763684,
  "mean_tpot": 0.012265206075111054,
  "mean_intvty": 81.53144707688456,
  "median_tpot": 0.011778907062524897,
  "median_intvty": 84.89752017668458,
  "std_tpot": 0.00175365636745637,
  "std_intvty": 570.2371448349784,
  "p99_tpot": 0.0152426132789906,
  "p99_intvty": 65.60554818892723,
  "mean_itl": 0.012278720429962737,
  "median_itl": 0.008564976043999195,
  "std_itl": 0.038703224236611634,
  "p99_itl": 0.0671719491481781,
  "mean_e2el": 11.541711934168053,
  "median_e2el": 11.33837157592643,
  "std_e2el": 1.7654645499735588,
  "p99_e2el": 15.233074542435352
}