{
  "hw": "mi300x",
  "tp": 8,
  "conc": 16,
  "model": "amd/Llama-3.3-70B-Instruct-FP8-KV",
  "framework": "vllm",
  "precision": "fp8",
  "tput_per_gpu": 368.7666630783543,
  "output_tput_per_gpu": 183.40711602224798,
  "input_tput_per_gpu": 185.35954705610635,
  "mean_ttft": 0.18954312531277537,
  "median_ttft": 0.11761082848533988,
  "std_ttft": 0.2042542262973411,
  "p99_ttft": 0.8417885727062822,
  "mean_tpot": 0.010463339460375485,
  "mean_intvty": 95.57178220079598,
  "median_tpot": 0.010558409594470852,
  "median_intvty": 94.71123383238252,
  "std_tpot": 0.00034084054598419424,
  "std_intvty": 2933.9232429417975,
  "p99_tpot": 0.01086007347598445,
  "p99_intvty": 92.08040831504148,
  "mean_itl": 0.010468940981411469,
  "median_itl": 0.0093598123639822,
  "std_itl": 0.009492726516029186,
  "p99_itl": 0.08857666421681641,
  "mean_e2el": 9.7675114433805,
  "median_e2el": 9.816110911779106,
  "std_e2el": 0.7564655637388378,
  "p99_e2el": 11.168292089533061
}