{
  "hw": "mi325x",
  "tp": 1,
  "ep": 1,
  "conc": 4,
  "dp_attention": "false",
  "model": "openai/gpt-oss-120b",
  "framework": "vllm",
  "precision": "fp4",
  "tput_per_gpu": 4235.161139219724,
  "output_tput_per_gpu": 471.12815501951593,
  "mean_ttft": 0.4340662101982161,
  "median_ttft": 0.30313456640578806,
  "std_ttft": 0.3033365502606794,
  "p99_ttft": 1.4689509908435865,
  "mean_tpot": 0.007855221933239998,
  "mean_intvty": 127.30385067395999,
  "median_tpot": 0.007790740267185335,
  "median_intvty": 128.3575072078848,
  "std_tpot": 0.00035796384431422193,
  "std_intvty": 2793.5782227274226,
  "p99_tpot": 0.008636451139933152,
  "p99_intvty": 115.78830051804592,
  "mean_itl": 0.007851944381922613,
  "median_itl": 0.00710852537304163,
  "std_itl": 0.015392245835977637,
  "p99_itl": 0.00816768446937204,
  "mean_e2el": 7.650984175736085,
  "median_e2el": 7.517142029013485,
  "std_e2el": 0.6512469176209855,
  "p99_e2el": 9.183768596155568
}