{
  "hw": "b200-nb_1",
  "tp": 1,
  "conc": 16,
  "model": "openai/gpt-oss-120b",
  "framework": "trt",
  "precision": "fp4",
  "tput_per_gpu": 5053.370548614454,
  "output_tput_per_gpu": 2513.307766966488,
  "mean_ttft": 0.05192053173159365,
  "median_ttft": 0.03974322899011895,
  "std_ttft": 0.03350293749883189,
  "p99_ttft": 0.15758741821045988,
  "mean_tpot": 0.006184322132755283,
  "mean_intvty": 161.69920947414698,
  "median_tpot": 0.0062661134984166415,
  "median_intvty": 159.58855521092715,
  "std_tpot": 0.00027124186643327764,
  "std_intvty": 3686.7464936353713,
  "p99_tpot": 0.0065534567713366266,
  "p99_intvty": 152.59122550007186,
  "mean_itl": 0.12236404505417853,
  "median_itl": 0.12181440799031407,
  "std_itl": 0.015334670004153188,
  "p99_itl": 0.16091545228613532,
  "mean_e2el": 5.713551712767003,
  "median_e2el": 5.759407531993929,
  "std_e2el": 0.4872931124376947,
  "p99_e2el": 6.656255635007401
}