{
  "hw": "b200-nb_1",
  "tp": 1,
  "conc": 64,
  "model": "openai/gpt-oss-120b",
  "framework": "trt",
  "precision": "fp4",
  "tput_per_gpu": 37024.09192660815,
  "output_tput_per_gpu": 4107.499876912947,
  "mean_ttft": 0.36877081875209117,
  "median_ttft": 0.15265421650838107,
  "std_ttft": 0.7649198801380992,
  "p99_ttft": 4.018609919970624,
  "mean_tpot": 0.01492460299389759,
  "mean_intvty": 67.00345733879035,
  "median_tpot": 0.015199421472654195,
  "median_intvty": 65.79197779330843,
  "std_tpot": 0.0012869668565529278,
  "std_intvty": 777.0207872162666,
  "p99_tpot": 0.016846916030511094,
  "p99_intvty": 59.35804500888597,
  "mean_itl": 0.2955279754547746,
  "median_itl": 0.2206742290291004,
  "std_itl": 0.15469639802411062,
  "p99_itl": 0.7981171154358891,
  "mean_e2el": 14.12698318688199,
  "median_e2el": 14.204252853000071,
  "std_e2el": 1.7056084829986267,
  "p99_e2el": 18.36126243529434
}